input,actual_output,expected_output,context,source_file
Which websites list both support orgs and shelter options for UMs across Dutch cities?,,"You can find information about both support organizations and shelter options for undocumented migrants (UMs) across Dutch cities on the following websites:

- Stichting LOS: https://www.stichtinglos.nl/content/organisaties (support organizations) and https://www.stichtinglos.nl/noodopvang (shelters)
- Helpful Information by the Red Cross: https://helpfulinformation.redcross.nl/ (local organizations and shelter options)","Q: What are relevant websites with information about / for UM? A: 
* On the website of **LOS** you can find information about support organizations: https://www.stichtinglos.nl/content/organisaties and shelters in the Netherlands: https://www.stichtinglos.nl/noodopvang. 
* On the website **Helpful Information** from the Red Cross you can find information about local organizations in different cities: https://helpfulinformation.redcross.nl/|Q: Why is somebody that is undocumented often in a vulnerable position? A: Undocumented migrants are regarded as a vulnerable group within society. They do not have a residence permit and, because of their limited rights, they quickly find themselves in unsafe or unhealthy situations. Because of their vulnerable position, they are easy prey for exploitation at the hands of bad employers, slum landlords or human traffickers.

Also, they are not entitled to social benefits and cannot take out health insurance (the 1998 Dutch Benefit Entitlement (Residence Status) Act; Koppelingswet). They have only a very limited right to assistance and facilities from the government and other agencies. As a result, they can easily get into trouble. The Red Cross provides help to everyone, including undocumented migrants.|Q: When is somebody undocumented? A: An undocumented migrant is a person who has no right of residence in a country. They have no documents confirming a right of residence, such as a visa. Their work, residence or study visa has expired, or they may never have had one. 

They are mainly migrants who:
- have had their residence application rejected, for example asylum seekers whose application for asylum has been rejected;
- have not applied for a residence permit, either for regular residence or asylum;
- are victims of human trafficking;
- do not have a work permit, for example domestic workers.

EU citizens do not need to apply for a residence permit to be in the Netherlands legally. Migrants from the EU can therefore never be undocumented.""
|Q: What is a Dublin claim? A: When somebody asks asylum in the Netherlands, their finger prints will be checked in an EU database. If their fingerprint is registered in another EU country, that country is responsible for proceeding the asylum procedure. In that case somebody gets a Dublin claim and has to return to the EU country where the fingerprint was taken. They cannot get asylum in the Netherlands. This is because according to the EU’s Dublin Regulation, somebody's asylum procedure must be carried out in the first country of arrival. 

The Dublin claim ends after 18 months. So if somebody is capable of staying under the radar for 18 months, then he/ she can request asylum in the Netherlands.

It is very hard for people with a Dublin Claim to get support. For example often local shelter programs do not provide shelter to people with a Dublin claim.|Q: Where can I find information about the programs of the Red Cross for Undocumented Migrants? A: As Red Cross we provide workshops to UM about health care, working rights, healthy habits, clear communication and first aid. We also have a [website](https://helpfulinformation.redcross.nl) with information about local aid organizations and we help people through our WhatsApp Helpline. Besides that people that are UM can also be in our food program or shelter program. This is always through the connection with a partner organization. For more information on our programs, you can have a look at our website: https://www.rodekruis.nl/wat-doen-wij/hulp-in-nederland/ondersteuning-ongedocumenteerde-migranten/|Q: Where can I find information about the shelter rights for Undocumented Migrants? A: You can find information about different shelter rights on the website of Stichting Los: https://www.stichtinglos.nl/content/opvang-en-onderdak

In general people have the right to rent a house, but not from social corperate housing. There is no general right for shelter for people who are undocumented and most homeless shelters refuse people without residence permit. This means that housing is a very big challenge for people that are undocumented.

In some cities there are BBB (Bed, Bad, Brood) shelters for undocumeted migrants or municipality shelter programs for undocumented migrants. They often work with criteria, for example that they have a rejected asylum request and that there is a perspective on a new asylum request. You can find information on this on helpful information https://helpfulinformation.redcross.nl/ or on the website of LOS: https://www.stichtinglos.nl/noodopvang|Q: What is our role on the helpdesk with regard to shelter questions from UM? A: What is our role on the helpdesk with regard to shelter questions from UM? 
The Red Cross doesn’t have shelters ourselves. Therefore we cannot always help somebody. The Red Cross 
does have a shelter program, but this is only for 10 days and when there is a partner organization involved. 
Our goal on the helpdesk is to get a good understanding of the situation in order to: 
• make a right referral, to a local support organization or to the district so they can help somebody further with support and advice. 
• is known with day shelters (if he doesn’t know them yet).|Q: What does LVV stand for? A: LVV stands for Landelijke Vreemdelingen Voorziening. The LVV program was a government / municipality program where people who were rejected for asylum could get a place in a 24-hour shelter for a maximum of 18 months. If they were admitted to the program, they would have access to 24hour shelter, an allowance, professional guidance and different activities.

Social workers supported them to find a solution to their situation: a residence permit, migrating to another country or returning to their home country.

The Dutch government decided to end the finance for the LVV from 2025 onwards. For 2025 the cities Amsterdam, Utrecht, Eindhoven and Groningen have decided to continue the shelter program for Undocumented Migrants without the finance of the national government. Only Rotterdam decided to stop. Information on how to access the local municipality programs can be found on HIA.|Q: What does BBB stand for A: BBB stands for Bed, Bad, Brood. The local shelter locations for undocumented migrants are often called like this. Throughout the country there are several BBB's. You can find them on this website: https://www.stichtinglos.nl/noodopvang 

Often they are full or they work with stricked criteria, such as a legal perspective on a new asylum request. So never just send somebody to these locations, but check with the local organization or with the TC.|Q: How can people enter a BBB / municipality shelter program? 
 A: How can people enter a BBB / municipality shelter program?
Not everybody can access the municipality shelter programs or BBB's. There are certain criteria. For example people need to have asked asylum in the past. And people with a Dublin claim can often not enter the local shelter programs. In order to get access to the shelter, people should go to one of the screening locations or get into contact with the BBB's. They they can get more information, share their story and perhaps be admitted in the program.

Information on the local possibilities can be found on Helpful Information and on https://www.stichtinglos.nl/noodopvang. Never send somebody directly to a BBB, but always check first with TC.",
Explain what a Dublin claim is and why it restricts NL asylum seekers from local shelter programs.,,"A Dublin claim means that an asylum seeker’s fingerprints have been registered in another EU country before arriving in the Netherlands. According to the EU’s Dublin Regulation, the first EU country where someone’s fingerprints are taken is responsible for processing their asylum application. Because of this, the Netherlands cannot process their asylum request, and the person must return to the first EU country. As a result, people with a Dublin claim are often not allowed to access local shelter programs in the Netherlands, as these programs are usually only for people whose asylum procedure is being handled in the Netherlands.","Q: What are relevant websites with information about / for UM? A: 
* On the website of **LOS** you can find information about support organizations: https://www.stichtinglos.nl/content/organisaties and shelters in the Netherlands: https://www.stichtinglos.nl/noodopvang. 
* On the website **Helpful Information** from the Red Cross you can find information about local organizations in different cities: https://helpfulinformation.redcross.nl/|Q: Why is somebody that is undocumented often in a vulnerable position? A: Undocumented migrants are regarded as a vulnerable group within society. They do not have a residence permit and, because of their limited rights, they quickly find themselves in unsafe or unhealthy situations. Because of their vulnerable position, they are easy prey for exploitation at the hands of bad employers, slum landlords or human traffickers.

Also, they are not entitled to social benefits and cannot take out health insurance (the 1998 Dutch Benefit Entitlement (Residence Status) Act; Koppelingswet). They have only a very limited right to assistance and facilities from the government and other agencies. As a result, they can easily get into trouble. The Red Cross provides help to everyone, including undocumented migrants.|Q: When is somebody undocumented? A: An undocumented migrant is a person who has no right of residence in a country. They have no documents confirming a right of residence, such as a visa. Their work, residence or study visa has expired, or they may never have had one. 

They are mainly migrants who:
- have had their residence application rejected, for example asylum seekers whose application for asylum has been rejected;
- have not applied for a residence permit, either for regular residence or asylum;
- are victims of human trafficking;
- do not have a work permit, for example domestic workers.

EU citizens do not need to apply for a residence permit to be in the Netherlands legally. Migrants from the EU can therefore never be undocumented.""
|Q: What is a Dublin claim? A: When somebody asks asylum in the Netherlands, their finger prints will be checked in an EU database. If their fingerprint is registered in another EU country, that country is responsible for proceeding the asylum procedure. In that case somebody gets a Dublin claim and has to return to the EU country where the fingerprint was taken. They cannot get asylum in the Netherlands. This is because according to the EU’s Dublin Regulation, somebody's asylum procedure must be carried out in the first country of arrival. 

The Dublin claim ends after 18 months. So if somebody is capable of staying under the radar for 18 months, then he/ she can request asylum in the Netherlands.

It is very hard for people with a Dublin Claim to get support. For example often local shelter programs do not provide shelter to people with a Dublin claim.|Q: Where can I find information about the programs of the Red Cross for Undocumented Migrants? A: As Red Cross we provide workshops to UM about health care, working rights, healthy habits, clear communication and first aid. We also have a [website](https://helpfulinformation.redcross.nl) with information about local aid organizations and we help people through our WhatsApp Helpline. Besides that people that are UM can also be in our food program or shelter program. This is always through the connection with a partner organization. For more information on our programs, you can have a look at our website: https://www.rodekruis.nl/wat-doen-wij/hulp-in-nederland/ondersteuning-ongedocumenteerde-migranten/|Q: Where can I find information about the shelter rights for Undocumented Migrants? A: You can find information about different shelter rights on the website of Stichting Los: https://www.stichtinglos.nl/content/opvang-en-onderdak

In general people have the right to rent a house, but not from social corperate housing. There is no general right for shelter for people who are undocumented and most homeless shelters refuse people without residence permit. This means that housing is a very big challenge for people that are undocumented.

In some cities there are BBB (Bed, Bad, Brood) shelters for undocumeted migrants or municipality shelter programs for undocumented migrants. They often work with criteria, for example that they have a rejected asylum request and that there is a perspective on a new asylum request. You can find information on this on helpful information https://helpfulinformation.redcross.nl/ or on the website of LOS: https://www.stichtinglos.nl/noodopvang|Q: What is our role on the helpdesk with regard to shelter questions from UM? A: What is our role on the helpdesk with regard to shelter questions from UM? 
The Red Cross doesn’t have shelters ourselves. Therefore we cannot always help somebody. The Red Cross 
does have a shelter program, but this is only for 10 days and when there is a partner organization involved. 
Our goal on the helpdesk is to get a good understanding of the situation in order to: 
• make a right referral, to a local support organization or to the district so they can help somebody further with support and advice. 
• is known with day shelters (if he doesn’t know them yet).|Q: What does LVV stand for? A: LVV stands for Landelijke Vreemdelingen Voorziening. The LVV program was a government / municipality program where people who were rejected for asylum could get a place in a 24-hour shelter for a maximum of 18 months. If they were admitted to the program, they would have access to 24hour shelter, an allowance, professional guidance and different activities.

Social workers supported them to find a solution to their situation: a residence permit, migrating to another country or returning to their home country.

The Dutch government decided to end the finance for the LVV from 2025 onwards. For 2025 the cities Amsterdam, Utrecht, Eindhoven and Groningen have decided to continue the shelter program for Undocumented Migrants without the finance of the national government. Only Rotterdam decided to stop. Information on how to access the local municipality programs can be found on HIA.|Q: What does BBB stand for A: BBB stands for Bed, Bad, Brood. The local shelter locations for undocumented migrants are often called like this. Throughout the country there are several BBB's. You can find them on this website: https://www.stichtinglos.nl/noodopvang 

Often they are full or they work with stricked criteria, such as a legal perspective on a new asylum request. So never just send somebody to these locations, but check with the local organization or with the TC.|Q: How can people enter a BBB / municipality shelter program? 
 A: How can people enter a BBB / municipality shelter program?
Not everybody can access the municipality shelter programs or BBB's. There are certain criteria. For example people need to have asked asylum in the past. And people with a Dublin claim can often not enter the local shelter programs. In order to get access to the shelter, people should go to one of the screening locations or get into contact with the BBB's. They they can get more information, share their story and perhaps be admitted in the program.

Information on the local possibilities can be found on Helpful Information and on https://www.stichtinglos.nl/noodopvang. Never send somebody directly to a BBB, but always check first with TC.",
How do the vulnerabilities of undocumented migrants differ from those of EU citizens in the Netherlands?,,"Undocumented migrants in the Netherlands are much more vulnerable than EU citizens because they do not have a residence permit and have very limited rights. They are not entitled to social benefits, cannot take out health insurance, and have only limited access to assistance and facilities from the government or other agencies. This makes them easy targets for exploitation and puts them at risk of unsafe or unhealthy situations. In contrast, EU citizens do not need a residence permit to be in the Netherlands legally and cannot be undocumented, so they have access to rights and services that undocumented migrants do not.","Q: What are relevant websites with information about / for UM? A: 
* On the website of **LOS** you can find information about support organizations: https://www.stichtinglos.nl/content/organisaties and shelters in the Netherlands: https://www.stichtinglos.nl/noodopvang. 
* On the website **Helpful Information** from the Red Cross you can find information about local organizations in different cities: https://helpfulinformation.redcross.nl/|Q: Why is somebody that is undocumented often in a vulnerable position? A: Undocumented migrants are regarded as a vulnerable group within society. They do not have a residence permit and, because of their limited rights, they quickly find themselves in unsafe or unhealthy situations. Because of their vulnerable position, they are easy prey for exploitation at the hands of bad employers, slum landlords or human traffickers.

Also, they are not entitled to social benefits and cannot take out health insurance (the 1998 Dutch Benefit Entitlement (Residence Status) Act; Koppelingswet). They have only a very limited right to assistance and facilities from the government and other agencies. As a result, they can easily get into trouble. The Red Cross provides help to everyone, including undocumented migrants.|Q: When is somebody undocumented? A: An undocumented migrant is a person who has no right of residence in a country. They have no documents confirming a right of residence, such as a visa. Their work, residence or study visa has expired, or they may never have had one. 

They are mainly migrants who:
- have had their residence application rejected, for example asylum seekers whose application for asylum has been rejected;
- have not applied for a residence permit, either for regular residence or asylum;
- are victims of human trafficking;
- do not have a work permit, for example domestic workers.

EU citizens do not need to apply for a residence permit to be in the Netherlands legally. Migrants from the EU can therefore never be undocumented.""
|Q: What is a Dublin claim? A: When somebody asks asylum in the Netherlands, their finger prints will be checked in an EU database. If their fingerprint is registered in another EU country, that country is responsible for proceeding the asylum procedure. In that case somebody gets a Dublin claim and has to return to the EU country where the fingerprint was taken. They cannot get asylum in the Netherlands. This is because according to the EU’s Dublin Regulation, somebody's asylum procedure must be carried out in the first country of arrival. 

The Dublin claim ends after 18 months. So if somebody is capable of staying under the radar for 18 months, then he/ she can request asylum in the Netherlands.

It is very hard for people with a Dublin Claim to get support. For example often local shelter programs do not provide shelter to people with a Dublin claim.|Q: Where can I find information about the programs of the Red Cross for Undocumented Migrants? A: As Red Cross we provide workshops to UM about health care, working rights, healthy habits, clear communication and first aid. We also have a [website](https://helpfulinformation.redcross.nl) with information about local aid organizations and we help people through our WhatsApp Helpline. Besides that people that are UM can also be in our food program or shelter program. This is always through the connection with a partner organization. For more information on our programs, you can have a look at our website: https://www.rodekruis.nl/wat-doen-wij/hulp-in-nederland/ondersteuning-ongedocumenteerde-migranten/|Q: Where can I find information about the shelter rights for Undocumented Migrants? A: You can find information about different shelter rights on the website of Stichting Los: https://www.stichtinglos.nl/content/opvang-en-onderdak

In general people have the right to rent a house, but not from social corperate housing. There is no general right for shelter for people who are undocumented and most homeless shelters refuse people without residence permit. This means that housing is a very big challenge for people that are undocumented.

In some cities there are BBB (Bed, Bad, Brood) shelters for undocumeted migrants or municipality shelter programs for undocumented migrants. They often work with criteria, for example that they have a rejected asylum request and that there is a perspective on a new asylum request. You can find information on this on helpful information https://helpfulinformation.redcross.nl/ or on the website of LOS: https://www.stichtinglos.nl/noodopvang|Q: What is our role on the helpdesk with regard to shelter questions from UM? A: What is our role on the helpdesk with regard to shelter questions from UM? 
The Red Cross doesn’t have shelters ourselves. Therefore we cannot always help somebody. The Red Cross 
does have a shelter program, but this is only for 10 days and when there is a partner organization involved. 
Our goal on the helpdesk is to get a good understanding of the situation in order to: 
• make a right referral, to a local support organization or to the district so they can help somebody further with support and advice. 
• is known with day shelters (if he doesn’t know them yet).|Q: What does LVV stand for? A: LVV stands for Landelijke Vreemdelingen Voorziening. The LVV program was a government / municipality program where people who were rejected for asylum could get a place in a 24-hour shelter for a maximum of 18 months. If they were admitted to the program, they would have access to 24hour shelter, an allowance, professional guidance and different activities.

Social workers supported them to find a solution to their situation: a residence permit, migrating to another country or returning to their home country.

The Dutch government decided to end the finance for the LVV from 2025 onwards. For 2025 the cities Amsterdam, Utrecht, Eindhoven and Groningen have decided to continue the shelter program for Undocumented Migrants without the finance of the national government. Only Rotterdam decided to stop. Information on how to access the local municipality programs can be found on HIA.|Q: What does BBB stand for A: BBB stands for Bed, Bad, Brood. The local shelter locations for undocumented migrants are often called like this. Throughout the country there are several BBB's. You can find them on this website: https://www.stichtinglos.nl/noodopvang 

Often they are full or they work with stricked criteria, such as a legal perspective on a new asylum request. So never just send somebody to these locations, but check with the local organization or with the TC.|Q: How can people enter a BBB / municipality shelter program? 
 A: How can people enter a BBB / municipality shelter program?
Not everybody can access the municipality shelter programs or BBB's. There are certain criteria. For example people need to have asked asylum in the past. And people with a Dublin claim can often not enter the local shelter programs. In order to get access to the shelter, people should go to one of the screening locations or get into contact with the BBB's. They they can get more information, share their story and perhaps be admitted in the program.

Information on the local possibilities can be found on Helpful Information and on https://www.stichtinglos.nl/noodopvang. Never send somebody directly to a BBB, but always check first with TC.",
"Which cities will continue LVV (Landelijke Vreemdelingen Voorziening) shelters post-2025, and what support is provided?",,"After 2025, the cities of Amsterdam, Utrecht, Eindhoven, and Groningen will continue the LVV (Landelijke Vreemdelingen Voorziening) shelter programs for undocumented migrants, even though national government funding will stop. These programs provide 24-hour shelter, an allowance, professional guidance, and access to various activities. Social workers help participants work towards solutions such as obtaining a residence permit, migrating to another country, or returning to their home country.","Q: What are relevant websites with information about / for UM? A: 
* On the website of **LOS** you can find information about support organizations: https://www.stichtinglos.nl/content/organisaties and shelters in the Netherlands: https://www.stichtinglos.nl/noodopvang. 
* On the website **Helpful Information** from the Red Cross you can find information about local organizations in different cities: https://helpfulinformation.redcross.nl/|Q: Why is somebody that is undocumented often in a vulnerable position? A: Undocumented migrants are regarded as a vulnerable group within society. They do not have a residence permit and, because of their limited rights, they quickly find themselves in unsafe or unhealthy situations. Because of their vulnerable position, they are easy prey for exploitation at the hands of bad employers, slum landlords or human traffickers.

Also, they are not entitled to social benefits and cannot take out health insurance (the 1998 Dutch Benefit Entitlement (Residence Status) Act; Koppelingswet). They have only a very limited right to assistance and facilities from the government and other agencies. As a result, they can easily get into trouble. The Red Cross provides help to everyone, including undocumented migrants.|Q: When is somebody undocumented? A: An undocumented migrant is a person who has no right of residence in a country. They have no documents confirming a right of residence, such as a visa. Their work, residence or study visa has expired, or they may never have had one. 

They are mainly migrants who:
- have had their residence application rejected, for example asylum seekers whose application for asylum has been rejected;
- have not applied for a residence permit, either for regular residence or asylum;
- are victims of human trafficking;
- do not have a work permit, for example domestic workers.

EU citizens do not need to apply for a residence permit to be in the Netherlands legally. Migrants from the EU can therefore never be undocumented.""
|Q: What is a Dublin claim? A: When somebody asks asylum in the Netherlands, their finger prints will be checked in an EU database. If their fingerprint is registered in another EU country, that country is responsible for proceeding the asylum procedure. In that case somebody gets a Dublin claim and has to return to the EU country where the fingerprint was taken. They cannot get asylum in the Netherlands. This is because according to the EU’s Dublin Regulation, somebody's asylum procedure must be carried out in the first country of arrival. 

The Dublin claim ends after 18 months. So if somebody is capable of staying under the radar for 18 months, then he/ she can request asylum in the Netherlands.

It is very hard for people with a Dublin Claim to get support. For example often local shelter programs do not provide shelter to people with a Dublin claim.|Q: Where can I find information about the programs of the Red Cross for Undocumented Migrants? A: As Red Cross we provide workshops to UM about health care, working rights, healthy habits, clear communication and first aid. We also have a [website](https://helpfulinformation.redcross.nl) with information about local aid organizations and we help people through our WhatsApp Helpline. Besides that people that are UM can also be in our food program or shelter program. This is always through the connection with a partner organization. For more information on our programs, you can have a look at our website: https://www.rodekruis.nl/wat-doen-wij/hulp-in-nederland/ondersteuning-ongedocumenteerde-migranten/|Q: Where can I find information about the shelter rights for Undocumented Migrants? A: You can find information about different shelter rights on the website of Stichting Los: https://www.stichtinglos.nl/content/opvang-en-onderdak

In general people have the right to rent a house, but not from social corperate housing. There is no general right for shelter for people who are undocumented and most homeless shelters refuse people without residence permit. This means that housing is a very big challenge for people that are undocumented.

In some cities there are BBB (Bed, Bad, Brood) shelters for undocumeted migrants or municipality shelter programs for undocumented migrants. They often work with criteria, for example that they have a rejected asylum request and that there is a perspective on a new asylum request. You can find information on this on helpful information https://helpfulinformation.redcross.nl/ or on the website of LOS: https://www.stichtinglos.nl/noodopvang|Q: What is our role on the helpdesk with regard to shelter questions from UM? A: What is our role on the helpdesk with regard to shelter questions from UM? 
The Red Cross doesn’t have shelters ourselves. Therefore we cannot always help somebody. The Red Cross 
does have a shelter program, but this is only for 10 days and when there is a partner organization involved. 
Our goal on the helpdesk is to get a good understanding of the situation in order to: 
• make a right referral, to a local support organization or to the district so they can help somebody further with support and advice. 
• is known with day shelters (if he doesn’t know them yet).|Q: What does LVV stand for? A: LVV stands for Landelijke Vreemdelingen Voorziening. The LVV program was a government / municipality program where people who were rejected for asylum could get a place in a 24-hour shelter for a maximum of 18 months. If they were admitted to the program, they would have access to 24hour shelter, an allowance, professional guidance and different activities.

Social workers supported them to find a solution to their situation: a residence permit, migrating to another country or returning to their home country.

The Dutch government decided to end the finance for the LVV from 2025 onwards. For 2025 the cities Amsterdam, Utrecht, Eindhoven and Groningen have decided to continue the shelter program for Undocumented Migrants without the finance of the national government. Only Rotterdam decided to stop. Information on how to access the local municipality programs can be found on HIA.|Q: What does BBB stand for A: BBB stands for Bed, Bad, Brood. The local shelter locations for undocumented migrants are often called like this. Throughout the country there are several BBB's. You can find them on this website: https://www.stichtinglos.nl/noodopvang 

Often they are full or they work with stricked criteria, such as a legal perspective on a new asylum request. So never just send somebody to these locations, but check with the local organization or with the TC.|Q: How can people enter a BBB / municipality shelter program? 
 A: How can people enter a BBB / municipality shelter program?
Not everybody can access the municipality shelter programs or BBB's. There are certain criteria. For example people need to have asked asylum in the past. And people with a Dublin claim can often not enter the local shelter programs. In order to get access to the shelter, people should go to one of the screening locations or get into contact with the BBB's. They they can get more information, share their story and perhaps be admitted in the program.

Information on the local possibilities can be found on Helpful Information and on https://www.stichtinglos.nl/noodopvang. Never send somebody directly to a BBB, but always check first with TC.",
"What criteria and steps must UM meet to access BBB/municipality shelters, considering Dublin claim restrictions?",,"To access BBB or municipality shelters, undocumented migrants (UM) must generally meet specific criteria: they usually need to have previously applied for asylum in the Netherlands. Importantly, people with a Dublin claim are often not eligible for these local shelter programs. 

The steps to access shelter are:
1. Contact a screening location or the BBB shelter directly to get information and share their situation.
2. The shelter will assess if the person meets the criteria (such as a previous asylum application and no active Dublin claim).
3. Admission is not guaranteed—shelters often have strict criteria and limited capacity.

Always check local possibilities first on https://helpfulinformation.redcross.nl/ or https://www.stichtinglos.nl/noodopvang, and never send someone directly to a BBB without confirming eligibility with the local organization or TC.","Q: What are relevant websites with information about / for UM? A: 
* On the website of **LOS** you can find information about support organizations: https://www.stichtinglos.nl/content/organisaties and shelters in the Netherlands: https://www.stichtinglos.nl/noodopvang. 
* On the website **Helpful Information** from the Red Cross you can find information about local organizations in different cities: https://helpfulinformation.redcross.nl/|Q: Why is somebody that is undocumented often in a vulnerable position? A: Undocumented migrants are regarded as a vulnerable group within society. They do not have a residence permit and, because of their limited rights, they quickly find themselves in unsafe or unhealthy situations. Because of their vulnerable position, they are easy prey for exploitation at the hands of bad employers, slum landlords or human traffickers.

Also, they are not entitled to social benefits and cannot take out health insurance (the 1998 Dutch Benefit Entitlement (Residence Status) Act; Koppelingswet). They have only a very limited right to assistance and facilities from the government and other agencies. As a result, they can easily get into trouble. The Red Cross provides help to everyone, including undocumented migrants.|Q: When is somebody undocumented? A: An undocumented migrant is a person who has no right of residence in a country. They have no documents confirming a right of residence, such as a visa. Their work, residence or study visa has expired, or they may never have had one. 

They are mainly migrants who:
- have had their residence application rejected, for example asylum seekers whose application for asylum has been rejected;
- have not applied for a residence permit, either for regular residence or asylum;
- are victims of human trafficking;
- do not have a work permit, for example domestic workers.

EU citizens do not need to apply for a residence permit to be in the Netherlands legally. Migrants from the EU can therefore never be undocumented.""
|Q: What is a Dublin claim? A: When somebody asks asylum in the Netherlands, their finger prints will be checked in an EU database. If their fingerprint is registered in another EU country, that country is responsible for proceeding the asylum procedure. In that case somebody gets a Dublin claim and has to return to the EU country where the fingerprint was taken. They cannot get asylum in the Netherlands. This is because according to the EU’s Dublin Regulation, somebody's asylum procedure must be carried out in the first country of arrival. 

The Dublin claim ends after 18 months. So if somebody is capable of staying under the radar for 18 months, then he/ she can request asylum in the Netherlands.

It is very hard for people with a Dublin Claim to get support. For example often local shelter programs do not provide shelter to people with a Dublin claim.|Q: Where can I find information about the programs of the Red Cross for Undocumented Migrants? A: As Red Cross we provide workshops to UM about health care, working rights, healthy habits, clear communication and first aid. We also have a [website](https://helpfulinformation.redcross.nl) with information about local aid organizations and we help people through our WhatsApp Helpline. Besides that people that are UM can also be in our food program or shelter program. This is always through the connection with a partner organization. For more information on our programs, you can have a look at our website: https://www.rodekruis.nl/wat-doen-wij/hulp-in-nederland/ondersteuning-ongedocumenteerde-migranten/|Q: Where can I find information about the shelter rights for Undocumented Migrants? A: You can find information about different shelter rights on the website of Stichting Los: https://www.stichtinglos.nl/content/opvang-en-onderdak

In general people have the right to rent a house, but not from social corperate housing. There is no general right for shelter for people who are undocumented and most homeless shelters refuse people without residence permit. This means that housing is a very big challenge for people that are undocumented.

In some cities there are BBB (Bed, Bad, Brood) shelters for undocumeted migrants or municipality shelter programs for undocumented migrants. They often work with criteria, for example that they have a rejected asylum request and that there is a perspective on a new asylum request. You can find information on this on helpful information https://helpfulinformation.redcross.nl/ or on the website of LOS: https://www.stichtinglos.nl/noodopvang|Q: What is our role on the helpdesk with regard to shelter questions from UM? A: What is our role on the helpdesk with regard to shelter questions from UM? 
The Red Cross doesn’t have shelters ourselves. Therefore we cannot always help somebody. The Red Cross 
does have a shelter program, but this is only for 10 days and when there is a partner organization involved. 
Our goal on the helpdesk is to get a good understanding of the situation in order to: 
• make a right referral, to a local support organization or to the district so they can help somebody further with support and advice. 
• is known with day shelters (if he doesn’t know them yet).|Q: What does LVV stand for? A: LVV stands for Landelijke Vreemdelingen Voorziening. The LVV program was a government / municipality program where people who were rejected for asylum could get a place in a 24-hour shelter for a maximum of 18 months. If they were admitted to the program, they would have access to 24hour shelter, an allowance, professional guidance and different activities.

Social workers supported them to find a solution to their situation: a residence permit, migrating to another country or returning to their home country.

The Dutch government decided to end the finance for the LVV from 2025 onwards. For 2025 the cities Amsterdam, Utrecht, Eindhoven and Groningen have decided to continue the shelter program for Undocumented Migrants without the finance of the national government. Only Rotterdam decided to stop. Information on how to access the local municipality programs can be found on HIA.|Q: What does BBB stand for A: BBB stands for Bed, Bad, Brood. The local shelter locations for undocumented migrants are often called like this. Throughout the country there are several BBB's. You can find them on this website: https://www.stichtinglos.nl/noodopvang 

Often they are full or they work with stricked criteria, such as a legal perspective on a new asylum request. So never just send somebody to these locations, but check with the local organization or with the TC.|Q: How can people enter a BBB / municipality shelter program? 
 A: How can people enter a BBB / municipality shelter program?
Not everybody can access the municipality shelter programs or BBB's. There are certain criteria. For example people need to have asked asylum in the past. And people with a Dublin claim can often not enter the local shelter programs. In order to get access to the shelter, people should go to one of the screening locations or get into contact with the BBB's. They they can get more information, share their story and perhaps be admitted in the program.

Information on the local possibilities can be found on Helpful Information and on https://www.stichtinglos.nl/noodopvang. Never send somebody directly to a BBB, but always check first with TC.",
How do Red Cross helpdesk protocols address urgent shelter needs of Dublin claimants?,,"The Red Cross helpdesk cannot provide direct shelter for Dublin claimants, as most local shelter programs and BBBs do not accept people with a Dublin claim. The helpdesk’s role is to assess the situation and make appropriate referrals to local support organizations or the district for further advice. It is important not to send someone directly to a BBB or shelter, but to first check with local organizations or the TC for possible options. The Red Cross itself only offers a short-term (10-day) shelter program, and only when a partner organization is involved.","Q: What are relevant websites with information about / for UM? A: 
* On the website of **LOS** you can find information about support organizations: https://www.stichtinglos.nl/content/organisaties and shelters in the Netherlands: https://www.stichtinglos.nl/noodopvang. 
* On the website **Helpful Information** from the Red Cross you can find information about local organizations in different cities: https://helpfulinformation.redcross.nl/|Q: Why is somebody that is undocumented often in a vulnerable position? A: Undocumented migrants are regarded as a vulnerable group within society. They do not have a residence permit and, because of their limited rights, they quickly find themselves in unsafe or unhealthy situations. Because of their vulnerable position, they are easy prey for exploitation at the hands of bad employers, slum landlords or human traffickers.

Also, they are not entitled to social benefits and cannot take out health insurance (the 1998 Dutch Benefit Entitlement (Residence Status) Act; Koppelingswet). They have only a very limited right to assistance and facilities from the government and other agencies. As a result, they can easily get into trouble. The Red Cross provides help to everyone, including undocumented migrants.|Q: When is somebody undocumented? A: An undocumented migrant is a person who has no right of residence in a country. They have no documents confirming a right of residence, such as a visa. Their work, residence or study visa has expired, or they may never have had one. 

They are mainly migrants who:
- have had their residence application rejected, for example asylum seekers whose application for asylum has been rejected;
- have not applied for a residence permit, either for regular residence or asylum;
- are victims of human trafficking;
- do not have a work permit, for example domestic workers.

EU citizens do not need to apply for a residence permit to be in the Netherlands legally. Migrants from the EU can therefore never be undocumented.""
|Q: What is a Dublin claim? A: When somebody asks asylum in the Netherlands, their finger prints will be checked in an EU database. If their fingerprint is registered in another EU country, that country is responsible for proceeding the asylum procedure. In that case somebody gets a Dublin claim and has to return to the EU country where the fingerprint was taken. They cannot get asylum in the Netherlands. This is because according to the EU’s Dublin Regulation, somebody's asylum procedure must be carried out in the first country of arrival. 

The Dublin claim ends after 18 months. So if somebody is capable of staying under the radar for 18 months, then he/ she can request asylum in the Netherlands.

It is very hard for people with a Dublin Claim to get support. For example often local shelter programs do not provide shelter to people with a Dublin claim.|Q: Where can I find information about the programs of the Red Cross for Undocumented Migrants? A: As Red Cross we provide workshops to UM about health care, working rights, healthy habits, clear communication and first aid. We also have a [website](https://helpfulinformation.redcross.nl) with information about local aid organizations and we help people through our WhatsApp Helpline. Besides that people that are UM can also be in our food program or shelter program. This is always through the connection with a partner organization. For more information on our programs, you can have a look at our website: https://www.rodekruis.nl/wat-doen-wij/hulp-in-nederland/ondersteuning-ongedocumenteerde-migranten/|Q: Where can I find information about the shelter rights for Undocumented Migrants? A: You can find information about different shelter rights on the website of Stichting Los: https://www.stichtinglos.nl/content/opvang-en-onderdak

In general people have the right to rent a house, but not from social corperate housing. There is no general right for shelter for people who are undocumented and most homeless shelters refuse people without residence permit. This means that housing is a very big challenge for people that are undocumented.

In some cities there are BBB (Bed, Bad, Brood) shelters for undocumeted migrants or municipality shelter programs for undocumented migrants. They often work with criteria, for example that they have a rejected asylum request and that there is a perspective on a new asylum request. You can find information on this on helpful information https://helpfulinformation.redcross.nl/ or on the website of LOS: https://www.stichtinglos.nl/noodopvang|Q: What is our role on the helpdesk with regard to shelter questions from UM? A: What is our role on the helpdesk with regard to shelter questions from UM? 
The Red Cross doesn’t have shelters ourselves. Therefore we cannot always help somebody. The Red Cross 
does have a shelter program, but this is only for 10 days and when there is a partner organization involved. 
Our goal on the helpdesk is to get a good understanding of the situation in order to: 
• make a right referral, to a local support organization or to the district so they can help somebody further with support and advice. 
• is known with day shelters (if he doesn’t know them yet).|Q: What does LVV stand for? A: LVV stands for Landelijke Vreemdelingen Voorziening. The LVV program was a government / municipality program where people who were rejected for asylum could get a place in a 24-hour shelter for a maximum of 18 months. If they were admitted to the program, they would have access to 24hour shelter, an allowance, professional guidance and different activities.

Social workers supported them to find a solution to their situation: a residence permit, migrating to another country or returning to their home country.

The Dutch government decided to end the finance for the LVV from 2025 onwards. For 2025 the cities Amsterdam, Utrecht, Eindhoven and Groningen have decided to continue the shelter program for Undocumented Migrants without the finance of the national government. Only Rotterdam decided to stop. Information on how to access the local municipality programs can be found on HIA.|Q: What does BBB stand for A: BBB stands for Bed, Bad, Brood. The local shelter locations for undocumented migrants are often called like this. Throughout the country there are several BBB's. You can find them on this website: https://www.stichtinglos.nl/noodopvang 

Often they are full or they work with stricked criteria, such as a legal perspective on a new asylum request. So never just send somebody to these locations, but check with the local organization or with the TC.|Q: How can people enter a BBB / municipality shelter program? 
 A: How can people enter a BBB / municipality shelter program?
Not everybody can access the municipality shelter programs or BBB's. There are certain criteria. For example people need to have asked asylum in the past. And people with a Dublin claim can often not enter the local shelter programs. In order to get access to the shelter, people should go to one of the screening locations or get into contact with the BBB's. They they can get more information, share their story and perhaps be admitted in the program.

Information on the local possibilities can be found on Helpful Information and on https://www.stichtinglos.nl/noodopvang. Never send somebody directly to a BBB, but always check first with TC.",
"How do BBB, LVV, and municipality shelters differ in access and criteria for UM in NL?",,"BBB (Bed, Bad, Brood), LVV (Landelijke Vreemdelingen Voorziening), and municipality shelters all provide shelter for undocumented migrants (UM) in the Netherlands, but they differ in access and criteria:

- **BBB shelters**: Local shelters for UM, but access is limited. They often require that someone has a legal perspective on a new asylum request and may be full. People with a Dublin claim are usually not admitted. Always check criteria with the local organization before referring someone.

- **LVV shelters**: These were government/municipality programs for rejected asylum seekers, offering 24-hour shelter for up to 18 months, with professional guidance and support. Admission required a rejected asylum application. The national government will stop funding LVV from 2025, but some cities (Amsterdam, Utrecht, Eindhoven, Groningen) will continue the program.

- **Municipality shelters**: These are local programs, sometimes continuing the LVV model. Access and criteria vary by city, but generally, people must have previously applied for asylum. People with a Dublin claim are often excluded.

**Summary:**  
Access to all these shelters is restricted, with criteria such as a previous asylum application and no Dublin claim. Always check local requirements before referring someone. More information can be found on https://helpfulinformation.redcross.nl/ and https://www.stichtinglos.nl/noodopvang.","Q: What are relevant websites with information about / for UM? A: 
* On the website of **LOS** you can find information about support organizations: https://www.stichtinglos.nl/content/organisaties and shelters in the Netherlands: https://www.stichtinglos.nl/noodopvang. 
* On the website **Helpful Information** from the Red Cross you can find information about local organizations in different cities: https://helpfulinformation.redcross.nl/|Q: Why is somebody that is undocumented often in a vulnerable position? A: Undocumented migrants are regarded as a vulnerable group within society. They do not have a residence permit and, because of their limited rights, they quickly find themselves in unsafe or unhealthy situations. Because of their vulnerable position, they are easy prey for exploitation at the hands of bad employers, slum landlords or human traffickers.

Also, they are not entitled to social benefits and cannot take out health insurance (the 1998 Dutch Benefit Entitlement (Residence Status) Act; Koppelingswet). They have only a very limited right to assistance and facilities from the government and other agencies. As a result, they can easily get into trouble. The Red Cross provides help to everyone, including undocumented migrants.|Q: When is somebody undocumented? A: An undocumented migrant is a person who has no right of residence in a country. They have no documents confirming a right of residence, such as a visa. Their work, residence or study visa has expired, or they may never have had one. 

They are mainly migrants who:
- have had their residence application rejected, for example asylum seekers whose application for asylum has been rejected;
- have not applied for a residence permit, either for regular residence or asylum;
- are victims of human trafficking;
- do not have a work permit, for example domestic workers.

EU citizens do not need to apply for a residence permit to be in the Netherlands legally. Migrants from the EU can therefore never be undocumented.""
|Q: What is a Dublin claim? A: When somebody asks asylum in the Netherlands, their finger prints will be checked in an EU database. If their fingerprint is registered in another EU country, that country is responsible for proceeding the asylum procedure. In that case somebody gets a Dublin claim and has to return to the EU country where the fingerprint was taken. They cannot get asylum in the Netherlands. This is because according to the EU’s Dublin Regulation, somebody's asylum procedure must be carried out in the first country of arrival. 

The Dublin claim ends after 18 months. So if somebody is capable of staying under the radar for 18 months, then he/ she can request asylum in the Netherlands.

It is very hard for people with a Dublin Claim to get support. For example often local shelter programs do not provide shelter to people with a Dublin claim.|Q: Where can I find information about the programs of the Red Cross for Undocumented Migrants? A: As Red Cross we provide workshops to UM about health care, working rights, healthy habits, clear communication and first aid. We also have a [website](https://helpfulinformation.redcross.nl) with information about local aid organizations and we help people through our WhatsApp Helpline. Besides that people that are UM can also be in our food program or shelter program. This is always through the connection with a partner organization. For more information on our programs, you can have a look at our website: https://www.rodekruis.nl/wat-doen-wij/hulp-in-nederland/ondersteuning-ongedocumenteerde-migranten/|Q: Where can I find information about the shelter rights for Undocumented Migrants? A: You can find information about different shelter rights on the website of Stichting Los: https://www.stichtinglos.nl/content/opvang-en-onderdak

In general people have the right to rent a house, but not from social corperate housing. There is no general right for shelter for people who are undocumented and most homeless shelters refuse people without residence permit. This means that housing is a very big challenge for people that are undocumented.

In some cities there are BBB (Bed, Bad, Brood) shelters for undocumeted migrants or municipality shelter programs for undocumented migrants. They often work with criteria, for example that they have a rejected asylum request and that there is a perspective on a new asylum request. You can find information on this on helpful information https://helpfulinformation.redcross.nl/ or on the website of LOS: https://www.stichtinglos.nl/noodopvang|Q: What is our role on the helpdesk with regard to shelter questions from UM? A: What is our role on the helpdesk with regard to shelter questions from UM? 
The Red Cross doesn’t have shelters ourselves. Therefore we cannot always help somebody. The Red Cross 
does have a shelter program, but this is only for 10 days and when there is a partner organization involved. 
Our goal on the helpdesk is to get a good understanding of the situation in order to: 
• make a right referral, to a local support organization or to the district so they can help somebody further with support and advice. 
• is known with day shelters (if he doesn’t know them yet).|Q: What does LVV stand for? A: LVV stands for Landelijke Vreemdelingen Voorziening. The LVV program was a government / municipality program where people who were rejected for asylum could get a place in a 24-hour shelter for a maximum of 18 months. If they were admitted to the program, they would have access to 24hour shelter, an allowance, professional guidance and different activities.

Social workers supported them to find a solution to their situation: a residence permit, migrating to another country or returning to their home country.

The Dutch government decided to end the finance for the LVV from 2025 onwards. For 2025 the cities Amsterdam, Utrecht, Eindhoven and Groningen have decided to continue the shelter program for Undocumented Migrants without the finance of the national government. Only Rotterdam decided to stop. Information on how to access the local municipality programs can be found on HIA.|Q: What does BBB stand for A: BBB stands for Bed, Bad, Brood. The local shelter locations for undocumented migrants are often called like this. Throughout the country there are several BBB's. You can find them on this website: https://www.stichtinglos.nl/noodopvang 

Often they are full or they work with stricked criteria, such as a legal perspective on a new asylum request. So never just send somebody to these locations, but check with the local organization or with the TC.|Q: How can people enter a BBB / municipality shelter program? 
 A: How can people enter a BBB / municipality shelter program?
Not everybody can access the municipality shelter programs or BBB's. There are certain criteria. For example people need to have asked asylum in the past. And people with a Dublin claim can often not enter the local shelter programs. In order to get access to the shelter, people should go to one of the screening locations or get into contact with the BBB's. They they can get more information, share their story and perhaps be admitted in the program.

Information on the local possibilities can be found on Helpful Information and on https://www.stichtinglos.nl/noodopvang. Never send somebody directly to a BBB, but always check first with TC.",
"If BBB shelters were suddenly unavailable, how would UM access basic needs like bed, bath, food?",,"If BBB shelters were suddenly unavailable, undocumented migrants (UM) would face even greater challenges accessing basic needs like bed, bath, and food. Most homeless shelters refuse people without a residence permit, and there is no general right to shelter for UM. In this situation, UM would need to rely on local support organizations, emergency shelters listed on Stichting LOS (https://www.stichtinglos.nl/noodopvang), and aid from organizations like the Red Cross, which can provide limited support such as food programs or short-term shelter through partner organizations. However, access would be very limited, and housing would become an even bigger challenge. For up-to-date information on available support, UM can check Helpful Information (https://helpfulinformation.redcross.nl/) or contact local aid organizations.","Q: What are relevant websites with information about / for UM? A: 
* On the website of **LOS** you can find information about support organizations: https://www.stichtinglos.nl/content/organisaties and shelters in the Netherlands: https://www.stichtinglos.nl/noodopvang. 
* On the website **Helpful Information** from the Red Cross you can find information about local organizations in different cities: https://helpfulinformation.redcross.nl/|Q: Why is somebody that is undocumented often in a vulnerable position? A: Undocumented migrants are regarded as a vulnerable group within society. They do not have a residence permit and, because of their limited rights, they quickly find themselves in unsafe or unhealthy situations. Because of their vulnerable position, they are easy prey for exploitation at the hands of bad employers, slum landlords or human traffickers.

Also, they are not entitled to social benefits and cannot take out health insurance (the 1998 Dutch Benefit Entitlement (Residence Status) Act; Koppelingswet). They have only a very limited right to assistance and facilities from the government and other agencies. As a result, they can easily get into trouble. The Red Cross provides help to everyone, including undocumented migrants.|Q: When is somebody undocumented? A: An undocumented migrant is a person who has no right of residence in a country. They have no documents confirming a right of residence, such as a visa. Their work, residence or study visa has expired, or they may never have had one. 

They are mainly migrants who:
- have had their residence application rejected, for example asylum seekers whose application for asylum has been rejected;
- have not applied for a residence permit, either for regular residence or asylum;
- are victims of human trafficking;
- do not have a work permit, for example domestic workers.

EU citizens do not need to apply for a residence permit to be in the Netherlands legally. Migrants from the EU can therefore never be undocumented.""
|Q: What is a Dublin claim? A: When somebody asks asylum in the Netherlands, their finger prints will be checked in an EU database. If their fingerprint is registered in another EU country, that country is responsible for proceeding the asylum procedure. In that case somebody gets a Dublin claim and has to return to the EU country where the fingerprint was taken. They cannot get asylum in the Netherlands. This is because according to the EU’s Dublin Regulation, somebody's asylum procedure must be carried out in the first country of arrival. 

The Dublin claim ends after 18 months. So if somebody is capable of staying under the radar for 18 months, then he/ she can request asylum in the Netherlands.

It is very hard for people with a Dublin Claim to get support. For example often local shelter programs do not provide shelter to people with a Dublin claim.|Q: Where can I find information about the programs of the Red Cross for Undocumented Migrants? A: As Red Cross we provide workshops to UM about health care, working rights, healthy habits, clear communication and first aid. We also have a [website](https://helpfulinformation.redcross.nl) with information about local aid organizations and we help people through our WhatsApp Helpline. Besides that people that are UM can also be in our food program or shelter program. This is always through the connection with a partner organization. For more information on our programs, you can have a look at our website: https://www.rodekruis.nl/wat-doen-wij/hulp-in-nederland/ondersteuning-ongedocumenteerde-migranten/|Q: Where can I find information about the shelter rights for Undocumented Migrants? A: You can find information about different shelter rights on the website of Stichting Los: https://www.stichtinglos.nl/content/opvang-en-onderdak

In general people have the right to rent a house, but not from social corperate housing. There is no general right for shelter for people who are undocumented and most homeless shelters refuse people without residence permit. This means that housing is a very big challenge for people that are undocumented.

In some cities there are BBB (Bed, Bad, Brood) shelters for undocumeted migrants or municipality shelter programs for undocumented migrants. They often work with criteria, for example that they have a rejected asylum request and that there is a perspective on a new asylum request. You can find information on this on helpful information https://helpfulinformation.redcross.nl/ or on the website of LOS: https://www.stichtinglos.nl/noodopvang|Q: What is our role on the helpdesk with regard to shelter questions from UM? A: What is our role on the helpdesk with regard to shelter questions from UM? 
The Red Cross doesn’t have shelters ourselves. Therefore we cannot always help somebody. The Red Cross 
does have a shelter program, but this is only for 10 days and when there is a partner organization involved. 
Our goal on the helpdesk is to get a good understanding of the situation in order to: 
• make a right referral, to a local support organization or to the district so they can help somebody further with support and advice. 
• is known with day shelters (if he doesn’t know them yet).|Q: What does LVV stand for? A: LVV stands for Landelijke Vreemdelingen Voorziening. The LVV program was a government / municipality program where people who were rejected for asylum could get a place in a 24-hour shelter for a maximum of 18 months. If they were admitted to the program, they would have access to 24hour shelter, an allowance, professional guidance and different activities.

Social workers supported them to find a solution to their situation: a residence permit, migrating to another country or returning to their home country.

The Dutch government decided to end the finance for the LVV from 2025 onwards. For 2025 the cities Amsterdam, Utrecht, Eindhoven and Groningen have decided to continue the shelter program for Undocumented Migrants without the finance of the national government. Only Rotterdam decided to stop. Information on how to access the local municipality programs can be found on HIA.|Q: What does BBB stand for A: BBB stands for Bed, Bad, Brood. The local shelter locations for undocumented migrants are often called like this. Throughout the country there are several BBB's. You can find them on this website: https://www.stichtinglos.nl/noodopvang 

Often they are full or they work with stricked criteria, such as a legal perspective on a new asylum request. So never just send somebody to these locations, but check with the local organization or with the TC.|Q: How can people enter a BBB / municipality shelter program? 
 A: How can people enter a BBB / municipality shelter program?
Not everybody can access the municipality shelter programs or BBB's. There are certain criteria. For example people need to have asked asylum in the past. And people with a Dublin claim can often not enter the local shelter programs. In order to get access to the shelter, people should go to one of the screening locations or get into contact with the BBB's. They they can get more information, share their story and perhaps be admitted in the program.

Information on the local possibilities can be found on Helpful Information and on https://www.stichtinglos.nl/noodopvang. Never send somebody directly to a BBB, but always check first with TC.",
How do undocumented migrants differ from EU citizens regarding residence status and legal requirements in NL?,,"Undocumented migrants differ from EU citizens in the Netherlands because undocumented migrants have no right of residence—they lack valid documents such as a visa or residence permit. In contrast, EU citizens do not need to apply for a residence permit to be in the Netherlands legally, so they cannot be considered undocumented. This means EU citizens have legal status automatically, while undocumented migrants do not and face limited rights and access to services.","Q: What are relevant websites with information about / for UM? A: 
* On the website of **LOS** you can find information about support organizations: https://www.stichtinglos.nl/content/organisaties and shelters in the Netherlands: https://www.stichtinglos.nl/noodopvang. 
* On the website **Helpful Information** from the Red Cross you can find information about local organizations in different cities: https://helpfulinformation.redcross.nl/|Q: Why is somebody that is undocumented often in a vulnerable position? A: Undocumented migrants are regarded as a vulnerable group within society. They do not have a residence permit and, because of their limited rights, they quickly find themselves in unsafe or unhealthy situations. Because of their vulnerable position, they are easy prey for exploitation at the hands of bad employers, slum landlords or human traffickers.

Also, they are not entitled to social benefits and cannot take out health insurance (the 1998 Dutch Benefit Entitlement (Residence Status) Act; Koppelingswet). They have only a very limited right to assistance and facilities from the government and other agencies. As a result, they can easily get into trouble. The Red Cross provides help to everyone, including undocumented migrants.|Q: When is somebody undocumented? A: An undocumented migrant is a person who has no right of residence in a country. They have no documents confirming a right of residence, such as a visa. Their work, residence or study visa has expired, or they may never have had one. 

They are mainly migrants who:
- have had their residence application rejected, for example asylum seekers whose application for asylum has been rejected;
- have not applied for a residence permit, either for regular residence or asylum;
- are victims of human trafficking;
- do not have a work permit, for example domestic workers.

EU citizens do not need to apply for a residence permit to be in the Netherlands legally. Migrants from the EU can therefore never be undocumented.""
|Q: What is a Dublin claim? A: When somebody asks asylum in the Netherlands, their finger prints will be checked in an EU database. If their fingerprint is registered in another EU country, that country is responsible for proceeding the asylum procedure. In that case somebody gets a Dublin claim and has to return to the EU country where the fingerprint was taken. They cannot get asylum in the Netherlands. This is because according to the EU’s Dublin Regulation, somebody's asylum procedure must be carried out in the first country of arrival. 

The Dublin claim ends after 18 months. So if somebody is capable of staying under the radar for 18 months, then he/ she can request asylum in the Netherlands.

It is very hard for people with a Dublin Claim to get support. For example often local shelter programs do not provide shelter to people with a Dublin claim.|Q: Where can I find information about the programs of the Red Cross for Undocumented Migrants? A: As Red Cross we provide workshops to UM about health care, working rights, healthy habits, clear communication and first aid. We also have a [website](https://helpfulinformation.redcross.nl) with information about local aid organizations and we help people through our WhatsApp Helpline. Besides that people that are UM can also be in our food program or shelter program. This is always through the connection with a partner organization. For more information on our programs, you can have a look at our website: https://www.rodekruis.nl/wat-doen-wij/hulp-in-nederland/ondersteuning-ongedocumenteerde-migranten/|Q: Where can I find information about the shelter rights for Undocumented Migrants? A: You can find information about different shelter rights on the website of Stichting Los: https://www.stichtinglos.nl/content/opvang-en-onderdak

In general people have the right to rent a house, but not from social corperate housing. There is no general right for shelter for people who are undocumented and most homeless shelters refuse people without residence permit. This means that housing is a very big challenge for people that are undocumented.

In some cities there are BBB (Bed, Bad, Brood) shelters for undocumeted migrants or municipality shelter programs for undocumented migrants. They often work with criteria, for example that they have a rejected asylum request and that there is a perspective on a new asylum request. You can find information on this on helpful information https://helpfulinformation.redcross.nl/ or on the website of LOS: https://www.stichtinglos.nl/noodopvang|Q: What is our role on the helpdesk with regard to shelter questions from UM? A: What is our role on the helpdesk with regard to shelter questions from UM? 
The Red Cross doesn’t have shelters ourselves. Therefore we cannot always help somebody. The Red Cross 
does have a shelter program, but this is only for 10 days and when there is a partner organization involved. 
Our goal on the helpdesk is to get a good understanding of the situation in order to: 
• make a right referral, to a local support organization or to the district so they can help somebody further with support and advice. 
• is known with day shelters (if he doesn’t know them yet).|Q: What does LVV stand for? A: LVV stands for Landelijke Vreemdelingen Voorziening. The LVV program was a government / municipality program where people who were rejected for asylum could get a place in a 24-hour shelter for a maximum of 18 months. If they were admitted to the program, they would have access to 24hour shelter, an allowance, professional guidance and different activities.

Social workers supported them to find a solution to their situation: a residence permit, migrating to another country or returning to their home country.

The Dutch government decided to end the finance for the LVV from 2025 onwards. For 2025 the cities Amsterdam, Utrecht, Eindhoven and Groningen have decided to continue the shelter program for Undocumented Migrants without the finance of the national government. Only Rotterdam decided to stop. Information on how to access the local municipality programs can be found on HIA.|Q: What does BBB stand for A: BBB stands for Bed, Bad, Brood. The local shelter locations for undocumented migrants are often called like this. Throughout the country there are several BBB's. You can find them on this website: https://www.stichtinglos.nl/noodopvang 

Often they are full or they work with stricked criteria, such as a legal perspective on a new asylum request. So never just send somebody to these locations, but check with the local organization or with the TC.|Q: How can people enter a BBB / municipality shelter program? 
 A: How can people enter a BBB / municipality shelter program?
Not everybody can access the municipality shelter programs or BBB's. There are certain criteria. For example people need to have asked asylum in the past. And people with a Dublin claim can often not enter the local shelter programs. In order to get access to the shelter, people should go to one of the screening locations or get into contact with the BBB's. They they can get more information, share their story and perhaps be admitted in the program.

Information on the local possibilities can be found on Helpful Information and on https://www.stichtinglos.nl/noodopvang. Never send somebody directly to a BBB, but always check first with TC.",
"Which Red Cross workshops, food/shelter programs, and WhatsApp Helpline are available for UM via partners?",,"The Red Cross offers workshops for Undocumented Migrants (UM) on topics such as health care, working rights, healthy habits, clear communication, and first aid. UM can also access food and shelter programs, but always through a partner organization. Additionally, the Red Cross provides support via a WhatsApp Helpline. For more information on these programs and local aid organizations, visit https://helpfulinformation.redcross.nl or https://www.rodekruis.nl/wat-doen-wij/hulp-in-nederland/ondersteuning-ongedocumenteerde-migranten/.","Q: What are relevant websites with information about / for UM? A: 
* On the website of **LOS** you can find information about support organizations: https://www.stichtinglos.nl/content/organisaties and shelters in the Netherlands: https://www.stichtinglos.nl/noodopvang. 
* On the website **Helpful Information** from the Red Cross you can find information about local organizations in different cities: https://helpfulinformation.redcross.nl/|Q: Why is somebody that is undocumented often in a vulnerable position? A: Undocumented migrants are regarded as a vulnerable group within society. They do not have a residence permit and, because of their limited rights, they quickly find themselves in unsafe or unhealthy situations. Because of their vulnerable position, they are easy prey for exploitation at the hands of bad employers, slum landlords or human traffickers.

Also, they are not entitled to social benefits and cannot take out health insurance (the 1998 Dutch Benefit Entitlement (Residence Status) Act; Koppelingswet). They have only a very limited right to assistance and facilities from the government and other agencies. As a result, they can easily get into trouble. The Red Cross provides help to everyone, including undocumented migrants.|Q: When is somebody undocumented? A: An undocumented migrant is a person who has no right of residence in a country. They have no documents confirming a right of residence, such as a visa. Their work, residence or study visa has expired, or they may never have had one. 

They are mainly migrants who:
- have had their residence application rejected, for example asylum seekers whose application for asylum has been rejected;
- have not applied for a residence permit, either for regular residence or asylum;
- are victims of human trafficking;
- do not have a work permit, for example domestic workers.

EU citizens do not need to apply for a residence permit to be in the Netherlands legally. Migrants from the EU can therefore never be undocumented.""
|Q: What is a Dublin claim? A: When somebody asks asylum in the Netherlands, their finger prints will be checked in an EU database. If their fingerprint is registered in another EU country, that country is responsible for proceeding the asylum procedure. In that case somebody gets a Dublin claim and has to return to the EU country where the fingerprint was taken. They cannot get asylum in the Netherlands. This is because according to the EU’s Dublin Regulation, somebody's asylum procedure must be carried out in the first country of arrival. 

The Dublin claim ends after 18 months. So if somebody is capable of staying under the radar for 18 months, then he/ she can request asylum in the Netherlands.

It is very hard for people with a Dublin Claim to get support. For example often local shelter programs do not provide shelter to people with a Dublin claim.|Q: Where can I find information about the programs of the Red Cross for Undocumented Migrants? A: As Red Cross we provide workshops to UM about health care, working rights, healthy habits, clear communication and first aid. We also have a [website](https://helpfulinformation.redcross.nl) with information about local aid organizations and we help people through our WhatsApp Helpline. Besides that people that are UM can also be in our food program or shelter program. This is always through the connection with a partner organization. For more information on our programs, you can have a look at our website: https://www.rodekruis.nl/wat-doen-wij/hulp-in-nederland/ondersteuning-ongedocumenteerde-migranten/|Q: Where can I find information about the shelter rights for Undocumented Migrants? A: You can find information about different shelter rights on the website of Stichting Los: https://www.stichtinglos.nl/content/opvang-en-onderdak

In general people have the right to rent a house, but not from social corperate housing. There is no general right for shelter for people who are undocumented and most homeless shelters refuse people without residence permit. This means that housing is a very big challenge for people that are undocumented.

In some cities there are BBB (Bed, Bad, Brood) shelters for undocumeted migrants or municipality shelter programs for undocumented migrants. They often work with criteria, for example that they have a rejected asylum request and that there is a perspective on a new asylum request. You can find information on this on helpful information https://helpfulinformation.redcross.nl/ or on the website of LOS: https://www.stichtinglos.nl/noodopvang|Q: What is our role on the helpdesk with regard to shelter questions from UM? A: What is our role on the helpdesk with regard to shelter questions from UM? 
The Red Cross doesn’t have shelters ourselves. Therefore we cannot always help somebody. The Red Cross 
does have a shelter program, but this is only for 10 days and when there is a partner organization involved. 
Our goal on the helpdesk is to get a good understanding of the situation in order to: 
• make a right referral, to a local support organization or to the district so they can help somebody further with support and advice. 
• is known with day shelters (if he doesn’t know them yet).|Q: What does LVV stand for? A: LVV stands for Landelijke Vreemdelingen Voorziening. The LVV program was a government / municipality program where people who were rejected for asylum could get a place in a 24-hour shelter for a maximum of 18 months. If they were admitted to the program, they would have access to 24hour shelter, an allowance, professional guidance and different activities.

Social workers supported them to find a solution to their situation: a residence permit, migrating to another country or returning to their home country.

The Dutch government decided to end the finance for the LVV from 2025 onwards. For 2025 the cities Amsterdam, Utrecht, Eindhoven and Groningen have decided to continue the shelter program for Undocumented Migrants without the finance of the national government. Only Rotterdam decided to stop. Information on how to access the local municipality programs can be found on HIA.|Q: What does BBB stand for A: BBB stands for Bed, Bad, Brood. The local shelter locations for undocumented migrants are often called like this. Throughout the country there are several BBB's. You can find them on this website: https://www.stichtinglos.nl/noodopvang 

Often they are full or they work with stricked criteria, such as a legal perspective on a new asylum request. So never just send somebody to these locations, but check with the local organization or with the TC.|Q: How can people enter a BBB / municipality shelter program? 
 A: How can people enter a BBB / municipality shelter program?
Not everybody can access the municipality shelter programs or BBB's. There are certain criteria. For example people need to have asked asylum in the past. And people with a Dublin claim can often not enter the local shelter programs. In order to get access to the shelter, people should go to one of the screening locations or get into contact with the BBB's. They they can get more information, share their story and perhaps be admitted in the program.

Information on the local possibilities can be found on Helpful Information and on https://www.stichtinglos.nl/noodopvang. Never send somebody directly to a BBB, but always check first with TC.",
"Explain why EU citizens cannot be classified as undocumented migrants in NL, considering residence permit rules.",,"EU citizens cannot be classified as undocumented migrants in the Netherlands because they do not need a residence permit to be in the country legally. According to the rules, migrants from the EU are allowed to stay in the Netherlands without applying for a residence permit, so they cannot be considered undocumented.","Q: What are relevant websites with information about / for UM? A: 
* On the website of **LOS** you can find information about support organizations: https://www.stichtinglos.nl/content/organisaties and shelters in the Netherlands: https://www.stichtinglos.nl/noodopvang. 
* On the website **Helpful Information** from the Red Cross you can find information about local organizations in different cities: https://helpfulinformation.redcross.nl/|Q: Why is somebody that is undocumented often in a vulnerable position? A: Undocumented migrants are regarded as a vulnerable group within society. They do not have a residence permit and, because of their limited rights, they quickly find themselves in unsafe or unhealthy situations. Because of their vulnerable position, they are easy prey for exploitation at the hands of bad employers, slum landlords or human traffickers.

Also, they are not entitled to social benefits and cannot take out health insurance (the 1998 Dutch Benefit Entitlement (Residence Status) Act; Koppelingswet). They have only a very limited right to assistance and facilities from the government and other agencies. As a result, they can easily get into trouble. The Red Cross provides help to everyone, including undocumented migrants.|Q: When is somebody undocumented? A: An undocumented migrant is a person who has no right of residence in a country. They have no documents confirming a right of residence, such as a visa. Their work, residence or study visa has expired, or they may never have had one. 

They are mainly migrants who:
- have had their residence application rejected, for example asylum seekers whose application for asylum has been rejected;
- have not applied for a residence permit, either for regular residence or asylum;
- are victims of human trafficking;
- do not have a work permit, for example domestic workers.

EU citizens do not need to apply for a residence permit to be in the Netherlands legally. Migrants from the EU can therefore never be undocumented.""
|Q: What is a Dublin claim? A: When somebody asks asylum in the Netherlands, their finger prints will be checked in an EU database. If their fingerprint is registered in another EU country, that country is responsible for proceeding the asylum procedure. In that case somebody gets a Dublin claim and has to return to the EU country where the fingerprint was taken. They cannot get asylum in the Netherlands. This is because according to the EU’s Dublin Regulation, somebody's asylum procedure must be carried out in the first country of arrival. 

The Dublin claim ends after 18 months. So if somebody is capable of staying under the radar for 18 months, then he/ she can request asylum in the Netherlands.

It is very hard for people with a Dublin Claim to get support. For example often local shelter programs do not provide shelter to people with a Dublin claim.|Q: Where can I find information about the programs of the Red Cross for Undocumented Migrants? A: As Red Cross we provide workshops to UM about health care, working rights, healthy habits, clear communication and first aid. We also have a [website](https://helpfulinformation.redcross.nl) with information about local aid organizations and we help people through our WhatsApp Helpline. Besides that people that are UM can also be in our food program or shelter program. This is always through the connection with a partner organization. For more information on our programs, you can have a look at our website: https://www.rodekruis.nl/wat-doen-wij/hulp-in-nederland/ondersteuning-ongedocumenteerde-migranten/|Q: Where can I find information about the shelter rights for Undocumented Migrants? A: You can find information about different shelter rights on the website of Stichting Los: https://www.stichtinglos.nl/content/opvang-en-onderdak

In general people have the right to rent a house, but not from social corperate housing. There is no general right for shelter for people who are undocumented and most homeless shelters refuse people without residence permit. This means that housing is a very big challenge for people that are undocumented.

In some cities there are BBB (Bed, Bad, Brood) shelters for undocumeted migrants or municipality shelter programs for undocumented migrants. They often work with criteria, for example that they have a rejected asylum request and that there is a perspective on a new asylum request. You can find information on this on helpful information https://helpfulinformation.redcross.nl/ or on the website of LOS: https://www.stichtinglos.nl/noodopvang|Q: What is our role on the helpdesk with regard to shelter questions from UM? A: What is our role on the helpdesk with regard to shelter questions from UM? 
The Red Cross doesn’t have shelters ourselves. Therefore we cannot always help somebody. The Red Cross 
does have a shelter program, but this is only for 10 days and when there is a partner organization involved. 
Our goal on the helpdesk is to get a good understanding of the situation in order to: 
• make a right referral, to a local support organization or to the district so they can help somebody further with support and advice. 
• is known with day shelters (if he doesn’t know them yet).|Q: What does LVV stand for? A: LVV stands for Landelijke Vreemdelingen Voorziening. The LVV program was a government / municipality program where people who were rejected for asylum could get a place in a 24-hour shelter for a maximum of 18 months. If they were admitted to the program, they would have access to 24hour shelter, an allowance, professional guidance and different activities.

Social workers supported them to find a solution to their situation: a residence permit, migrating to another country or returning to their home country.

The Dutch government decided to end the finance for the LVV from 2025 onwards. For 2025 the cities Amsterdam, Utrecht, Eindhoven and Groningen have decided to continue the shelter program for Undocumented Migrants without the finance of the national government. Only Rotterdam decided to stop. Information on how to access the local municipality programs can be found on HIA.|Q: What does BBB stand for A: BBB stands for Bed, Bad, Brood. The local shelter locations for undocumented migrants are often called like this. Throughout the country there are several BBB's. You can find them on this website: https://www.stichtinglos.nl/noodopvang 

Often they are full or they work with stricked criteria, such as a legal perspective on a new asylum request. So never just send somebody to these locations, but check with the local organization or with the TC.|Q: How can people enter a BBB / municipality shelter program? 
 A: How can people enter a BBB / municipality shelter program?
Not everybody can access the municipality shelter programs or BBB's. There are certain criteria. For example people need to have asked asylum in the past. And people with a Dublin claim can often not enter the local shelter programs. In order to get access to the shelter, people should go to one of the screening locations or get into contact with the BBB's. They they can get more information, share their story and perhaps be admitted in the program.

Information on the local possibilities can be found on Helpful Information and on https://www.stichtinglos.nl/noodopvang. Never send somebody directly to a BBB, but always check first with TC.",
"If BBB shelters suddenly closed nationwide, how would UM navigate housing and shelter access?",,"If BBB shelters closed nationwide, undocumented migrants (UM) would face even greater challenges accessing housing and shelter, as there is no general right to shelter for UM and most homeless shelters refuse people without a residence permit. Without BBBs, UM would need to rely on local support organizations, municipality shelter programs (if available), or seek help through resources like Stichting LOS (https://www.stichtinglos.nl/noodopvang) and Helpful Information (https://helpfulinformation.redcross.nl/). However, options would be extremely limited, making housing a major challenge for UM. It is important to always check with local organizations or the TC for up-to-date information and possible referrals.","Q: What are relevant websites with information about / for UM? A: 
* On the website of **LOS** you can find information about support organizations: https://www.stichtinglos.nl/content/organisaties and shelters in the Netherlands: https://www.stichtinglos.nl/noodopvang. 
* On the website **Helpful Information** from the Red Cross you can find information about local organizations in different cities: https://helpfulinformation.redcross.nl/|Q: Why is somebody that is undocumented often in a vulnerable position? A: Undocumented migrants are regarded as a vulnerable group within society. They do not have a residence permit and, because of their limited rights, they quickly find themselves in unsafe or unhealthy situations. Because of their vulnerable position, they are easy prey for exploitation at the hands of bad employers, slum landlords or human traffickers.

Also, they are not entitled to social benefits and cannot take out health insurance (the 1998 Dutch Benefit Entitlement (Residence Status) Act; Koppelingswet). They have only a very limited right to assistance and facilities from the government and other agencies. As a result, they can easily get into trouble. The Red Cross provides help to everyone, including undocumented migrants.|Q: When is somebody undocumented? A: An undocumented migrant is a person who has no right of residence in a country. They have no documents confirming a right of residence, such as a visa. Their work, residence or study visa has expired, or they may never have had one. 

They are mainly migrants who:
- have had their residence application rejected, for example asylum seekers whose application for asylum has been rejected;
- have not applied for a residence permit, either for regular residence or asylum;
- are victims of human trafficking;
- do not have a work permit, for example domestic workers.

EU citizens do not need to apply for a residence permit to be in the Netherlands legally. Migrants from the EU can therefore never be undocumented.""
|Q: What is a Dublin claim? A: When somebody asks asylum in the Netherlands, their finger prints will be checked in an EU database. If their fingerprint is registered in another EU country, that country is responsible for proceeding the asylum procedure. In that case somebody gets a Dublin claim and has to return to the EU country where the fingerprint was taken. They cannot get asylum in the Netherlands. This is because according to the EU’s Dublin Regulation, somebody's asylum procedure must be carried out in the first country of arrival. 

The Dublin claim ends after 18 months. So if somebody is capable of staying under the radar for 18 months, then he/ she can request asylum in the Netherlands.

It is very hard for people with a Dublin Claim to get support. For example often local shelter programs do not provide shelter to people with a Dublin claim.|Q: Where can I find information about the programs of the Red Cross for Undocumented Migrants? A: As Red Cross we provide workshops to UM about health care, working rights, healthy habits, clear communication and first aid. We also have a [website](https://helpfulinformation.redcross.nl) with information about local aid organizations and we help people through our WhatsApp Helpline. Besides that people that are UM can also be in our food program or shelter program. This is always through the connection with a partner organization. For more information on our programs, you can have a look at our website: https://www.rodekruis.nl/wat-doen-wij/hulp-in-nederland/ondersteuning-ongedocumenteerde-migranten/|Q: Where can I find information about the shelter rights for Undocumented Migrants? A: You can find information about different shelter rights on the website of Stichting Los: https://www.stichtinglos.nl/content/opvang-en-onderdak

In general people have the right to rent a house, but not from social corperate housing. There is no general right for shelter for people who are undocumented and most homeless shelters refuse people without residence permit. This means that housing is a very big challenge for people that are undocumented.

In some cities there are BBB (Bed, Bad, Brood) shelters for undocumeted migrants or municipality shelter programs for undocumented migrants. They often work with criteria, for example that they have a rejected asylum request and that there is a perspective on a new asylum request. You can find information on this on helpful information https://helpfulinformation.redcross.nl/ or on the website of LOS: https://www.stichtinglos.nl/noodopvang|Q: What is our role on the helpdesk with regard to shelter questions from UM? A: What is our role on the helpdesk with regard to shelter questions from UM? 
The Red Cross doesn’t have shelters ourselves. Therefore we cannot always help somebody. The Red Cross 
does have a shelter program, but this is only for 10 days and when there is a partner organization involved. 
Our goal on the helpdesk is to get a good understanding of the situation in order to: 
• make a right referral, to a local support organization or to the district so they can help somebody further with support and advice. 
• is known with day shelters (if he doesn’t know them yet).|Q: What does LVV stand for? A: LVV stands for Landelijke Vreemdelingen Voorziening. The LVV program was a government / municipality program where people who were rejected for asylum could get a place in a 24-hour shelter for a maximum of 18 months. If they were admitted to the program, they would have access to 24hour shelter, an allowance, professional guidance and different activities.

Social workers supported them to find a solution to their situation: a residence permit, migrating to another country or returning to their home country.

The Dutch government decided to end the finance for the LVV from 2025 onwards. For 2025 the cities Amsterdam, Utrecht, Eindhoven and Groningen have decided to continue the shelter program for Undocumented Migrants without the finance of the national government. Only Rotterdam decided to stop. Information on how to access the local municipality programs can be found on HIA.|Q: What does BBB stand for A: BBB stands for Bed, Bad, Brood. The local shelter locations for undocumented migrants are often called like this. Throughout the country there are several BBB's. You can find them on this website: https://www.stichtinglos.nl/noodopvang 

Often they are full or they work with stricked criteria, such as a legal perspective on a new asylum request. So never just send somebody to these locations, but check with the local organization or with the TC.|Q: How can people enter a BBB / municipality shelter program? 
 A: How can people enter a BBB / municipality shelter program?
Not everybody can access the municipality shelter programs or BBB's. There are certain criteria. For example people need to have asked asylum in the past. And people with a Dublin claim can often not enter the local shelter programs. In order to get access to the shelter, people should go to one of the screening locations or get into contact with the BBB's. They they can get more information, share their story and perhaps be admitted in the program.

Information on the local possibilities can be found on Helpful Information and on https://www.stichtinglos.nl/noodopvang. Never send somebody directly to a BBB, but always check first with TC.",
"If a new city opens a shelter for UM, which websites list its support organizations?",,"If a new city opens a shelter for UM (Undocumented Migrants), information about its support organizations can be found on the **Stichting LOS** website (https://www.stichtinglos.nl/content/organisaties) and the **Helpful Information** website from the Red Cross (https://helpfulinformation.redcross.nl/). These sites provide up-to-date listings of local support organizations and shelters.","Q: What are relevant websites with information about / for UM? A: 
* On the website of **LOS** you can find information about support organizations: https://www.stichtinglos.nl/content/organisaties and shelters in the Netherlands: https://www.stichtinglos.nl/noodopvang. 
* On the website **Helpful Information** from the Red Cross you can find information about local organizations in different cities: https://helpfulinformation.redcross.nl/|Q: Why is somebody that is undocumented often in a vulnerable position? A: Undocumented migrants are regarded as a vulnerable group within society. They do not have a residence permit and, because of their limited rights, they quickly find themselves in unsafe or unhealthy situations. Because of their vulnerable position, they are easy prey for exploitation at the hands of bad employers, slum landlords or human traffickers.

Also, they are not entitled to social benefits and cannot take out health insurance (the 1998 Dutch Benefit Entitlement (Residence Status) Act; Koppelingswet). They have only a very limited right to assistance and facilities from the government and other agencies. As a result, they can easily get into trouble. The Red Cross provides help to everyone, including undocumented migrants.|Q: When is somebody undocumented? A: An undocumented migrant is a person who has no right of residence in a country. They have no documents confirming a right of residence, such as a visa. Their work, residence or study visa has expired, or they may never have had one. 

They are mainly migrants who:
- have had their residence application rejected, for example asylum seekers whose application for asylum has been rejected;
- have not applied for a residence permit, either for regular residence or asylum;
- are victims of human trafficking;
- do not have a work permit, for example domestic workers.

EU citizens do not need to apply for a residence permit to be in the Netherlands legally. Migrants from the EU can therefore never be undocumented.""
|Q: What is a Dublin claim? A: When somebody asks asylum in the Netherlands, their finger prints will be checked in an EU database. If their fingerprint is registered in another EU country, that country is responsible for proceeding the asylum procedure. In that case somebody gets a Dublin claim and has to return to the EU country where the fingerprint was taken. They cannot get asylum in the Netherlands. This is because according to the EU’s Dublin Regulation, somebody's asylum procedure must be carried out in the first country of arrival. 

The Dublin claim ends after 18 months. So if somebody is capable of staying under the radar for 18 months, then he/ she can request asylum in the Netherlands.

It is very hard for people with a Dublin Claim to get support. For example often local shelter programs do not provide shelter to people with a Dublin claim.|Q: Where can I find information about the programs of the Red Cross for Undocumented Migrants? A: As Red Cross we provide workshops to UM about health care, working rights, healthy habits, clear communication and first aid. We also have a [website](https://helpfulinformation.redcross.nl) with information about local aid organizations and we help people through our WhatsApp Helpline. Besides that people that are UM can also be in our food program or shelter program. This is always through the connection with a partner organization. For more information on our programs, you can have a look at our website: https://www.rodekruis.nl/wat-doen-wij/hulp-in-nederland/ondersteuning-ongedocumenteerde-migranten/|Q: Where can I find information about the shelter rights for Undocumented Migrants? A: You can find information about different shelter rights on the website of Stichting Los: https://www.stichtinglos.nl/content/opvang-en-onderdak

In general people have the right to rent a house, but not from social corperate housing. There is no general right for shelter for people who are undocumented and most homeless shelters refuse people without residence permit. This means that housing is a very big challenge for people that are undocumented.

In some cities there are BBB (Bed, Bad, Brood) shelters for undocumeted migrants or municipality shelter programs for undocumented migrants. They often work with criteria, for example that they have a rejected asylum request and that there is a perspective on a new asylum request. You can find information on this on helpful information https://helpfulinformation.redcross.nl/ or on the website of LOS: https://www.stichtinglos.nl/noodopvang|Q: What is our role on the helpdesk with regard to shelter questions from UM? A: What is our role on the helpdesk with regard to shelter questions from UM? 
The Red Cross doesn’t have shelters ourselves. Therefore we cannot always help somebody. The Red Cross 
does have a shelter program, but this is only for 10 days and when there is a partner organization involved. 
Our goal on the helpdesk is to get a good understanding of the situation in order to: 
• make a right referral, to a local support organization or to the district so they can help somebody further with support and advice. 
• is known with day shelters (if he doesn’t know them yet).|Q: What does LVV stand for? A: LVV stands for Landelijke Vreemdelingen Voorziening. The LVV program was a government / municipality program where people who were rejected for asylum could get a place in a 24-hour shelter for a maximum of 18 months. If they were admitted to the program, they would have access to 24hour shelter, an allowance, professional guidance and different activities.

Social workers supported them to find a solution to their situation: a residence permit, migrating to another country or returning to their home country.

The Dutch government decided to end the finance for the LVV from 2025 onwards. For 2025 the cities Amsterdam, Utrecht, Eindhoven and Groningen have decided to continue the shelter program for Undocumented Migrants without the finance of the national government. Only Rotterdam decided to stop. Information on how to access the local municipality programs can be found on HIA.|Q: What does BBB stand for A: BBB stands for Bed, Bad, Brood. The local shelter locations for undocumented migrants are often called like this. Throughout the country there are several BBB's. You can find them on this website: https://www.stichtinglos.nl/noodopvang 

Often they are full or they work with stricked criteria, such as a legal perspective on a new asylum request. So never just send somebody to these locations, but check with the local organization or with the TC.|Q: How can people enter a BBB / municipality shelter program? 
 A: How can people enter a BBB / municipality shelter program?
Not everybody can access the municipality shelter programs or BBB's. There are certain criteria. For example people need to have asked asylum in the past. And people with a Dublin claim can often not enter the local shelter programs. In order to get access to the shelter, people should go to one of the screening locations or get into contact with the BBB's. They they can get more information, share their story and perhaps be admitted in the program.

Information on the local possibilities can be found on Helpful Information and on https://www.stichtinglos.nl/noodopvang. Never send somebody directly to a BBB, but always check first with TC.",
How does an 18-month undocumented stay affect Dublin claimants’ asylum eligibility and shelter access?,,"An 18-month undocumented stay can affect Dublin claimants in two main ways:

1. **Asylum Eligibility:** If a person with a Dublin claim manages to stay in the Netherlands without being returned for 18 months, their Dublin claim expires. After this period, they can request asylum in the Netherlands, as the responsibility for their asylum procedure shifts from the first EU country to the Netherlands.

2. **Shelter Access:** During the 18 months, it is very hard for people with a Dublin claim to get support or shelter, as most local shelter programs do not accept Dublin claimants. Access to BBB or municipality shelters is usually denied to them until the Dublin claim expires. 

For more information, see: https://www.stichtinglos.nl/noodopvang and https://helpfulinformation.redcross.nl/","Q: What are relevant websites with information about / for UM? A: 
* On the website of **LOS** you can find information about support organizations: https://www.stichtinglos.nl/content/organisaties and shelters in the Netherlands: https://www.stichtinglos.nl/noodopvang. 
* On the website **Helpful Information** from the Red Cross you can find information about local organizations in different cities: https://helpfulinformation.redcross.nl/|Q: Why is somebody that is undocumented often in a vulnerable position? A: Undocumented migrants are regarded as a vulnerable group within society. They do not have a residence permit and, because of their limited rights, they quickly find themselves in unsafe or unhealthy situations. Because of their vulnerable position, they are easy prey for exploitation at the hands of bad employers, slum landlords or human traffickers.

Also, they are not entitled to social benefits and cannot take out health insurance (the 1998 Dutch Benefit Entitlement (Residence Status) Act; Koppelingswet). They have only a very limited right to assistance and facilities from the government and other agencies. As a result, they can easily get into trouble. The Red Cross provides help to everyone, including undocumented migrants.|Q: When is somebody undocumented? A: An undocumented migrant is a person who has no right of residence in a country. They have no documents confirming a right of residence, such as a visa. Their work, residence or study visa has expired, or they may never have had one. 

They are mainly migrants who:
- have had their residence application rejected, for example asylum seekers whose application for asylum has been rejected;
- have not applied for a residence permit, either for regular residence or asylum;
- are victims of human trafficking;
- do not have a work permit, for example domestic workers.

EU citizens do not need to apply for a residence permit to be in the Netherlands legally. Migrants from the EU can therefore never be undocumented.""
|Q: What is a Dublin claim? A: When somebody asks asylum in the Netherlands, their finger prints will be checked in an EU database. If their fingerprint is registered in another EU country, that country is responsible for proceeding the asylum procedure. In that case somebody gets a Dublin claim and has to return to the EU country where the fingerprint was taken. They cannot get asylum in the Netherlands. This is because according to the EU’s Dublin Regulation, somebody's asylum procedure must be carried out in the first country of arrival. 

The Dublin claim ends after 18 months. So if somebody is capable of staying under the radar for 18 months, then he/ she can request asylum in the Netherlands.

It is very hard for people with a Dublin Claim to get support. For example often local shelter programs do not provide shelter to people with a Dublin claim.|Q: Where can I find information about the programs of the Red Cross for Undocumented Migrants? A: As Red Cross we provide workshops to UM about health care, working rights, healthy habits, clear communication and first aid. We also have a [website](https://helpfulinformation.redcross.nl) with information about local aid organizations and we help people through our WhatsApp Helpline. Besides that people that are UM can also be in our food program or shelter program. This is always through the connection with a partner organization. For more information on our programs, you can have a look at our website: https://www.rodekruis.nl/wat-doen-wij/hulp-in-nederland/ondersteuning-ongedocumenteerde-migranten/|Q: Where can I find information about the shelter rights for Undocumented Migrants? A: You can find information about different shelter rights on the website of Stichting Los: https://www.stichtinglos.nl/content/opvang-en-onderdak

In general people have the right to rent a house, but not from social corperate housing. There is no general right for shelter for people who are undocumented and most homeless shelters refuse people without residence permit. This means that housing is a very big challenge for people that are undocumented.

In some cities there are BBB (Bed, Bad, Brood) shelters for undocumeted migrants or municipality shelter programs for undocumented migrants. They often work with criteria, for example that they have a rejected asylum request and that there is a perspective on a new asylum request. You can find information on this on helpful information https://helpfulinformation.redcross.nl/ or on the website of LOS: https://www.stichtinglos.nl/noodopvang|Q: What is our role on the helpdesk with regard to shelter questions from UM? A: What is our role on the helpdesk with regard to shelter questions from UM? 
The Red Cross doesn’t have shelters ourselves. Therefore we cannot always help somebody. The Red Cross 
does have a shelter program, but this is only for 10 days and when there is a partner organization involved. 
Our goal on the helpdesk is to get a good understanding of the situation in order to: 
• make a right referral, to a local support organization or to the district so they can help somebody further with support and advice. 
• is known with day shelters (if he doesn’t know them yet).|Q: What does LVV stand for? A: LVV stands for Landelijke Vreemdelingen Voorziening. The LVV program was a government / municipality program where people who were rejected for asylum could get a place in a 24-hour shelter for a maximum of 18 months. If they were admitted to the program, they would have access to 24hour shelter, an allowance, professional guidance and different activities.

Social workers supported them to find a solution to their situation: a residence permit, migrating to another country or returning to their home country.

The Dutch government decided to end the finance for the LVV from 2025 onwards. For 2025 the cities Amsterdam, Utrecht, Eindhoven and Groningen have decided to continue the shelter program for Undocumented Migrants without the finance of the national government. Only Rotterdam decided to stop. Information on how to access the local municipality programs can be found on HIA.|Q: What does BBB stand for A: BBB stands for Bed, Bad, Brood. The local shelter locations for undocumented migrants are often called like this. Throughout the country there are several BBB's. You can find them on this website: https://www.stichtinglos.nl/noodopvang 

Often they are full or they work with stricked criteria, such as a legal perspective on a new asylum request. So never just send somebody to these locations, but check with the local organization or with the TC.|Q: How can people enter a BBB / municipality shelter program? 
 A: How can people enter a BBB / municipality shelter program?
Not everybody can access the municipality shelter programs or BBB's. There are certain criteria. For example people need to have asked asylum in the past. And people with a Dublin claim can often not enter the local shelter programs. In order to get access to the shelter, people should go to one of the screening locations or get into contact with the BBB's. They they can get more information, share their story and perhaps be admitted in the program.

Information on the local possibilities can be found on Helpful Information and on https://www.stichtinglos.nl/noodopvang. Never send somebody directly to a BBB, but always check first with TC.",
How will LVV program funding and operations differ among Dutch cities after 2025?,,"After 2025, the Dutch government will stop financing the LVV (Landelijke Vreemdelingen Voorziening) program. As a result, the continuation of LVV shelters will depend on decisions made by individual cities. Amsterdam, Utrecht, Eindhoven, and Groningen have decided to continue their shelter programs for undocumented migrants without national government funding. Rotterdam, however, will stop its LVV program. For information on how to access local municipality programs, you can consult Helpful Information (HIA).","Q: What are relevant websites with information about / for UM? A: 
* On the website of **LOS** you can find information about support organizations: https://www.stichtinglos.nl/content/organisaties and shelters in the Netherlands: https://www.stichtinglos.nl/noodopvang. 
* On the website **Helpful Information** from the Red Cross you can find information about local organizations in different cities: https://helpfulinformation.redcross.nl/|Q: Why is somebody that is undocumented often in a vulnerable position? A: Undocumented migrants are regarded as a vulnerable group within society. They do not have a residence permit and, because of their limited rights, they quickly find themselves in unsafe or unhealthy situations. Because of their vulnerable position, they are easy prey for exploitation at the hands of bad employers, slum landlords or human traffickers.

Also, they are not entitled to social benefits and cannot take out health insurance (the 1998 Dutch Benefit Entitlement (Residence Status) Act; Koppelingswet). They have only a very limited right to assistance and facilities from the government and other agencies. As a result, they can easily get into trouble. The Red Cross provides help to everyone, including undocumented migrants.|Q: When is somebody undocumented? A: An undocumented migrant is a person who has no right of residence in a country. They have no documents confirming a right of residence, such as a visa. Their work, residence or study visa has expired, or they may never have had one. 

They are mainly migrants who:
- have had their residence application rejected, for example asylum seekers whose application for asylum has been rejected;
- have not applied for a residence permit, either for regular residence or asylum;
- are victims of human trafficking;
- do not have a work permit, for example domestic workers.

EU citizens do not need to apply for a residence permit to be in the Netherlands legally. Migrants from the EU can therefore never be undocumented.""
|Q: What is a Dublin claim? A: When somebody asks asylum in the Netherlands, their finger prints will be checked in an EU database. If their fingerprint is registered in another EU country, that country is responsible for proceeding the asylum procedure. In that case somebody gets a Dublin claim and has to return to the EU country where the fingerprint was taken. They cannot get asylum in the Netherlands. This is because according to the EU’s Dublin Regulation, somebody's asylum procedure must be carried out in the first country of arrival. 

The Dublin claim ends after 18 months. So if somebody is capable of staying under the radar for 18 months, then he/ she can request asylum in the Netherlands.

It is very hard for people with a Dublin Claim to get support. For example often local shelter programs do not provide shelter to people with a Dublin claim.|Q: Where can I find information about the programs of the Red Cross for Undocumented Migrants? A: As Red Cross we provide workshops to UM about health care, working rights, healthy habits, clear communication and first aid. We also have a [website](https://helpfulinformation.redcross.nl) with information about local aid organizations and we help people through our WhatsApp Helpline. Besides that people that are UM can also be in our food program or shelter program. This is always through the connection with a partner organization. For more information on our programs, you can have a look at our website: https://www.rodekruis.nl/wat-doen-wij/hulp-in-nederland/ondersteuning-ongedocumenteerde-migranten/|Q: Where can I find information about the shelter rights for Undocumented Migrants? A: You can find information about different shelter rights on the website of Stichting Los: https://www.stichtinglos.nl/content/opvang-en-onderdak

In general people have the right to rent a house, but not from social corperate housing. There is no general right for shelter for people who are undocumented and most homeless shelters refuse people without residence permit. This means that housing is a very big challenge for people that are undocumented.

In some cities there are BBB (Bed, Bad, Brood) shelters for undocumeted migrants or municipality shelter programs for undocumented migrants. They often work with criteria, for example that they have a rejected asylum request and that there is a perspective on a new asylum request. You can find information on this on helpful information https://helpfulinformation.redcross.nl/ or on the website of LOS: https://www.stichtinglos.nl/noodopvang|Q: What is our role on the helpdesk with regard to shelter questions from UM? A: What is our role on the helpdesk with regard to shelter questions from UM? 
The Red Cross doesn’t have shelters ourselves. Therefore we cannot always help somebody. The Red Cross 
does have a shelter program, but this is only for 10 days and when there is a partner organization involved. 
Our goal on the helpdesk is to get a good understanding of the situation in order to: 
• make a right referral, to a local support organization or to the district so they can help somebody further with support and advice. 
• is known with day shelters (if he doesn’t know them yet).|Q: What does LVV stand for? A: LVV stands for Landelijke Vreemdelingen Voorziening. The LVV program was a government / municipality program where people who were rejected for asylum could get a place in a 24-hour shelter for a maximum of 18 months. If they were admitted to the program, they would have access to 24hour shelter, an allowance, professional guidance and different activities.

Social workers supported them to find a solution to their situation: a residence permit, migrating to another country or returning to their home country.

The Dutch government decided to end the finance for the LVV from 2025 onwards. For 2025 the cities Amsterdam, Utrecht, Eindhoven and Groningen have decided to continue the shelter program for Undocumented Migrants without the finance of the national government. Only Rotterdam decided to stop. Information on how to access the local municipality programs can be found on HIA.|Q: What does BBB stand for A: BBB stands for Bed, Bad, Brood. The local shelter locations for undocumented migrants are often called like this. Throughout the country there are several BBB's. You can find them on this website: https://www.stichtinglos.nl/noodopvang 

Often they are full or they work with stricked criteria, such as a legal perspective on a new asylum request. So never just send somebody to these locations, but check with the local organization or with the TC.|Q: How can people enter a BBB / municipality shelter program? 
 A: How can people enter a BBB / municipality shelter program?
Not everybody can access the municipality shelter programs or BBB's. There are certain criteria. For example people need to have asked asylum in the past. And people with a Dublin claim can often not enter the local shelter programs. In order to get access to the shelter, people should go to one of the screening locations or get into contact with the BBB's. They they can get more information, share their story and perhaps be admitted in the program.

Information on the local possibilities can be found on Helpful Information and on https://www.stichtinglos.nl/noodopvang. Never send somebody directly to a BBB, but always check first with TC.",
Why must you check with local orgs and TC before referring someone with a Dublin claim to BBB?,,You must check with local organizations and TC before referring someone with a Dublin claim to a BBB because people with a Dublin claim are often not eligible for local shelter programs or BBBs. These shelters usually have strict criteria and may not accept people with a Dublin claim. Checking first ensures you do not send someone to a location where they will be refused and helps find the most appropriate support for their situation.,"Q: What are relevant websites with information about / for UM? A: 
* On the website of **LOS** you can find information about support organizations: https://www.stichtinglos.nl/content/organisaties and shelters in the Netherlands: https://www.stichtinglos.nl/noodopvang. 
* On the website **Helpful Information** from the Red Cross you can find information about local organizations in different cities: https://helpfulinformation.redcross.nl/|Q: Why is somebody that is undocumented often in a vulnerable position? A: Undocumented migrants are regarded as a vulnerable group within society. They do not have a residence permit and, because of their limited rights, they quickly find themselves in unsafe or unhealthy situations. Because of their vulnerable position, they are easy prey for exploitation at the hands of bad employers, slum landlords or human traffickers.

Also, they are not entitled to social benefits and cannot take out health insurance (the 1998 Dutch Benefit Entitlement (Residence Status) Act; Koppelingswet). They have only a very limited right to assistance and facilities from the government and other agencies. As a result, they can easily get into trouble. The Red Cross provides help to everyone, including undocumented migrants.|Q: When is somebody undocumented? A: An undocumented migrant is a person who has no right of residence in a country. They have no documents confirming a right of residence, such as a visa. Their work, residence or study visa has expired, or they may never have had one. 

They are mainly migrants who:
- have had their residence application rejected, for example asylum seekers whose application for asylum has been rejected;
- have not applied for a residence permit, either for regular residence or asylum;
- are victims of human trafficking;
- do not have a work permit, for example domestic workers.

EU citizens do not need to apply for a residence permit to be in the Netherlands legally. Migrants from the EU can therefore never be undocumented.""
|Q: What is a Dublin claim? A: When somebody asks asylum in the Netherlands, their finger prints will be checked in an EU database. If their fingerprint is registered in another EU country, that country is responsible for proceeding the asylum procedure. In that case somebody gets a Dublin claim and has to return to the EU country where the fingerprint was taken. They cannot get asylum in the Netherlands. This is because according to the EU’s Dublin Regulation, somebody's asylum procedure must be carried out in the first country of arrival. 

The Dublin claim ends after 18 months. So if somebody is capable of staying under the radar for 18 months, then he/ she can request asylum in the Netherlands.

It is very hard for people with a Dublin Claim to get support. For example often local shelter programs do not provide shelter to people with a Dublin claim.|Q: Where can I find information about the programs of the Red Cross for Undocumented Migrants? A: As Red Cross we provide workshops to UM about health care, working rights, healthy habits, clear communication and first aid. We also have a [website](https://helpfulinformation.redcross.nl) with information about local aid organizations and we help people through our WhatsApp Helpline. Besides that people that are UM can also be in our food program or shelter program. This is always through the connection with a partner organization. For more information on our programs, you can have a look at our website: https://www.rodekruis.nl/wat-doen-wij/hulp-in-nederland/ondersteuning-ongedocumenteerde-migranten/|Q: Where can I find information about the shelter rights for Undocumented Migrants? A: You can find information about different shelter rights on the website of Stichting Los: https://www.stichtinglos.nl/content/opvang-en-onderdak

In general people have the right to rent a house, but not from social corperate housing. There is no general right for shelter for people who are undocumented and most homeless shelters refuse people without residence permit. This means that housing is a very big challenge for people that are undocumented.

In some cities there are BBB (Bed, Bad, Brood) shelters for undocumeted migrants or municipality shelter programs for undocumented migrants. They often work with criteria, for example that they have a rejected asylum request and that there is a perspective on a new asylum request. You can find information on this on helpful information https://helpfulinformation.redcross.nl/ or on the website of LOS: https://www.stichtinglos.nl/noodopvang|Q: What is our role on the helpdesk with regard to shelter questions from UM? A: What is our role on the helpdesk with regard to shelter questions from UM? 
The Red Cross doesn’t have shelters ourselves. Therefore we cannot always help somebody. The Red Cross 
does have a shelter program, but this is only for 10 days and when there is a partner organization involved. 
Our goal on the helpdesk is to get a good understanding of the situation in order to: 
• make a right referral, to a local support organization or to the district so they can help somebody further with support and advice. 
• is known with day shelters (if he doesn’t know them yet).|Q: What does LVV stand for? A: LVV stands for Landelijke Vreemdelingen Voorziening. The LVV program was a government / municipality program where people who were rejected for asylum could get a place in a 24-hour shelter for a maximum of 18 months. If they were admitted to the program, they would have access to 24hour shelter, an allowance, professional guidance and different activities.

Social workers supported them to find a solution to their situation: a residence permit, migrating to another country or returning to their home country.

The Dutch government decided to end the finance for the LVV from 2025 onwards. For 2025 the cities Amsterdam, Utrecht, Eindhoven and Groningen have decided to continue the shelter program for Undocumented Migrants without the finance of the national government. Only Rotterdam decided to stop. Information on how to access the local municipality programs can be found on HIA.|Q: What does BBB stand for A: BBB stands for Bed, Bad, Brood. The local shelter locations for undocumented migrants are often called like this. Throughout the country there are several BBB's. You can find them on this website: https://www.stichtinglos.nl/noodopvang 

Often they are full or they work with stricked criteria, such as a legal perspective on a new asylum request. So never just send somebody to these locations, but check with the local organization or with the TC.|Q: How can people enter a BBB / municipality shelter program? 
 A: How can people enter a BBB / municipality shelter program?
Not everybody can access the municipality shelter programs or BBB's. There are certain criteria. For example people need to have asked asylum in the past. And people with a Dublin claim can often not enter the local shelter programs. In order to get access to the shelter, people should go to one of the screening locations or get into contact with the BBB's. They they can get more information, share their story and perhaps be admitted in the program.

Information on the local possibilities can be found on Helpful Information and on https://www.stichtinglos.nl/noodopvang. Never send somebody directly to a BBB, but always check first with TC.",
"If UM lost access to food/shelter, how could Red Cross programs help them survive?",,"If an undocumented migrant (UM) loses access to food or shelter, the Red Cross can help by referring them to local aid organizations, providing information through their website (https://helpfulinformation.redcross.nl), and supporting them via the WhatsApp Helpline. The Red Cross also has food and short-term (10-day) shelter programs, but these are only available through partner organizations. For longer-term shelter, the Red Cross can guide UMs to local BBB or municipality shelter programs, but access depends on specific criteria. Always check local options before making referrals.","Q: What are relevant websites with information about / for UM? A: 
* On the website of **LOS** you can find information about support organizations: https://www.stichtinglos.nl/content/organisaties and shelters in the Netherlands: https://www.stichtinglos.nl/noodopvang. 
* On the website **Helpful Information** from the Red Cross you can find information about local organizations in different cities: https://helpfulinformation.redcross.nl/|Q: Why is somebody that is undocumented often in a vulnerable position? A: Undocumented migrants are regarded as a vulnerable group within society. They do not have a residence permit and, because of their limited rights, they quickly find themselves in unsafe or unhealthy situations. Because of their vulnerable position, they are easy prey for exploitation at the hands of bad employers, slum landlords or human traffickers.

Also, they are not entitled to social benefits and cannot take out health insurance (the 1998 Dutch Benefit Entitlement (Residence Status) Act; Koppelingswet). They have only a very limited right to assistance and facilities from the government and other agencies. As a result, they can easily get into trouble. The Red Cross provides help to everyone, including undocumented migrants.|Q: When is somebody undocumented? A: An undocumented migrant is a person who has no right of residence in a country. They have no documents confirming a right of residence, such as a visa. Their work, residence or study visa has expired, or they may never have had one. 

They are mainly migrants who:
- have had their residence application rejected, for example asylum seekers whose application for asylum has been rejected;
- have not applied for a residence permit, either for regular residence or asylum;
- are victims of human trafficking;
- do not have a work permit, for example domestic workers.

EU citizens do not need to apply for a residence permit to be in the Netherlands legally. Migrants from the EU can therefore never be undocumented.""
|Q: What is a Dublin claim? A: When somebody asks asylum in the Netherlands, their finger prints will be checked in an EU database. If their fingerprint is registered in another EU country, that country is responsible for proceeding the asylum procedure. In that case somebody gets a Dublin claim and has to return to the EU country where the fingerprint was taken. They cannot get asylum in the Netherlands. This is because according to the EU’s Dublin Regulation, somebody's asylum procedure must be carried out in the first country of arrival. 

The Dublin claim ends after 18 months. So if somebody is capable of staying under the radar for 18 months, then he/ she can request asylum in the Netherlands.

It is very hard for people with a Dublin Claim to get support. For example often local shelter programs do not provide shelter to people with a Dublin claim.|Q: Where can I find information about the programs of the Red Cross for Undocumented Migrants? A: As Red Cross we provide workshops to UM about health care, working rights, healthy habits, clear communication and first aid. We also have a [website](https://helpfulinformation.redcross.nl) with information about local aid organizations and we help people through our WhatsApp Helpline. Besides that people that are UM can also be in our food program or shelter program. This is always through the connection with a partner organization. For more information on our programs, you can have a look at our website: https://www.rodekruis.nl/wat-doen-wij/hulp-in-nederland/ondersteuning-ongedocumenteerde-migranten/|Q: Where can I find information about the shelter rights for Undocumented Migrants? A: You can find information about different shelter rights on the website of Stichting Los: https://www.stichtinglos.nl/content/opvang-en-onderdak

In general people have the right to rent a house, but not from social corperate housing. There is no general right for shelter for people who are undocumented and most homeless shelters refuse people without residence permit. This means that housing is a very big challenge for people that are undocumented.

In some cities there are BBB (Bed, Bad, Brood) shelters for undocumeted migrants or municipality shelter programs for undocumented migrants. They often work with criteria, for example that they have a rejected asylum request and that there is a perspective on a new asylum request. You can find information on this on helpful information https://helpfulinformation.redcross.nl/ or on the website of LOS: https://www.stichtinglos.nl/noodopvang|Q: What is our role on the helpdesk with regard to shelter questions from UM? A: What is our role on the helpdesk with regard to shelter questions from UM? 
The Red Cross doesn’t have shelters ourselves. Therefore we cannot always help somebody. The Red Cross 
does have a shelter program, but this is only for 10 days and when there is a partner organization involved. 
Our goal on the helpdesk is to get a good understanding of the situation in order to: 
• make a right referral, to a local support organization or to the district so they can help somebody further with support and advice. 
• is known with day shelters (if he doesn’t know them yet).|Q: What does LVV stand for? A: LVV stands for Landelijke Vreemdelingen Voorziening. The LVV program was a government / municipality program where people who were rejected for asylum could get a place in a 24-hour shelter for a maximum of 18 months. If they were admitted to the program, they would have access to 24hour shelter, an allowance, professional guidance and different activities.

Social workers supported them to find a solution to their situation: a residence permit, migrating to another country or returning to their home country.

The Dutch government decided to end the finance for the LVV from 2025 onwards. For 2025 the cities Amsterdam, Utrecht, Eindhoven and Groningen have decided to continue the shelter program for Undocumented Migrants without the finance of the national government. Only Rotterdam decided to stop. Information on how to access the local municipality programs can be found on HIA.|Q: What does BBB stand for A: BBB stands for Bed, Bad, Brood. The local shelter locations for undocumented migrants are often called like this. Throughout the country there are several BBB's. You can find them on this website: https://www.stichtinglos.nl/noodopvang 

Often they are full or they work with stricked criteria, such as a legal perspective on a new asylum request. So never just send somebody to these locations, but check with the local organization or with the TC.|Q: How can people enter a BBB / municipality shelter program? 
 A: How can people enter a BBB / municipality shelter program?
Not everybody can access the municipality shelter programs or BBB's. There are certain criteria. For example people need to have asked asylum in the past. And people with a Dublin claim can often not enter the local shelter programs. In order to get access to the shelter, people should go to one of the screening locations or get into contact with the BBB's. They they can get more information, share their story and perhaps be admitted in the program.

Information on the local possibilities can be found on Helpful Information and on https://www.stichtinglos.nl/noodopvang. Never send somebody directly to a BBB, but always check first with TC.",
"Which Dutch cities offer BBB shelter programs specifically for undocumented minors, and how are they accessed?",,"The Dutch cities that offer BBB shelter programs specifically for undocumented minors (UM) are Eindhoven, Utrecht, Groningen (screening by Inlia), and Amsterdam. Information about accessing these shelters can be found on the Red Cross Helpful Information website: https://helpfulinformation.redcross.nl/ and the LOS website: https://www.stichtinglos.nl/noodopvang. For Groningen, screening is done by Inlia: https://www.inlia.nl/nl.","Q: Where can I find more information about local shelter programs & BBB's? 
 A: You can find information about the local shelter possibilities on the Red Cross website Helpful Information: https://helpfulinformation.redcross.nl/ or on the website of LOS: https://www.stichtinglos.nl/noodopvang

In the following municipalities there is a shelter program for UM: 
- Eindhoven
- Utrecht
- Groningen (not on HIA yet) - screening is done by Inlia https://www.inlia.nl/nl
- AmsterdamWhere can I find more information about local shelter programs & BBB's? 

You can find information about the local shelter possibilities on the Red Cross website Helpful Information: https://helpfulinformation.redcross.nl/ or on the website of LOS: https://www.stichtinglos.nl/noodopvang

In the following municipalities there is a shelter program for UM: 
- Eindhoven
- Utrecht
- Groningen (not on HIA yet) - screening is done by Inlia https://www.inlia.nl/nl
- Amsterdam|Q: How do winter shelters function? A: There are two different types of winter shelter. You have the permanent winter shelter and the Cold Weather Regulation. The municipality can decide if they want to organize a permanent winter shelter and if this is accessible for undocumented migrants or not. They have the legal duty to organize the Cold Weather Regulation when temperatures go below 0 degrees as it becomes too dangerous to sleep outside. The Cold Weather Regulation can be opened in the period from the 1st of November until the 1st of April.
Undocumented migrants always have access access to the Cold Weather Regulation, but not always to the permanent winter shelters. 

Large cities (Amsterdam, Rotterdam, The Hague and Utrecht) coordinate the Cold Weather Regulation together. So they often open and close at the same time. 

On the *Heplful Information website (HIA)*[https://helpfulinformation.redcross.nl/] you can find the opening times of the Cold Weather Regulation and winter shelters per city. |Q: Where can I find information about shelters for UM? A: On Helpful Information you can find information about local shelters for UM: https://helpfulinformation.redcross.nl/
Also on the website of LOS you can find information: https://www.stichtinglos.nl/noodopvang
|Q: Where can I find information about the medical rights of UM? 
 A: You can find information on the website of Stichting Los: https://www.stichtinglos.nl/content/gezondheidszorg|Q: Do people have the right to see a family doctor? A: Yes, people always have the right to see a family doctor. The doctor can reimburse the costs with the CAK. 
You can refer people to this website for information on how family doctors work in the Netherlands: 
* https://gpinfo.nl/1-dutch-healthcare|Q: Reimbursement of medical costs. A: * Important: it is differently arranged per target group (e.g. asylum seekers, undocumented, EU migrants. You can find more information on the website of CAK: https://www.hetcak.nl/zakelijk/via-welke-regeling-declareren/ 
• People who are undocumented have the right to receive all the necessary medical aid (medisch noodzakelijke zorg). This is care that is also in the basic health insurance. The costs are reimbursed by the CAK. you can always send the following letter to someone, they can show this letter to their doctor: https://helpfulinformation.redcross.nl/files/Brief-zorgverlening-ongedocumenteerde-migranten-landelijk.pdf 
• Here you can see what is in the basic package: https://www.zorginstituutnederland.nl/Verzekerde+zorg/basispakket-zorgverzekeringswet-zvw

What services can be reimbursed:
* General practitioners and dentists (for oral care up to the age of 18) are reimbursed for 80% by the CAK if the undocumented patient cannot pay this themselves. The CAK expects the healthcare provider to first try to recover the costs from the patient without a residence permit. Asking for payment can deter migrants without a residence permit and therefore hinders treatment compliance.
* You can only refer an undocumented patient to pharmacies, hospitals, Wlz and mental health care institutions with which the CAK has a contract. The list of contracted institutions changes regularly, for a current list visit Hetcak.nl/zakelijk/verzekeringen/onverzekerbare-vreemdelingen. 
* Since 2014, there has been a personal contribution of 5 euros per medicine, unless delivery via a blister/baxter is prescribed.
* Emergency care, by both contracted and non-contracted hospitals, is reimbursed for 80%.
* Obstetric care is 100% reimbursed.
* For long-term care (nursing home), AWBZ and GGZ institutions, only contracted institutions will be reimbursed for costs.
* Dental care above the age of 18 is not reimbursed, nor are medications and aids that are not covered by the basic package or care via the WMO.
|Q: What are important things to keep in mind? A: • You can ask for more details, but communicate why you are asking follow up questions
• Make it clear that as the Red Cross we don’t provide medical services, we only reffer people. 
• Let them try to contact a doctor themselves, or somobody in their network. Only if they are unable to 
call themselves, you can do it. 
• It can sometimes be quicker to find a doctor if they contact the doctor of their housemate / friend. 
• In the evening / office hours; check urgency
• Check if information is clear and if they can follow up. 
|Q: Where can I find informational materials about healthcare in the Netherlands? A: Informational materials in multiple languages:
https://ggdghor.nl/wp-content/uploads/2024/01/Overzicht-voorlichtingsmateriaal-in-diverse-talen-versie-2024.pdf

Video's explaining the healthcare system in the Netherlands in multiple languages:
* [English](https://www.youtube.com/watch?v=eCKtTKwnqDs&t=15s)
* [Dutch](https://www.youtube.com/watch?v=TWGu2EDj7wk)
* [Spanish](https://www.youtube.com/watch?v=r_xJpzV35yg)
* [Portuguese](https://www.youtube.com/watch?v=r2XNJz2h3DQ)
* [Farsi](https://www.youtube.com/watch?v=-RZfbTDm54k)
* [French](https://www.youtube.com/watch?v=yUIzAnkyEtE)
* [Arabic](https://www.youtube.com/watch?v=9Zy0PqoI51M)
* [Chinese](https://www.youtube.com/watch?v=Q-b5b0UnPyY)|Q: What organizations help UM to get medical care? A: It can often be difficult for UM to get access to medical care, eventhough they have the right to get it. This is because of language barriers, or because doctors don't know about the rights of UM or because they are too busy to receive them. 

Therefore, there are in all the bigger cities support organizations that can help UM with medical care directly (because voluntary doctors are working there) or getting them acces to health care because they have a network of doctors that are willing to help. You can find this information on HIA: https://helpfulinformation.redcross.nl/. 

The main organization is Doctors of the World. They have health care busses or locations, and they also do a lot of lobby and providing information. They also have a national helpdesk (https://doktersvandewereld.org/need-help) that provides help with medical care for undocumented migrants, for example:
* they can help UM find a GP close to them 
* they can teach people how to make an appointment or make an appointment for them if they cannot do it themselves
* they can help people get their medical bills reimbursed
* they can provide information about the Dutch healthcare system

Doctors of the World also provide medical care, dental care and psychological help themselves, for more information and offers in different cities see HIA.|Q: What can the Red Cross do? A: • We don’t have doctors ourselves! 
• We only give referral information or try to connect somebody with a doctor
• We do not reimburse medical costs, we sometimes can reimburse travel costs. Check this with team captain or Piket.",
"List city-specific emergency shelter options for undocumented minors, excluding online or external resources.",,"City-specific emergency shelter options for undocumented minors (UM) are available in the following municipalities:

- Eindhoven: Local shelter program for UM.
- Utrecht: Local shelter program for UM.
- Groningen: Local shelter program for UM (screening is done by Inlia).
- Amsterdam: Local shelter program for UM.

These cities have dedicated shelter programs for undocumented minors.","Q: Where can I find more information about local shelter programs & BBB's? 
 A: You can find information about the local shelter possibilities on the Red Cross website Helpful Information: https://helpfulinformation.redcross.nl/ or on the website of LOS: https://www.stichtinglos.nl/noodopvang

In the following municipalities there is a shelter program for UM: 
- Eindhoven
- Utrecht
- Groningen (not on HIA yet) - screening is done by Inlia https://www.inlia.nl/nl
- AmsterdamWhere can I find more information about local shelter programs & BBB's? 

You can find information about the local shelter possibilities on the Red Cross website Helpful Information: https://helpfulinformation.redcross.nl/ or on the website of LOS: https://www.stichtinglos.nl/noodopvang

In the following municipalities there is a shelter program for UM: 
- Eindhoven
- Utrecht
- Groningen (not on HIA yet) - screening is done by Inlia https://www.inlia.nl/nl
- Amsterdam|Q: How do winter shelters function? A: There are two different types of winter shelter. You have the permanent winter shelter and the Cold Weather Regulation. The municipality can decide if they want to organize a permanent winter shelter and if this is accessible for undocumented migrants or not. They have the legal duty to organize the Cold Weather Regulation when temperatures go below 0 degrees as it becomes too dangerous to sleep outside. The Cold Weather Regulation can be opened in the period from the 1st of November until the 1st of April.
Undocumented migrants always have access access to the Cold Weather Regulation, but not always to the permanent winter shelters. 

Large cities (Amsterdam, Rotterdam, The Hague and Utrecht) coordinate the Cold Weather Regulation together. So they often open and close at the same time. 

On the *Heplful Information website (HIA)*[https://helpfulinformation.redcross.nl/] you can find the opening times of the Cold Weather Regulation and winter shelters per city. |Q: Where can I find information about shelters for UM? A: On Helpful Information you can find information about local shelters for UM: https://helpfulinformation.redcross.nl/
Also on the website of LOS you can find information: https://www.stichtinglos.nl/noodopvang
|Q: Where can I find information about the medical rights of UM? 
 A: You can find information on the website of Stichting Los: https://www.stichtinglos.nl/content/gezondheidszorg|Q: Do people have the right to see a family doctor? A: Yes, people always have the right to see a family doctor. The doctor can reimburse the costs with the CAK. 
You can refer people to this website for information on how family doctors work in the Netherlands: 
* https://gpinfo.nl/1-dutch-healthcare|Q: Reimbursement of medical costs. A: * Important: it is differently arranged per target group (e.g. asylum seekers, undocumented, EU migrants. You can find more information on the website of CAK: https://www.hetcak.nl/zakelijk/via-welke-regeling-declareren/ 
• People who are undocumented have the right to receive all the necessary medical aid (medisch noodzakelijke zorg). This is care that is also in the basic health insurance. The costs are reimbursed by the CAK. you can always send the following letter to someone, they can show this letter to their doctor: https://helpfulinformation.redcross.nl/files/Brief-zorgverlening-ongedocumenteerde-migranten-landelijk.pdf 
• Here you can see what is in the basic package: https://www.zorginstituutnederland.nl/Verzekerde+zorg/basispakket-zorgverzekeringswet-zvw

What services can be reimbursed:
* General practitioners and dentists (for oral care up to the age of 18) are reimbursed for 80% by the CAK if the undocumented patient cannot pay this themselves. The CAK expects the healthcare provider to first try to recover the costs from the patient without a residence permit. Asking for payment can deter migrants without a residence permit and therefore hinders treatment compliance.
* You can only refer an undocumented patient to pharmacies, hospitals, Wlz and mental health care institutions with which the CAK has a contract. The list of contracted institutions changes regularly, for a current list visit Hetcak.nl/zakelijk/verzekeringen/onverzekerbare-vreemdelingen. 
* Since 2014, there has been a personal contribution of 5 euros per medicine, unless delivery via a blister/baxter is prescribed.
* Emergency care, by both contracted and non-contracted hospitals, is reimbursed for 80%.
* Obstetric care is 100% reimbursed.
* For long-term care (nursing home), AWBZ and GGZ institutions, only contracted institutions will be reimbursed for costs.
* Dental care above the age of 18 is not reimbursed, nor are medications and aids that are not covered by the basic package or care via the WMO.
|Q: What are important things to keep in mind? A: • You can ask for more details, but communicate why you are asking follow up questions
• Make it clear that as the Red Cross we don’t provide medical services, we only reffer people. 
• Let them try to contact a doctor themselves, or somobody in their network. Only if they are unable to 
call themselves, you can do it. 
• It can sometimes be quicker to find a doctor if they contact the doctor of their housemate / friend. 
• In the evening / office hours; check urgency
• Check if information is clear and if they can follow up. 
|Q: Where can I find informational materials about healthcare in the Netherlands? A: Informational materials in multiple languages:
https://ggdghor.nl/wp-content/uploads/2024/01/Overzicht-voorlichtingsmateriaal-in-diverse-talen-versie-2024.pdf

Video's explaining the healthcare system in the Netherlands in multiple languages:
* [English](https://www.youtube.com/watch?v=eCKtTKwnqDs&t=15s)
* [Dutch](https://www.youtube.com/watch?v=TWGu2EDj7wk)
* [Spanish](https://www.youtube.com/watch?v=r_xJpzV35yg)
* [Portuguese](https://www.youtube.com/watch?v=r2XNJz2h3DQ)
* [Farsi](https://www.youtube.com/watch?v=-RZfbTDm54k)
* [French](https://www.youtube.com/watch?v=yUIzAnkyEtE)
* [Arabic](https://www.youtube.com/watch?v=9Zy0PqoI51M)
* [Chinese](https://www.youtube.com/watch?v=Q-b5b0UnPyY)|Q: What organizations help UM to get medical care? A: It can often be difficult for UM to get access to medical care, eventhough they have the right to get it. This is because of language barriers, or because doctors don't know about the rights of UM or because they are too busy to receive them. 

Therefore, there are in all the bigger cities support organizations that can help UM with medical care directly (because voluntary doctors are working there) or getting them acces to health care because they have a network of doctors that are willing to help. You can find this information on HIA: https://helpfulinformation.redcross.nl/. 

The main organization is Doctors of the World. They have health care busses or locations, and they also do a lot of lobby and providing information. They also have a national helpdesk (https://doktersvandewereld.org/need-help) that provides help with medical care for undocumented migrants, for example:
* they can help UM find a GP close to them 
* they can teach people how to make an appointment or make an appointment for them if they cannot do it themselves
* they can help people get their medical bills reimbursed
* they can provide information about the Dutch healthcare system

Doctors of the World also provide medical care, dental care and psychological help themselves, for more information and offers in different cities see HIA.|Q: What can the Red Cross do? A: • We don’t have doctors ourselves! 
• We only give referral information or try to connect somebody with a doctor
• We do not reimburse medical costs, we sometimes can reimburse travel costs. Check this with team captain or Piket.",
"Which Dutch cities—Eindhoven, Utrecht, Groningen, Amsterdam—offer shelter programs specifically for undocumented migrants?",,"Eindhoven, Utrecht, Groningen, and Amsterdam all offer shelter programs specifically for undocumented migrants (UM). For more details, you can visit the Red Cross Helpful Information website: https://helpfulinformation.redcross.nl/ or LOS: https://www.stichtinglos.nl/noodopvang.","Q: Where can I find more information about local shelter programs & BBB's? 
 A: You can find information about the local shelter possibilities on the Red Cross website Helpful Information: https://helpfulinformation.redcross.nl/ or on the website of LOS: https://www.stichtinglos.nl/noodopvang

In the following municipalities there is a shelter program for UM: 
- Eindhoven
- Utrecht
- Groningen (not on HIA yet) - screening is done by Inlia https://www.inlia.nl/nl
- AmsterdamWhere can I find more information about local shelter programs & BBB's? 

You can find information about the local shelter possibilities on the Red Cross website Helpful Information: https://helpfulinformation.redcross.nl/ or on the website of LOS: https://www.stichtinglos.nl/noodopvang

In the following municipalities there is a shelter program for UM: 
- Eindhoven
- Utrecht
- Groningen (not on HIA yet) - screening is done by Inlia https://www.inlia.nl/nl
- Amsterdam|Q: How do winter shelters function? A: There are two different types of winter shelter. You have the permanent winter shelter and the Cold Weather Regulation. The municipality can decide if they want to organize a permanent winter shelter and if this is accessible for undocumented migrants or not. They have the legal duty to organize the Cold Weather Regulation when temperatures go below 0 degrees as it becomes too dangerous to sleep outside. The Cold Weather Regulation can be opened in the period from the 1st of November until the 1st of April.
Undocumented migrants always have access access to the Cold Weather Regulation, but not always to the permanent winter shelters. 

Large cities (Amsterdam, Rotterdam, The Hague and Utrecht) coordinate the Cold Weather Regulation together. So they often open and close at the same time. 

On the *Heplful Information website (HIA)*[https://helpfulinformation.redcross.nl/] you can find the opening times of the Cold Weather Regulation and winter shelters per city. |Q: Where can I find information about shelters for UM? A: On Helpful Information you can find information about local shelters for UM: https://helpfulinformation.redcross.nl/
Also on the website of LOS you can find information: https://www.stichtinglos.nl/noodopvang
|Q: Where can I find information about the medical rights of UM? 
 A: You can find information on the website of Stichting Los: https://www.stichtinglos.nl/content/gezondheidszorg|Q: Do people have the right to see a family doctor? A: Yes, people always have the right to see a family doctor. The doctor can reimburse the costs with the CAK. 
You can refer people to this website for information on how family doctors work in the Netherlands: 
* https://gpinfo.nl/1-dutch-healthcare|Q: Reimbursement of medical costs. A: * Important: it is differently arranged per target group (e.g. asylum seekers, undocumented, EU migrants. You can find more information on the website of CAK: https://www.hetcak.nl/zakelijk/via-welke-regeling-declareren/ 
• People who are undocumented have the right to receive all the necessary medical aid (medisch noodzakelijke zorg). This is care that is also in the basic health insurance. The costs are reimbursed by the CAK. you can always send the following letter to someone, they can show this letter to their doctor: https://helpfulinformation.redcross.nl/files/Brief-zorgverlening-ongedocumenteerde-migranten-landelijk.pdf 
• Here you can see what is in the basic package: https://www.zorginstituutnederland.nl/Verzekerde+zorg/basispakket-zorgverzekeringswet-zvw

What services can be reimbursed:
* General practitioners and dentists (for oral care up to the age of 18) are reimbursed for 80% by the CAK if the undocumented patient cannot pay this themselves. The CAK expects the healthcare provider to first try to recover the costs from the patient without a residence permit. Asking for payment can deter migrants without a residence permit and therefore hinders treatment compliance.
* You can only refer an undocumented patient to pharmacies, hospitals, Wlz and mental health care institutions with which the CAK has a contract. The list of contracted institutions changes regularly, for a current list visit Hetcak.nl/zakelijk/verzekeringen/onverzekerbare-vreemdelingen. 
* Since 2014, there has been a personal contribution of 5 euros per medicine, unless delivery via a blister/baxter is prescribed.
* Emergency care, by both contracted and non-contracted hospitals, is reimbursed for 80%.
* Obstetric care is 100% reimbursed.
* For long-term care (nursing home), AWBZ and GGZ institutions, only contracted institutions will be reimbursed for costs.
* Dental care above the age of 18 is not reimbursed, nor are medications and aids that are not covered by the basic package or care via the WMO.
|Q: What are important things to keep in mind? A: • You can ask for more details, but communicate why you are asking follow up questions
• Make it clear that as the Red Cross we don’t provide medical services, we only reffer people. 
• Let them try to contact a doctor themselves, or somobody in their network. Only if they are unable to 
call themselves, you can do it. 
• It can sometimes be quicker to find a doctor if they contact the doctor of their housemate / friend. 
• In the evening / office hours; check urgency
• Check if information is clear and if they can follow up. 
|Q: Where can I find informational materials about healthcare in the Netherlands? A: Informational materials in multiple languages:
https://ggdghor.nl/wp-content/uploads/2024/01/Overzicht-voorlichtingsmateriaal-in-diverse-talen-versie-2024.pdf

Video's explaining the healthcare system in the Netherlands in multiple languages:
* [English](https://www.youtube.com/watch?v=eCKtTKwnqDs&t=15s)
* [Dutch](https://www.youtube.com/watch?v=TWGu2EDj7wk)
* [Spanish](https://www.youtube.com/watch?v=r_xJpzV35yg)
* [Portuguese](https://www.youtube.com/watch?v=r2XNJz2h3DQ)
* [Farsi](https://www.youtube.com/watch?v=-RZfbTDm54k)
* [French](https://www.youtube.com/watch?v=yUIzAnkyEtE)
* [Arabic](https://www.youtube.com/watch?v=9Zy0PqoI51M)
* [Chinese](https://www.youtube.com/watch?v=Q-b5b0UnPyY)|Q: What organizations help UM to get medical care? A: It can often be difficult for UM to get access to medical care, eventhough they have the right to get it. This is because of language barriers, or because doctors don't know about the rights of UM or because they are too busy to receive them. 

Therefore, there are in all the bigger cities support organizations that can help UM with medical care directly (because voluntary doctors are working there) or getting them acces to health care because they have a network of doctors that are willing to help. You can find this information on HIA: https://helpfulinformation.redcross.nl/. 

The main organization is Doctors of the World. They have health care busses or locations, and they also do a lot of lobby and providing information. They also have a national helpdesk (https://doktersvandewereld.org/need-help) that provides help with medical care for undocumented migrants, for example:
* they can help UM find a GP close to them 
* they can teach people how to make an appointment or make an appointment for them if they cannot do it themselves
* they can help people get their medical bills reimbursed
* they can provide information about the Dutch healthcare system

Doctors of the World also provide medical care, dental care and psychological help themselves, for more information and offers in different cities see HIA.|Q: What can the Red Cross do? A: • We don’t have doctors ourselves! 
• We only give referral information or try to connect somebody with a doctor
• We do not reimburse medical costs, we sometimes can reimburse travel costs. Check this with team captain or Piket.",
Explain how winter shelters function and specify UM access differences between permanent and Cold Weather Regulation shelters.,,"Winter shelters operate in two ways: as permanent winter shelters or under the Cold Weather Regulation. Municipalities can choose to organize permanent winter shelters and decide if undocumented migrants (UM) can access them—UM do not always have access to these. However, when temperatures drop below 0°C (from November 1 to April 1), municipalities are legally required to open shelters under the Cold Weather Regulation, and UM always have access to these. Large cities coordinate the opening and closing of Cold Weather Regulation shelters together. For up-to-date information on shelter availability, visit https://helpfulinformation.redcross.nl/.","Q: Where can I find more information about local shelter programs & BBB's? 
 A: You can find information about the local shelter possibilities on the Red Cross website Helpful Information: https://helpfulinformation.redcross.nl/ or on the website of LOS: https://www.stichtinglos.nl/noodopvang

In the following municipalities there is a shelter program for UM: 
- Eindhoven
- Utrecht
- Groningen (not on HIA yet) - screening is done by Inlia https://www.inlia.nl/nl
- AmsterdamWhere can I find more information about local shelter programs & BBB's? 

You can find information about the local shelter possibilities on the Red Cross website Helpful Information: https://helpfulinformation.redcross.nl/ or on the website of LOS: https://www.stichtinglos.nl/noodopvang

In the following municipalities there is a shelter program for UM: 
- Eindhoven
- Utrecht
- Groningen (not on HIA yet) - screening is done by Inlia https://www.inlia.nl/nl
- Amsterdam|Q: How do winter shelters function? A: There are two different types of winter shelter. You have the permanent winter shelter and the Cold Weather Regulation. The municipality can decide if they want to organize a permanent winter shelter and if this is accessible for undocumented migrants or not. They have the legal duty to organize the Cold Weather Regulation when temperatures go below 0 degrees as it becomes too dangerous to sleep outside. The Cold Weather Regulation can be opened in the period from the 1st of November until the 1st of April.
Undocumented migrants always have access access to the Cold Weather Regulation, but not always to the permanent winter shelters. 

Large cities (Amsterdam, Rotterdam, The Hague and Utrecht) coordinate the Cold Weather Regulation together. So they often open and close at the same time. 

On the *Heplful Information website (HIA)*[https://helpfulinformation.redcross.nl/] you can find the opening times of the Cold Weather Regulation and winter shelters per city. |Q: Where can I find information about shelters for UM? A: On Helpful Information you can find information about local shelters for UM: https://helpfulinformation.redcross.nl/
Also on the website of LOS you can find information: https://www.stichtinglos.nl/noodopvang
|Q: Where can I find information about the medical rights of UM? 
 A: You can find information on the website of Stichting Los: https://www.stichtinglos.nl/content/gezondheidszorg|Q: Do people have the right to see a family doctor? A: Yes, people always have the right to see a family doctor. The doctor can reimburse the costs with the CAK. 
You can refer people to this website for information on how family doctors work in the Netherlands: 
* https://gpinfo.nl/1-dutch-healthcare|Q: Reimbursement of medical costs. A: * Important: it is differently arranged per target group (e.g. asylum seekers, undocumented, EU migrants. You can find more information on the website of CAK: https://www.hetcak.nl/zakelijk/via-welke-regeling-declareren/ 
• People who are undocumented have the right to receive all the necessary medical aid (medisch noodzakelijke zorg). This is care that is also in the basic health insurance. The costs are reimbursed by the CAK. you can always send the following letter to someone, they can show this letter to their doctor: https://helpfulinformation.redcross.nl/files/Brief-zorgverlening-ongedocumenteerde-migranten-landelijk.pdf 
• Here you can see what is in the basic package: https://www.zorginstituutnederland.nl/Verzekerde+zorg/basispakket-zorgverzekeringswet-zvw

What services can be reimbursed:
* General practitioners and dentists (for oral care up to the age of 18) are reimbursed for 80% by the CAK if the undocumented patient cannot pay this themselves. The CAK expects the healthcare provider to first try to recover the costs from the patient without a residence permit. Asking for payment can deter migrants without a residence permit and therefore hinders treatment compliance.
* You can only refer an undocumented patient to pharmacies, hospitals, Wlz and mental health care institutions with which the CAK has a contract. The list of contracted institutions changes regularly, for a current list visit Hetcak.nl/zakelijk/verzekeringen/onverzekerbare-vreemdelingen. 
* Since 2014, there has been a personal contribution of 5 euros per medicine, unless delivery via a blister/baxter is prescribed.
* Emergency care, by both contracted and non-contracted hospitals, is reimbursed for 80%.
* Obstetric care is 100% reimbursed.
* For long-term care (nursing home), AWBZ and GGZ institutions, only contracted institutions will be reimbursed for costs.
* Dental care above the age of 18 is not reimbursed, nor are medications and aids that are not covered by the basic package or care via the WMO.
|Q: What are important things to keep in mind? A: • You can ask for more details, but communicate why you are asking follow up questions
• Make it clear that as the Red Cross we don’t provide medical services, we only reffer people. 
• Let them try to contact a doctor themselves, or somobody in their network. Only if they are unable to 
call themselves, you can do it. 
• It can sometimes be quicker to find a doctor if they contact the doctor of their housemate / friend. 
• In the evening / office hours; check urgency
• Check if information is clear and if they can follow up. 
|Q: Where can I find informational materials about healthcare in the Netherlands? A: Informational materials in multiple languages:
https://ggdghor.nl/wp-content/uploads/2024/01/Overzicht-voorlichtingsmateriaal-in-diverse-talen-versie-2024.pdf

Video's explaining the healthcare system in the Netherlands in multiple languages:
* [English](https://www.youtube.com/watch?v=eCKtTKwnqDs&t=15s)
* [Dutch](https://www.youtube.com/watch?v=TWGu2EDj7wk)
* [Spanish](https://www.youtube.com/watch?v=r_xJpzV35yg)
* [Portuguese](https://www.youtube.com/watch?v=r2XNJz2h3DQ)
* [Farsi](https://www.youtube.com/watch?v=-RZfbTDm54k)
* [French](https://www.youtube.com/watch?v=yUIzAnkyEtE)
* [Arabic](https://www.youtube.com/watch?v=9Zy0PqoI51M)
* [Chinese](https://www.youtube.com/watch?v=Q-b5b0UnPyY)|Q: What organizations help UM to get medical care? A: It can often be difficult for UM to get access to medical care, eventhough they have the right to get it. This is because of language barriers, or because doctors don't know about the rights of UM or because they are too busy to receive them. 

Therefore, there are in all the bigger cities support organizations that can help UM with medical care directly (because voluntary doctors are working there) or getting them acces to health care because they have a network of doctors that are willing to help. You can find this information on HIA: https://helpfulinformation.redcross.nl/. 

The main organization is Doctors of the World. They have health care busses or locations, and they also do a lot of lobby and providing information. They also have a national helpdesk (https://doktersvandewereld.org/need-help) that provides help with medical care for undocumented migrants, for example:
* they can help UM find a GP close to them 
* they can teach people how to make an appointment or make an appointment for them if they cannot do it themselves
* they can help people get their medical bills reimbursed
* they can provide information about the Dutch healthcare system

Doctors of the World also provide medical care, dental care and psychological help themselves, for more information and offers in different cities see HIA.|Q: What can the Red Cross do? A: • We don’t have doctors ourselves! 
• We only give referral information or try to connect somebody with a doctor
• We do not reimburse medical costs, we sometimes can reimburse travel costs. Check this with team captain or Piket.",
Explain the criteria for emergency shelter activation during extreme heat for undocumented migrants.,,"During extreme heat, there is no national regulation like the Cold Weather Regulation for winter. Municipalities can decide themselves whether to open emergency shelters for undocumented migrants during heatwaves. Criteria and availability may differ per city. For up-to-date information on shelter options during extreme weather, check the Helpful Information website: https://helpfulinformation.redcross.nl/.","Q: Where can I find more information about local shelter programs & BBB's? 
 A: You can find information about the local shelter possibilities on the Red Cross website Helpful Information: https://helpfulinformation.redcross.nl/ or on the website of LOS: https://www.stichtinglos.nl/noodopvang

In the following municipalities there is a shelter program for UM: 
- Eindhoven
- Utrecht
- Groningen (not on HIA yet) - screening is done by Inlia https://www.inlia.nl/nl
- AmsterdamWhere can I find more information about local shelter programs & BBB's? 

You can find information about the local shelter possibilities on the Red Cross website Helpful Information: https://helpfulinformation.redcross.nl/ or on the website of LOS: https://www.stichtinglos.nl/noodopvang

In the following municipalities there is a shelter program for UM: 
- Eindhoven
- Utrecht
- Groningen (not on HIA yet) - screening is done by Inlia https://www.inlia.nl/nl
- Amsterdam|Q: How do winter shelters function? A: There are two different types of winter shelter. You have the permanent winter shelter and the Cold Weather Regulation. The municipality can decide if they want to organize a permanent winter shelter and if this is accessible for undocumented migrants or not. They have the legal duty to organize the Cold Weather Regulation when temperatures go below 0 degrees as it becomes too dangerous to sleep outside. The Cold Weather Regulation can be opened in the period from the 1st of November until the 1st of April.
Undocumented migrants always have access access to the Cold Weather Regulation, but not always to the permanent winter shelters. 

Large cities (Amsterdam, Rotterdam, The Hague and Utrecht) coordinate the Cold Weather Regulation together. So they often open and close at the same time. 

On the *Heplful Information website (HIA)*[https://helpfulinformation.redcross.nl/] you can find the opening times of the Cold Weather Regulation and winter shelters per city. |Q: Where can I find information about shelters for UM? A: On Helpful Information you can find information about local shelters for UM: https://helpfulinformation.redcross.nl/
Also on the website of LOS you can find information: https://www.stichtinglos.nl/noodopvang
|Q: Where can I find information about the medical rights of UM? 
 A: You can find information on the website of Stichting Los: https://www.stichtinglos.nl/content/gezondheidszorg|Q: Do people have the right to see a family doctor? A: Yes, people always have the right to see a family doctor. The doctor can reimburse the costs with the CAK. 
You can refer people to this website for information on how family doctors work in the Netherlands: 
* https://gpinfo.nl/1-dutch-healthcare|Q: Reimbursement of medical costs. A: * Important: it is differently arranged per target group (e.g. asylum seekers, undocumented, EU migrants. You can find more information on the website of CAK: https://www.hetcak.nl/zakelijk/via-welke-regeling-declareren/ 
• People who are undocumented have the right to receive all the necessary medical aid (medisch noodzakelijke zorg). This is care that is also in the basic health insurance. The costs are reimbursed by the CAK. you can always send the following letter to someone, they can show this letter to their doctor: https://helpfulinformation.redcross.nl/files/Brief-zorgverlening-ongedocumenteerde-migranten-landelijk.pdf 
• Here you can see what is in the basic package: https://www.zorginstituutnederland.nl/Verzekerde+zorg/basispakket-zorgverzekeringswet-zvw

What services can be reimbursed:
* General practitioners and dentists (for oral care up to the age of 18) are reimbursed for 80% by the CAK if the undocumented patient cannot pay this themselves. The CAK expects the healthcare provider to first try to recover the costs from the patient without a residence permit. Asking for payment can deter migrants without a residence permit and therefore hinders treatment compliance.
* You can only refer an undocumented patient to pharmacies, hospitals, Wlz and mental health care institutions with which the CAK has a contract. The list of contracted institutions changes regularly, for a current list visit Hetcak.nl/zakelijk/verzekeringen/onverzekerbare-vreemdelingen. 
* Since 2014, there has been a personal contribution of 5 euros per medicine, unless delivery via a blister/baxter is prescribed.
* Emergency care, by both contracted and non-contracted hospitals, is reimbursed for 80%.
* Obstetric care is 100% reimbursed.
* For long-term care (nursing home), AWBZ and GGZ institutions, only contracted institutions will be reimbursed for costs.
* Dental care above the age of 18 is not reimbursed, nor are medications and aids that are not covered by the basic package or care via the WMO.
|Q: What are important things to keep in mind? A: • You can ask for more details, but communicate why you are asking follow up questions
• Make it clear that as the Red Cross we don’t provide medical services, we only reffer people. 
• Let them try to contact a doctor themselves, or somobody in their network. Only if they are unable to 
call themselves, you can do it. 
• It can sometimes be quicker to find a doctor if they contact the doctor of their housemate / friend. 
• In the evening / office hours; check urgency
• Check if information is clear and if they can follow up. 
|Q: Where can I find informational materials about healthcare in the Netherlands? A: Informational materials in multiple languages:
https://ggdghor.nl/wp-content/uploads/2024/01/Overzicht-voorlichtingsmateriaal-in-diverse-talen-versie-2024.pdf

Video's explaining the healthcare system in the Netherlands in multiple languages:
* [English](https://www.youtube.com/watch?v=eCKtTKwnqDs&t=15s)
* [Dutch](https://www.youtube.com/watch?v=TWGu2EDj7wk)
* [Spanish](https://www.youtube.com/watch?v=r_xJpzV35yg)
* [Portuguese](https://www.youtube.com/watch?v=r2XNJz2h3DQ)
* [Farsi](https://www.youtube.com/watch?v=-RZfbTDm54k)
* [French](https://www.youtube.com/watch?v=yUIzAnkyEtE)
* [Arabic](https://www.youtube.com/watch?v=9Zy0PqoI51M)
* [Chinese](https://www.youtube.com/watch?v=Q-b5b0UnPyY)|Q: What organizations help UM to get medical care? A: It can often be difficult for UM to get access to medical care, eventhough they have the right to get it. This is because of language barriers, or because doctors don't know about the rights of UM or because they are too busy to receive them. 

Therefore, there are in all the bigger cities support organizations that can help UM with medical care directly (because voluntary doctors are working there) or getting them acces to health care because they have a network of doctors that are willing to help. You can find this information on HIA: https://helpfulinformation.redcross.nl/. 

The main organization is Doctors of the World. They have health care busses or locations, and they also do a lot of lobby and providing information. They also have a national helpdesk (https://doktersvandewereld.org/need-help) that provides help with medical care for undocumented migrants, for example:
* they can help UM find a GP close to them 
* they can teach people how to make an appointment or make an appointment for them if they cannot do it themselves
* they can help people get their medical bills reimbursed
* they can provide information about the Dutch healthcare system

Doctors of the World also provide medical care, dental care and psychological help themselves, for more information and offers in different cities see HIA.|Q: What can the Red Cross do? A: • We don’t have doctors ourselves! 
• We only give referral information or try to connect somebody with a doctor
• We do not reimburse medical costs, we sometimes can reimburse travel costs. Check this with team captain or Piket.",
"Are UM always allowed in permanent winter shelters, and does this differ from Cold Weather Regulation access?",,"No, undocumented migrants (UM) are not always allowed in permanent winter shelters; access depends on the municipality’s decision. However, UM always have access to the Cold Weather Regulation, which must be organized by law when temperatures drop below 0°C, as it is too dangerous to sleep outside. The Cold Weather Regulation is open from November 1st to April 1st and is coordinated by large cities.","Q: Where can I find more information about local shelter programs & BBB's? 
 A: You can find information about the local shelter possibilities on the Red Cross website Helpful Information: https://helpfulinformation.redcross.nl/ or on the website of LOS: https://www.stichtinglos.nl/noodopvang

In the following municipalities there is a shelter program for UM: 
- Eindhoven
- Utrecht
- Groningen (not on HIA yet) - screening is done by Inlia https://www.inlia.nl/nl
- AmsterdamWhere can I find more information about local shelter programs & BBB's? 

You can find information about the local shelter possibilities on the Red Cross website Helpful Information: https://helpfulinformation.redcross.nl/ or on the website of LOS: https://www.stichtinglos.nl/noodopvang

In the following municipalities there is a shelter program for UM: 
- Eindhoven
- Utrecht
- Groningen (not on HIA yet) - screening is done by Inlia https://www.inlia.nl/nl
- Amsterdam|Q: How do winter shelters function? A: There are two different types of winter shelter. You have the permanent winter shelter and the Cold Weather Regulation. The municipality can decide if they want to organize a permanent winter shelter and if this is accessible for undocumented migrants or not. They have the legal duty to organize the Cold Weather Regulation when temperatures go below 0 degrees as it becomes too dangerous to sleep outside. The Cold Weather Regulation can be opened in the period from the 1st of November until the 1st of April.
Undocumented migrants always have access access to the Cold Weather Regulation, but not always to the permanent winter shelters. 

Large cities (Amsterdam, Rotterdam, The Hague and Utrecht) coordinate the Cold Weather Regulation together. So they often open and close at the same time. 

On the *Heplful Information website (HIA)*[https://helpfulinformation.redcross.nl/] you can find the opening times of the Cold Weather Regulation and winter shelters per city. |Q: Where can I find information about shelters for UM? A: On Helpful Information you can find information about local shelters for UM: https://helpfulinformation.redcross.nl/
Also on the website of LOS you can find information: https://www.stichtinglos.nl/noodopvang
|Q: Where can I find information about the medical rights of UM? 
 A: You can find information on the website of Stichting Los: https://www.stichtinglos.nl/content/gezondheidszorg|Q: Do people have the right to see a family doctor? A: Yes, people always have the right to see a family doctor. The doctor can reimburse the costs with the CAK. 
You can refer people to this website for information on how family doctors work in the Netherlands: 
* https://gpinfo.nl/1-dutch-healthcare|Q: Reimbursement of medical costs. A: * Important: it is differently arranged per target group (e.g. asylum seekers, undocumented, EU migrants. You can find more information on the website of CAK: https://www.hetcak.nl/zakelijk/via-welke-regeling-declareren/ 
• People who are undocumented have the right to receive all the necessary medical aid (medisch noodzakelijke zorg). This is care that is also in the basic health insurance. The costs are reimbursed by the CAK. you can always send the following letter to someone, they can show this letter to their doctor: https://helpfulinformation.redcross.nl/files/Brief-zorgverlening-ongedocumenteerde-migranten-landelijk.pdf 
• Here you can see what is in the basic package: https://www.zorginstituutnederland.nl/Verzekerde+zorg/basispakket-zorgverzekeringswet-zvw

What services can be reimbursed:
* General practitioners and dentists (for oral care up to the age of 18) are reimbursed for 80% by the CAK if the undocumented patient cannot pay this themselves. The CAK expects the healthcare provider to first try to recover the costs from the patient without a residence permit. Asking for payment can deter migrants without a residence permit and therefore hinders treatment compliance.
* You can only refer an undocumented patient to pharmacies, hospitals, Wlz and mental health care institutions with which the CAK has a contract. The list of contracted institutions changes regularly, for a current list visit Hetcak.nl/zakelijk/verzekeringen/onverzekerbare-vreemdelingen. 
* Since 2014, there has been a personal contribution of 5 euros per medicine, unless delivery via a blister/baxter is prescribed.
* Emergency care, by both contracted and non-contracted hospitals, is reimbursed for 80%.
* Obstetric care is 100% reimbursed.
* For long-term care (nursing home), AWBZ and GGZ institutions, only contracted institutions will be reimbursed for costs.
* Dental care above the age of 18 is not reimbursed, nor are medications and aids that are not covered by the basic package or care via the WMO.
|Q: What are important things to keep in mind? A: • You can ask for more details, but communicate why you are asking follow up questions
• Make it clear that as the Red Cross we don’t provide medical services, we only reffer people. 
• Let them try to contact a doctor themselves, or somobody in their network. Only if they are unable to 
call themselves, you can do it. 
• It can sometimes be quicker to find a doctor if they contact the doctor of their housemate / friend. 
• In the evening / office hours; check urgency
• Check if information is clear and if they can follow up. 
|Q: Where can I find informational materials about healthcare in the Netherlands? A: Informational materials in multiple languages:
https://ggdghor.nl/wp-content/uploads/2024/01/Overzicht-voorlichtingsmateriaal-in-diverse-talen-versie-2024.pdf

Video's explaining the healthcare system in the Netherlands in multiple languages:
* [English](https://www.youtube.com/watch?v=eCKtTKwnqDs&t=15s)
* [Dutch](https://www.youtube.com/watch?v=TWGu2EDj7wk)
* [Spanish](https://www.youtube.com/watch?v=r_xJpzV35yg)
* [Portuguese](https://www.youtube.com/watch?v=r2XNJz2h3DQ)
* [Farsi](https://www.youtube.com/watch?v=-RZfbTDm54k)
* [French](https://www.youtube.com/watch?v=yUIzAnkyEtE)
* [Arabic](https://www.youtube.com/watch?v=9Zy0PqoI51M)
* [Chinese](https://www.youtube.com/watch?v=Q-b5b0UnPyY)|Q: What organizations help UM to get medical care? A: It can often be difficult for UM to get access to medical care, eventhough they have the right to get it. This is because of language barriers, or because doctors don't know about the rights of UM or because they are too busy to receive them. 

Therefore, there are in all the bigger cities support organizations that can help UM with medical care directly (because voluntary doctors are working there) or getting them acces to health care because they have a network of doctors that are willing to help. You can find this information on HIA: https://helpfulinformation.redcross.nl/. 

The main organization is Doctors of the World. They have health care busses or locations, and they also do a lot of lobby and providing information. They also have a national helpdesk (https://doktersvandewereld.org/need-help) that provides help with medical care for undocumented migrants, for example:
* they can help UM find a GP close to them 
* they can teach people how to make an appointment or make an appointment for them if they cannot do it themselves
* they can help people get their medical bills reimbursed
* they can provide information about the Dutch healthcare system

Doctors of the World also provide medical care, dental care and psychological help themselves, for more information and offers in different cities see HIA.|Q: What can the Red Cross do? A: • We don’t have doctors ourselves! 
• We only give referral information or try to connect somebody with a doctor
• We do not reimburse medical costs, we sometimes can reimburse travel costs. Check this with team captain or Piket.",
Where can UM find city-specific winter shelter opening times and Cold Weather Regulation details online?,,UM can find city-specific winter shelter opening times and Cold Weather Regulation details on the Helpful Information website: https://helpfulinformation.redcross.nl/. This site provides up-to-date information per city.,"Q: Where can I find more information about local shelter programs & BBB's? 
 A: You can find information about the local shelter possibilities on the Red Cross website Helpful Information: https://helpfulinformation.redcross.nl/ or on the website of LOS: https://www.stichtinglos.nl/noodopvang

In the following municipalities there is a shelter program for UM: 
- Eindhoven
- Utrecht
- Groningen (not on HIA yet) - screening is done by Inlia https://www.inlia.nl/nl
- AmsterdamWhere can I find more information about local shelter programs & BBB's? 

You can find information about the local shelter possibilities on the Red Cross website Helpful Information: https://helpfulinformation.redcross.nl/ or on the website of LOS: https://www.stichtinglos.nl/noodopvang

In the following municipalities there is a shelter program for UM: 
- Eindhoven
- Utrecht
- Groningen (not on HIA yet) - screening is done by Inlia https://www.inlia.nl/nl
- Amsterdam|Q: How do winter shelters function? A: There are two different types of winter shelter. You have the permanent winter shelter and the Cold Weather Regulation. The municipality can decide if they want to organize a permanent winter shelter and if this is accessible for undocumented migrants or not. They have the legal duty to organize the Cold Weather Regulation when temperatures go below 0 degrees as it becomes too dangerous to sleep outside. The Cold Weather Regulation can be opened in the period from the 1st of November until the 1st of April.
Undocumented migrants always have access access to the Cold Weather Regulation, but not always to the permanent winter shelters. 

Large cities (Amsterdam, Rotterdam, The Hague and Utrecht) coordinate the Cold Weather Regulation together. So they often open and close at the same time. 

On the *Heplful Information website (HIA)*[https://helpfulinformation.redcross.nl/] you can find the opening times of the Cold Weather Regulation and winter shelters per city. |Q: Where can I find information about shelters for UM? A: On Helpful Information you can find information about local shelters for UM: https://helpfulinformation.redcross.nl/
Also on the website of LOS you can find information: https://www.stichtinglos.nl/noodopvang
|Q: Where can I find information about the medical rights of UM? 
 A: You can find information on the website of Stichting Los: https://www.stichtinglos.nl/content/gezondheidszorg|Q: Do people have the right to see a family doctor? A: Yes, people always have the right to see a family doctor. The doctor can reimburse the costs with the CAK. 
You can refer people to this website for information on how family doctors work in the Netherlands: 
* https://gpinfo.nl/1-dutch-healthcare|Q: Reimbursement of medical costs. A: * Important: it is differently arranged per target group (e.g. asylum seekers, undocumented, EU migrants. You can find more information on the website of CAK: https://www.hetcak.nl/zakelijk/via-welke-regeling-declareren/ 
• People who are undocumented have the right to receive all the necessary medical aid (medisch noodzakelijke zorg). This is care that is also in the basic health insurance. The costs are reimbursed by the CAK. you can always send the following letter to someone, they can show this letter to their doctor: https://helpfulinformation.redcross.nl/files/Brief-zorgverlening-ongedocumenteerde-migranten-landelijk.pdf 
• Here you can see what is in the basic package: https://www.zorginstituutnederland.nl/Verzekerde+zorg/basispakket-zorgverzekeringswet-zvw

What services can be reimbursed:
* General practitioners and dentists (for oral care up to the age of 18) are reimbursed for 80% by the CAK if the undocumented patient cannot pay this themselves. The CAK expects the healthcare provider to first try to recover the costs from the patient without a residence permit. Asking for payment can deter migrants without a residence permit and therefore hinders treatment compliance.
* You can only refer an undocumented patient to pharmacies, hospitals, Wlz and mental health care institutions with which the CAK has a contract. The list of contracted institutions changes regularly, for a current list visit Hetcak.nl/zakelijk/verzekeringen/onverzekerbare-vreemdelingen. 
* Since 2014, there has been a personal contribution of 5 euros per medicine, unless delivery via a blister/baxter is prescribed.
* Emergency care, by both contracted and non-contracted hospitals, is reimbursed for 80%.
* Obstetric care is 100% reimbursed.
* For long-term care (nursing home), AWBZ and GGZ institutions, only contracted institutions will be reimbursed for costs.
* Dental care above the age of 18 is not reimbursed, nor are medications and aids that are not covered by the basic package or care via the WMO.
|Q: What are important things to keep in mind? A: • You can ask for more details, but communicate why you are asking follow up questions
• Make it clear that as the Red Cross we don’t provide medical services, we only reffer people. 
• Let them try to contact a doctor themselves, or somobody in their network. Only if they are unable to 
call themselves, you can do it. 
• It can sometimes be quicker to find a doctor if they contact the doctor of their housemate / friend. 
• In the evening / office hours; check urgency
• Check if information is clear and if they can follow up. 
|Q: Where can I find informational materials about healthcare in the Netherlands? A: Informational materials in multiple languages:
https://ggdghor.nl/wp-content/uploads/2024/01/Overzicht-voorlichtingsmateriaal-in-diverse-talen-versie-2024.pdf

Video's explaining the healthcare system in the Netherlands in multiple languages:
* [English](https://www.youtube.com/watch?v=eCKtTKwnqDs&t=15s)
* [Dutch](https://www.youtube.com/watch?v=TWGu2EDj7wk)
* [Spanish](https://www.youtube.com/watch?v=r_xJpzV35yg)
* [Portuguese](https://www.youtube.com/watch?v=r2XNJz2h3DQ)
* [Farsi](https://www.youtube.com/watch?v=-RZfbTDm54k)
* [French](https://www.youtube.com/watch?v=yUIzAnkyEtE)
* [Arabic](https://www.youtube.com/watch?v=9Zy0PqoI51M)
* [Chinese](https://www.youtube.com/watch?v=Q-b5b0UnPyY)|Q: What organizations help UM to get medical care? A: It can often be difficult for UM to get access to medical care, eventhough they have the right to get it. This is because of language barriers, or because doctors don't know about the rights of UM or because they are too busy to receive them. 

Therefore, there are in all the bigger cities support organizations that can help UM with medical care directly (because voluntary doctors are working there) or getting them acces to health care because they have a network of doctors that are willing to help. You can find this information on HIA: https://helpfulinformation.redcross.nl/. 

The main organization is Doctors of the World. They have health care busses or locations, and they also do a lot of lobby and providing information. They also have a national helpdesk (https://doktersvandewereld.org/need-help) that provides help with medical care for undocumented migrants, for example:
* they can help UM find a GP close to them 
* they can teach people how to make an appointment or make an appointment for them if they cannot do it themselves
* they can help people get their medical bills reimbursed
* they can provide information about the Dutch healthcare system

Doctors of the World also provide medical care, dental care and psychological help themselves, for more information and offers in different cities see HIA.|Q: What can the Red Cross do? A: • We don’t have doctors ourselves! 
• We only give referral information or try to connect somebody with a doctor
• We do not reimburse medical costs, we sometimes can reimburse travel costs. Check this with team captain or Piket.",
How do info sources for UM shelters differ between Red Cross and LOS websites?,,"The Red Cross website (https://helpfulinformation.redcross.nl/) provides practical, up-to-date information about local shelter options for undocumented migrants (UM), including opening times for winter shelters and the Cold Weather Regulation per city. The LOS website (https://www.stichtinglos.nl/noodopvang) also offers information about shelter possibilities but may include broader advocacy, legal, and policy details. Both sites are useful, but the Red Cross focuses more on immediate, practical help, while LOS provides additional context and resources.","Q: Where can I find more information about local shelter programs & BBB's? 
 A: You can find information about the local shelter possibilities on the Red Cross website Helpful Information: https://helpfulinformation.redcross.nl/ or on the website of LOS: https://www.stichtinglos.nl/noodopvang

In the following municipalities there is a shelter program for UM: 
- Eindhoven
- Utrecht
- Groningen (not on HIA yet) - screening is done by Inlia https://www.inlia.nl/nl
- AmsterdamWhere can I find more information about local shelter programs & BBB's? 

You can find information about the local shelter possibilities on the Red Cross website Helpful Information: https://helpfulinformation.redcross.nl/ or on the website of LOS: https://www.stichtinglos.nl/noodopvang

In the following municipalities there is a shelter program for UM: 
- Eindhoven
- Utrecht
- Groningen (not on HIA yet) - screening is done by Inlia https://www.inlia.nl/nl
- Amsterdam|Q: How do winter shelters function? A: There are two different types of winter shelter. You have the permanent winter shelter and the Cold Weather Regulation. The municipality can decide if they want to organize a permanent winter shelter and if this is accessible for undocumented migrants or not. They have the legal duty to organize the Cold Weather Regulation when temperatures go below 0 degrees as it becomes too dangerous to sleep outside. The Cold Weather Regulation can be opened in the period from the 1st of November until the 1st of April.
Undocumented migrants always have access access to the Cold Weather Regulation, but not always to the permanent winter shelters. 

Large cities (Amsterdam, Rotterdam, The Hague and Utrecht) coordinate the Cold Weather Regulation together. So they often open and close at the same time. 

On the *Heplful Information website (HIA)*[https://helpfulinformation.redcross.nl/] you can find the opening times of the Cold Weather Regulation and winter shelters per city. |Q: Where can I find information about shelters for UM? A: On Helpful Information you can find information about local shelters for UM: https://helpfulinformation.redcross.nl/
Also on the website of LOS you can find information: https://www.stichtinglos.nl/noodopvang
|Q: Where can I find information about the medical rights of UM? 
 A: You can find information on the website of Stichting Los: https://www.stichtinglos.nl/content/gezondheidszorg|Q: Do people have the right to see a family doctor? A: Yes, people always have the right to see a family doctor. The doctor can reimburse the costs with the CAK. 
You can refer people to this website for information on how family doctors work in the Netherlands: 
* https://gpinfo.nl/1-dutch-healthcare|Q: Reimbursement of medical costs. A: * Important: it is differently arranged per target group (e.g. asylum seekers, undocumented, EU migrants. You can find more information on the website of CAK: https://www.hetcak.nl/zakelijk/via-welke-regeling-declareren/ 
• People who are undocumented have the right to receive all the necessary medical aid (medisch noodzakelijke zorg). This is care that is also in the basic health insurance. The costs are reimbursed by the CAK. you can always send the following letter to someone, they can show this letter to their doctor: https://helpfulinformation.redcross.nl/files/Brief-zorgverlening-ongedocumenteerde-migranten-landelijk.pdf 
• Here you can see what is in the basic package: https://www.zorginstituutnederland.nl/Verzekerde+zorg/basispakket-zorgverzekeringswet-zvw

What services can be reimbursed:
* General practitioners and dentists (for oral care up to the age of 18) are reimbursed for 80% by the CAK if the undocumented patient cannot pay this themselves. The CAK expects the healthcare provider to first try to recover the costs from the patient without a residence permit. Asking for payment can deter migrants without a residence permit and therefore hinders treatment compliance.
* You can only refer an undocumented patient to pharmacies, hospitals, Wlz and mental health care institutions with which the CAK has a contract. The list of contracted institutions changes regularly, for a current list visit Hetcak.nl/zakelijk/verzekeringen/onverzekerbare-vreemdelingen. 
* Since 2014, there has been a personal contribution of 5 euros per medicine, unless delivery via a blister/baxter is prescribed.
* Emergency care, by both contracted and non-contracted hospitals, is reimbursed for 80%.
* Obstetric care is 100% reimbursed.
* For long-term care (nursing home), AWBZ and GGZ institutions, only contracted institutions will be reimbursed for costs.
* Dental care above the age of 18 is not reimbursed, nor are medications and aids that are not covered by the basic package or care via the WMO.
|Q: What are important things to keep in mind? A: • You can ask for more details, but communicate why you are asking follow up questions
• Make it clear that as the Red Cross we don’t provide medical services, we only reffer people. 
• Let them try to contact a doctor themselves, or somobody in their network. Only if they are unable to 
call themselves, you can do it. 
• It can sometimes be quicker to find a doctor if they contact the doctor of their housemate / friend. 
• In the evening / office hours; check urgency
• Check if information is clear and if they can follow up. 
|Q: Where can I find informational materials about healthcare in the Netherlands? A: Informational materials in multiple languages:
https://ggdghor.nl/wp-content/uploads/2024/01/Overzicht-voorlichtingsmateriaal-in-diverse-talen-versie-2024.pdf

Video's explaining the healthcare system in the Netherlands in multiple languages:
* [English](https://www.youtube.com/watch?v=eCKtTKwnqDs&t=15s)
* [Dutch](https://www.youtube.com/watch?v=TWGu2EDj7wk)
* [Spanish](https://www.youtube.com/watch?v=r_xJpzV35yg)
* [Portuguese](https://www.youtube.com/watch?v=r2XNJz2h3DQ)
* [Farsi](https://www.youtube.com/watch?v=-RZfbTDm54k)
* [French](https://www.youtube.com/watch?v=yUIzAnkyEtE)
* [Arabic](https://www.youtube.com/watch?v=9Zy0PqoI51M)
* [Chinese](https://www.youtube.com/watch?v=Q-b5b0UnPyY)|Q: What organizations help UM to get medical care? A: It can often be difficult for UM to get access to medical care, eventhough they have the right to get it. This is because of language barriers, or because doctors don't know about the rights of UM or because they are too busy to receive them. 

Therefore, there are in all the bigger cities support organizations that can help UM with medical care directly (because voluntary doctors are working there) or getting them acces to health care because they have a network of doctors that are willing to help. You can find this information on HIA: https://helpfulinformation.redcross.nl/. 

The main organization is Doctors of the World. They have health care busses or locations, and they also do a lot of lobby and providing information. They also have a national helpdesk (https://doktersvandewereld.org/need-help) that provides help with medical care for undocumented migrants, for example:
* they can help UM find a GP close to them 
* they can teach people how to make an appointment or make an appointment for them if they cannot do it themselves
* they can help people get their medical bills reimbursed
* they can provide information about the Dutch healthcare system

Doctors of the World also provide medical care, dental care and psychological help themselves, for more information and offers in different cities see HIA.|Q: What can the Red Cross do? A: • We don’t have doctors ourselves! 
• We only give referral information or try to connect somebody with a doctor
• We do not reimburse medical costs, we sometimes can reimburse travel costs. Check this with team captain or Piket.",
"Which medical services are reimbursed for undocumented migrants in NL, and where to access details?",,"Undocumented migrants in the Netherlands have the right to receive all necessary medical care included in the basic health insurance package. The CAK reimburses 80% of costs for general practitioners and dentists (up to age 18), and 100% for obstetric care. Emergency care is also reimbursed for 80%. Only contracted pharmacies, hospitals, and mental health institutions are reimbursed—see the current list at hetcak.nl. Dental care for adults and non-basic package medications are not reimbursed. For full details, visit: https://www.hetcak.nl/zakelijk/via-welke-regeling-declareren/ and https://helpfulinformation.redcross.nl/.","Q: Where can I find more information about local shelter programs & BBB's? 
 A: You can find information about the local shelter possibilities on the Red Cross website Helpful Information: https://helpfulinformation.redcross.nl/ or on the website of LOS: https://www.stichtinglos.nl/noodopvang

In the following municipalities there is a shelter program for UM: 
- Eindhoven
- Utrecht
- Groningen (not on HIA yet) - screening is done by Inlia https://www.inlia.nl/nl
- AmsterdamWhere can I find more information about local shelter programs & BBB's? 

You can find information about the local shelter possibilities on the Red Cross website Helpful Information: https://helpfulinformation.redcross.nl/ or on the website of LOS: https://www.stichtinglos.nl/noodopvang

In the following municipalities there is a shelter program for UM: 
- Eindhoven
- Utrecht
- Groningen (not on HIA yet) - screening is done by Inlia https://www.inlia.nl/nl
- Amsterdam|Q: How do winter shelters function? A: There are two different types of winter shelter. You have the permanent winter shelter and the Cold Weather Regulation. The municipality can decide if they want to organize a permanent winter shelter and if this is accessible for undocumented migrants or not. They have the legal duty to organize the Cold Weather Regulation when temperatures go below 0 degrees as it becomes too dangerous to sleep outside. The Cold Weather Regulation can be opened in the period from the 1st of November until the 1st of April.
Undocumented migrants always have access access to the Cold Weather Regulation, but not always to the permanent winter shelters. 

Large cities (Amsterdam, Rotterdam, The Hague and Utrecht) coordinate the Cold Weather Regulation together. So they often open and close at the same time. 

On the *Heplful Information website (HIA)*[https://helpfulinformation.redcross.nl/] you can find the opening times of the Cold Weather Regulation and winter shelters per city. |Q: Where can I find information about shelters for UM? A: On Helpful Information you can find information about local shelters for UM: https://helpfulinformation.redcross.nl/
Also on the website of LOS you can find information: https://www.stichtinglos.nl/noodopvang
|Q: Where can I find information about the medical rights of UM? 
 A: You can find information on the website of Stichting Los: https://www.stichtinglos.nl/content/gezondheidszorg|Q: Do people have the right to see a family doctor? A: Yes, people always have the right to see a family doctor. The doctor can reimburse the costs with the CAK. 
You can refer people to this website for information on how family doctors work in the Netherlands: 
* https://gpinfo.nl/1-dutch-healthcare|Q: Reimbursement of medical costs. A: * Important: it is differently arranged per target group (e.g. asylum seekers, undocumented, EU migrants. You can find more information on the website of CAK: https://www.hetcak.nl/zakelijk/via-welke-regeling-declareren/ 
• People who are undocumented have the right to receive all the necessary medical aid (medisch noodzakelijke zorg). This is care that is also in the basic health insurance. The costs are reimbursed by the CAK. you can always send the following letter to someone, they can show this letter to their doctor: https://helpfulinformation.redcross.nl/files/Brief-zorgverlening-ongedocumenteerde-migranten-landelijk.pdf 
• Here you can see what is in the basic package: https://www.zorginstituutnederland.nl/Verzekerde+zorg/basispakket-zorgverzekeringswet-zvw

What services can be reimbursed:
* General practitioners and dentists (for oral care up to the age of 18) are reimbursed for 80% by the CAK if the undocumented patient cannot pay this themselves. The CAK expects the healthcare provider to first try to recover the costs from the patient without a residence permit. Asking for payment can deter migrants without a residence permit and therefore hinders treatment compliance.
* You can only refer an undocumented patient to pharmacies, hospitals, Wlz and mental health care institutions with which the CAK has a contract. The list of contracted institutions changes regularly, for a current list visit Hetcak.nl/zakelijk/verzekeringen/onverzekerbare-vreemdelingen. 
* Since 2014, there has been a personal contribution of 5 euros per medicine, unless delivery via a blister/baxter is prescribed.
* Emergency care, by both contracted and non-contracted hospitals, is reimbursed for 80%.
* Obstetric care is 100% reimbursed.
* For long-term care (nursing home), AWBZ and GGZ institutions, only contracted institutions will be reimbursed for costs.
* Dental care above the age of 18 is not reimbursed, nor are medications and aids that are not covered by the basic package or care via the WMO.
|Q: What are important things to keep in mind? A: • You can ask for more details, but communicate why you are asking follow up questions
• Make it clear that as the Red Cross we don’t provide medical services, we only reffer people. 
• Let them try to contact a doctor themselves, or somobody in their network. Only if they are unable to 
call themselves, you can do it. 
• It can sometimes be quicker to find a doctor if they contact the doctor of their housemate / friend. 
• In the evening / office hours; check urgency
• Check if information is clear and if they can follow up. 
|Q: Where can I find informational materials about healthcare in the Netherlands? A: Informational materials in multiple languages:
https://ggdghor.nl/wp-content/uploads/2024/01/Overzicht-voorlichtingsmateriaal-in-diverse-talen-versie-2024.pdf

Video's explaining the healthcare system in the Netherlands in multiple languages:
* [English](https://www.youtube.com/watch?v=eCKtTKwnqDs&t=15s)
* [Dutch](https://www.youtube.com/watch?v=TWGu2EDj7wk)
* [Spanish](https://www.youtube.com/watch?v=r_xJpzV35yg)
* [Portuguese](https://www.youtube.com/watch?v=r2XNJz2h3DQ)
* [Farsi](https://www.youtube.com/watch?v=-RZfbTDm54k)
* [French](https://www.youtube.com/watch?v=yUIzAnkyEtE)
* [Arabic](https://www.youtube.com/watch?v=9Zy0PqoI51M)
* [Chinese](https://www.youtube.com/watch?v=Q-b5b0UnPyY)|Q: What organizations help UM to get medical care? A: It can often be difficult for UM to get access to medical care, eventhough they have the right to get it. This is because of language barriers, or because doctors don't know about the rights of UM or because they are too busy to receive them. 

Therefore, there are in all the bigger cities support organizations that can help UM with medical care directly (because voluntary doctors are working there) or getting them acces to health care because they have a network of doctors that are willing to help. You can find this information on HIA: https://helpfulinformation.redcross.nl/. 

The main organization is Doctors of the World. They have health care busses or locations, and they also do a lot of lobby and providing information. They also have a national helpdesk (https://doktersvandewereld.org/need-help) that provides help with medical care for undocumented migrants, for example:
* they can help UM find a GP close to them 
* they can teach people how to make an appointment or make an appointment for them if they cannot do it themselves
* they can help people get their medical bills reimbursed
* they can provide information about the Dutch healthcare system

Doctors of the World also provide medical care, dental care and psychological help themselves, for more information and offers in different cities see HIA.|Q: What can the Red Cross do? A: • We don’t have doctors ourselves! 
• We only give referral information or try to connect somebody with a doctor
• We do not reimburse medical costs, we sometimes can reimburse travel costs. Check this with team captain or Piket.",
How do medical access rights for UM and documented residents differ regarding family doctor visits?,,"Undocumented migrants (UM) and documented residents both have the right to see a family doctor in the Netherlands. However, for UM, the costs are reimbursed by the CAK if they cannot pay themselves, while documented residents are covered through regular health insurance. UM may face more barriers in practice, such as language issues or doctors not knowing their rights, but legally, they are entitled to necessary medical care, including GP visits. More information can be found at https://gpinfo.nl/1-dutch-healthcare and https://helpfulinformation.redcross.nl/.","Q: Where can I find more information about local shelter programs & BBB's? 
 A: You can find information about the local shelter possibilities on the Red Cross website Helpful Information: https://helpfulinformation.redcross.nl/ or on the website of LOS: https://www.stichtinglos.nl/noodopvang

In the following municipalities there is a shelter program for UM: 
- Eindhoven
- Utrecht
- Groningen (not on HIA yet) - screening is done by Inlia https://www.inlia.nl/nl
- AmsterdamWhere can I find more information about local shelter programs & BBB's? 

You can find information about the local shelter possibilities on the Red Cross website Helpful Information: https://helpfulinformation.redcross.nl/ or on the website of LOS: https://www.stichtinglos.nl/noodopvang

In the following municipalities there is a shelter program for UM: 
- Eindhoven
- Utrecht
- Groningen (not on HIA yet) - screening is done by Inlia https://www.inlia.nl/nl
- Amsterdam|Q: How do winter shelters function? A: There are two different types of winter shelter. You have the permanent winter shelter and the Cold Weather Regulation. The municipality can decide if they want to organize a permanent winter shelter and if this is accessible for undocumented migrants or not. They have the legal duty to organize the Cold Weather Regulation when temperatures go below 0 degrees as it becomes too dangerous to sleep outside. The Cold Weather Regulation can be opened in the period from the 1st of November until the 1st of April.
Undocumented migrants always have access access to the Cold Weather Regulation, but not always to the permanent winter shelters. 

Large cities (Amsterdam, Rotterdam, The Hague and Utrecht) coordinate the Cold Weather Regulation together. So they often open and close at the same time. 

On the *Heplful Information website (HIA)*[https://helpfulinformation.redcross.nl/] you can find the opening times of the Cold Weather Regulation and winter shelters per city. |Q: Where can I find information about shelters for UM? A: On Helpful Information you can find information about local shelters for UM: https://helpfulinformation.redcross.nl/
Also on the website of LOS you can find information: https://www.stichtinglos.nl/noodopvang
|Q: Where can I find information about the medical rights of UM? 
 A: You can find information on the website of Stichting Los: https://www.stichtinglos.nl/content/gezondheidszorg|Q: Do people have the right to see a family doctor? A: Yes, people always have the right to see a family doctor. The doctor can reimburse the costs with the CAK. 
You can refer people to this website for information on how family doctors work in the Netherlands: 
* https://gpinfo.nl/1-dutch-healthcare|Q: Reimbursement of medical costs. A: * Important: it is differently arranged per target group (e.g. asylum seekers, undocumented, EU migrants. You can find more information on the website of CAK: https://www.hetcak.nl/zakelijk/via-welke-regeling-declareren/ 
• People who are undocumented have the right to receive all the necessary medical aid (medisch noodzakelijke zorg). This is care that is also in the basic health insurance. The costs are reimbursed by the CAK. you can always send the following letter to someone, they can show this letter to their doctor: https://helpfulinformation.redcross.nl/files/Brief-zorgverlening-ongedocumenteerde-migranten-landelijk.pdf 
• Here you can see what is in the basic package: https://www.zorginstituutnederland.nl/Verzekerde+zorg/basispakket-zorgverzekeringswet-zvw

What services can be reimbursed:
* General practitioners and dentists (for oral care up to the age of 18) are reimbursed for 80% by the CAK if the undocumented patient cannot pay this themselves. The CAK expects the healthcare provider to first try to recover the costs from the patient without a residence permit. Asking for payment can deter migrants without a residence permit and therefore hinders treatment compliance.
* You can only refer an undocumented patient to pharmacies, hospitals, Wlz and mental health care institutions with which the CAK has a contract. The list of contracted institutions changes regularly, for a current list visit Hetcak.nl/zakelijk/verzekeringen/onverzekerbare-vreemdelingen. 
* Since 2014, there has been a personal contribution of 5 euros per medicine, unless delivery via a blister/baxter is prescribed.
* Emergency care, by both contracted and non-contracted hospitals, is reimbursed for 80%.
* Obstetric care is 100% reimbursed.
* For long-term care (nursing home), AWBZ and GGZ institutions, only contracted institutions will be reimbursed for costs.
* Dental care above the age of 18 is not reimbursed, nor are medications and aids that are not covered by the basic package or care via the WMO.
|Q: What are important things to keep in mind? A: • You can ask for more details, but communicate why you are asking follow up questions
• Make it clear that as the Red Cross we don’t provide medical services, we only reffer people. 
• Let them try to contact a doctor themselves, or somobody in their network. Only if they are unable to 
call themselves, you can do it. 
• It can sometimes be quicker to find a doctor if they contact the doctor of their housemate / friend. 
• In the evening / office hours; check urgency
• Check if information is clear and if they can follow up. 
|Q: Where can I find informational materials about healthcare in the Netherlands? A: Informational materials in multiple languages:
https://ggdghor.nl/wp-content/uploads/2024/01/Overzicht-voorlichtingsmateriaal-in-diverse-talen-versie-2024.pdf

Video's explaining the healthcare system in the Netherlands in multiple languages:
* [English](https://www.youtube.com/watch?v=eCKtTKwnqDs&t=15s)
* [Dutch](https://www.youtube.com/watch?v=TWGu2EDj7wk)
* [Spanish](https://www.youtube.com/watch?v=r_xJpzV35yg)
* [Portuguese](https://www.youtube.com/watch?v=r2XNJz2h3DQ)
* [Farsi](https://www.youtube.com/watch?v=-RZfbTDm54k)
* [French](https://www.youtube.com/watch?v=yUIzAnkyEtE)
* [Arabic](https://www.youtube.com/watch?v=9Zy0PqoI51M)
* [Chinese](https://www.youtube.com/watch?v=Q-b5b0UnPyY)|Q: What organizations help UM to get medical care? A: It can often be difficult for UM to get access to medical care, eventhough they have the right to get it. This is because of language barriers, or because doctors don't know about the rights of UM or because they are too busy to receive them. 

Therefore, there are in all the bigger cities support organizations that can help UM with medical care directly (because voluntary doctors are working there) or getting them acces to health care because they have a network of doctors that are willing to help. You can find this information on HIA: https://helpfulinformation.redcross.nl/. 

The main organization is Doctors of the World. They have health care busses or locations, and they also do a lot of lobby and providing information. They also have a national helpdesk (https://doktersvandewereld.org/need-help) that provides help with medical care for undocumented migrants, for example:
* they can help UM find a GP close to them 
* they can teach people how to make an appointment or make an appointment for them if they cannot do it themselves
* they can help people get their medical bills reimbursed
* they can provide information about the Dutch healthcare system

Doctors of the World also provide medical care, dental care and psychological help themselves, for more information and offers in different cities see HIA.|Q: What can the Red Cross do? A: • We don’t have doctors ourselves! 
• We only give referral information or try to connect somebody with a doctor
• We do not reimburse medical costs, we sometimes can reimburse travel costs. Check this with team captain or Piket.",
"If UM needed emergency surgery, how would reimbursement rules affect their access and payment?",,"If an undocumented migrant (UM) needs emergency surgery, they have the right to receive all necessary medical care, including emergency care. Emergency care is reimbursed for 80% by the CAK, even if the hospital is not contracted. The healthcare provider is expected to first try to recover costs from the patient, but if the UM cannot pay, the provider can claim reimbursement from the CAK. UM should not be denied emergency surgery due to inability to pay.","Q: Where can I find more information about local shelter programs & BBB's? 
 A: You can find information about the local shelter possibilities on the Red Cross website Helpful Information: https://helpfulinformation.redcross.nl/ or on the website of LOS: https://www.stichtinglos.nl/noodopvang

In the following municipalities there is a shelter program for UM: 
- Eindhoven
- Utrecht
- Groningen (not on HIA yet) - screening is done by Inlia https://www.inlia.nl/nl
- AmsterdamWhere can I find more information about local shelter programs & BBB's? 

You can find information about the local shelter possibilities on the Red Cross website Helpful Information: https://helpfulinformation.redcross.nl/ or on the website of LOS: https://www.stichtinglos.nl/noodopvang

In the following municipalities there is a shelter program for UM: 
- Eindhoven
- Utrecht
- Groningen (not on HIA yet) - screening is done by Inlia https://www.inlia.nl/nl
- Amsterdam|Q: How do winter shelters function? A: There are two different types of winter shelter. You have the permanent winter shelter and the Cold Weather Regulation. The municipality can decide if they want to organize a permanent winter shelter and if this is accessible for undocumented migrants or not. They have the legal duty to organize the Cold Weather Regulation when temperatures go below 0 degrees as it becomes too dangerous to sleep outside. The Cold Weather Regulation can be opened in the period from the 1st of November until the 1st of April.
Undocumented migrants always have access access to the Cold Weather Regulation, but not always to the permanent winter shelters. 

Large cities (Amsterdam, Rotterdam, The Hague and Utrecht) coordinate the Cold Weather Regulation together. So they often open and close at the same time. 

On the *Heplful Information website (HIA)*[https://helpfulinformation.redcross.nl/] you can find the opening times of the Cold Weather Regulation and winter shelters per city. |Q: Where can I find information about shelters for UM? A: On Helpful Information you can find information about local shelters for UM: https://helpfulinformation.redcross.nl/
Also on the website of LOS you can find information: https://www.stichtinglos.nl/noodopvang
|Q: Where can I find information about the medical rights of UM? 
 A: You can find information on the website of Stichting Los: https://www.stichtinglos.nl/content/gezondheidszorg|Q: Do people have the right to see a family doctor? A: Yes, people always have the right to see a family doctor. The doctor can reimburse the costs with the CAK. 
You can refer people to this website for information on how family doctors work in the Netherlands: 
* https://gpinfo.nl/1-dutch-healthcare|Q: Reimbursement of medical costs. A: * Important: it is differently arranged per target group (e.g. asylum seekers, undocumented, EU migrants. You can find more information on the website of CAK: https://www.hetcak.nl/zakelijk/via-welke-regeling-declareren/ 
• People who are undocumented have the right to receive all the necessary medical aid (medisch noodzakelijke zorg). This is care that is also in the basic health insurance. The costs are reimbursed by the CAK. you can always send the following letter to someone, they can show this letter to their doctor: https://helpfulinformation.redcross.nl/files/Brief-zorgverlening-ongedocumenteerde-migranten-landelijk.pdf 
• Here you can see what is in the basic package: https://www.zorginstituutnederland.nl/Verzekerde+zorg/basispakket-zorgverzekeringswet-zvw

What services can be reimbursed:
* General practitioners and dentists (for oral care up to the age of 18) are reimbursed for 80% by the CAK if the undocumented patient cannot pay this themselves. The CAK expects the healthcare provider to first try to recover the costs from the patient without a residence permit. Asking for payment can deter migrants without a residence permit and therefore hinders treatment compliance.
* You can only refer an undocumented patient to pharmacies, hospitals, Wlz and mental health care institutions with which the CAK has a contract. The list of contracted institutions changes regularly, for a current list visit Hetcak.nl/zakelijk/verzekeringen/onverzekerbare-vreemdelingen. 
* Since 2014, there has been a personal contribution of 5 euros per medicine, unless delivery via a blister/baxter is prescribed.
* Emergency care, by both contracted and non-contracted hospitals, is reimbursed for 80%.
* Obstetric care is 100% reimbursed.
* For long-term care (nursing home), AWBZ and GGZ institutions, only contracted institutions will be reimbursed for costs.
* Dental care above the age of 18 is not reimbursed, nor are medications and aids that are not covered by the basic package or care via the WMO.
|Q: What are important things to keep in mind? A: • You can ask for more details, but communicate why you are asking follow up questions
• Make it clear that as the Red Cross we don’t provide medical services, we only reffer people. 
• Let them try to contact a doctor themselves, or somobody in their network. Only if they are unable to 
call themselves, you can do it. 
• It can sometimes be quicker to find a doctor if they contact the doctor of their housemate / friend. 
• In the evening / office hours; check urgency
• Check if information is clear and if they can follow up. 
|Q: Where can I find informational materials about healthcare in the Netherlands? A: Informational materials in multiple languages:
https://ggdghor.nl/wp-content/uploads/2024/01/Overzicht-voorlichtingsmateriaal-in-diverse-talen-versie-2024.pdf

Video's explaining the healthcare system in the Netherlands in multiple languages:
* [English](https://www.youtube.com/watch?v=eCKtTKwnqDs&t=15s)
* [Dutch](https://www.youtube.com/watch?v=TWGu2EDj7wk)
* [Spanish](https://www.youtube.com/watch?v=r_xJpzV35yg)
* [Portuguese](https://www.youtube.com/watch?v=r2XNJz2h3DQ)
* [Farsi](https://www.youtube.com/watch?v=-RZfbTDm54k)
* [French](https://www.youtube.com/watch?v=yUIzAnkyEtE)
* [Arabic](https://www.youtube.com/watch?v=9Zy0PqoI51M)
* [Chinese](https://www.youtube.com/watch?v=Q-b5b0UnPyY)|Q: What organizations help UM to get medical care? A: It can often be difficult for UM to get access to medical care, eventhough they have the right to get it. This is because of language barriers, or because doctors don't know about the rights of UM or because they are too busy to receive them. 

Therefore, there are in all the bigger cities support organizations that can help UM with medical care directly (because voluntary doctors are working there) or getting them acces to health care because they have a network of doctors that are willing to help. You can find this information on HIA: https://helpfulinformation.redcross.nl/. 

The main organization is Doctors of the World. They have health care busses or locations, and they also do a lot of lobby and providing information. They also have a national helpdesk (https://doktersvandewereld.org/need-help) that provides help with medical care for undocumented migrants, for example:
* they can help UM find a GP close to them 
* they can teach people how to make an appointment or make an appointment for them if they cannot do it themselves
* they can help people get their medical bills reimbursed
* they can provide information about the Dutch healthcare system

Doctors of the World also provide medical care, dental care and psychological help themselves, for more information and offers in different cities see HIA.|Q: What can the Red Cross do? A: • We don’t have doctors ourselves! 
• We only give referral information or try to connect somebody with a doctor
• We do not reimburse medical costs, we sometimes can reimburse travel costs. Check this with team captain or Piket.",
Which specialized mental health treatments are reimbursed for undocumented migrants in Dutch contracted institutions?,,Specialized mental health treatments (GGZ) for undocumented migrants are reimbursed if they are provided by contracted institutions. You can find the current list of contracted institutions on the CAK website: https://www.hetcak.nl/zakelijk/verzekeringen/onverzekerbare-vreemdelingen. Only care that is included in the basic health insurance package is reimbursed.,"Q: Where can I find more information about local shelter programs & BBB's? 
 A: You can find information about the local shelter possibilities on the Red Cross website Helpful Information: https://helpfulinformation.redcross.nl/ or on the website of LOS: https://www.stichtinglos.nl/noodopvang

In the following municipalities there is a shelter program for UM: 
- Eindhoven
- Utrecht
- Groningen (not on HIA yet) - screening is done by Inlia https://www.inlia.nl/nl
- AmsterdamWhere can I find more information about local shelter programs & BBB's? 

You can find information about the local shelter possibilities on the Red Cross website Helpful Information: https://helpfulinformation.redcross.nl/ or on the website of LOS: https://www.stichtinglos.nl/noodopvang

In the following municipalities there is a shelter program for UM: 
- Eindhoven
- Utrecht
- Groningen (not on HIA yet) - screening is done by Inlia https://www.inlia.nl/nl
- Amsterdam|Q: How do winter shelters function? A: There are two different types of winter shelter. You have the permanent winter shelter and the Cold Weather Regulation. The municipality can decide if they want to organize a permanent winter shelter and if this is accessible for undocumented migrants or not. They have the legal duty to organize the Cold Weather Regulation when temperatures go below 0 degrees as it becomes too dangerous to sleep outside. The Cold Weather Regulation can be opened in the period from the 1st of November until the 1st of April.
Undocumented migrants always have access access to the Cold Weather Regulation, but not always to the permanent winter shelters. 

Large cities (Amsterdam, Rotterdam, The Hague and Utrecht) coordinate the Cold Weather Regulation together. So they often open and close at the same time. 

On the *Heplful Information website (HIA)*[https://helpfulinformation.redcross.nl/] you can find the opening times of the Cold Weather Regulation and winter shelters per city. |Q: Where can I find information about shelters for UM? A: On Helpful Information you can find information about local shelters for UM: https://helpfulinformation.redcross.nl/
Also on the website of LOS you can find information: https://www.stichtinglos.nl/noodopvang
|Q: Where can I find information about the medical rights of UM? 
 A: You can find information on the website of Stichting Los: https://www.stichtinglos.nl/content/gezondheidszorg|Q: Do people have the right to see a family doctor? A: Yes, people always have the right to see a family doctor. The doctor can reimburse the costs with the CAK. 
You can refer people to this website for information on how family doctors work in the Netherlands: 
* https://gpinfo.nl/1-dutch-healthcare|Q: Reimbursement of medical costs. A: * Important: it is differently arranged per target group (e.g. asylum seekers, undocumented, EU migrants. You can find more information on the website of CAK: https://www.hetcak.nl/zakelijk/via-welke-regeling-declareren/ 
• People who are undocumented have the right to receive all the necessary medical aid (medisch noodzakelijke zorg). This is care that is also in the basic health insurance. The costs are reimbursed by the CAK. you can always send the following letter to someone, they can show this letter to their doctor: https://helpfulinformation.redcross.nl/files/Brief-zorgverlening-ongedocumenteerde-migranten-landelijk.pdf 
• Here you can see what is in the basic package: https://www.zorginstituutnederland.nl/Verzekerde+zorg/basispakket-zorgverzekeringswet-zvw

What services can be reimbursed:
* General practitioners and dentists (for oral care up to the age of 18) are reimbursed for 80% by the CAK if the undocumented patient cannot pay this themselves. The CAK expects the healthcare provider to first try to recover the costs from the patient without a residence permit. Asking for payment can deter migrants without a residence permit and therefore hinders treatment compliance.
* You can only refer an undocumented patient to pharmacies, hospitals, Wlz and mental health care institutions with which the CAK has a contract. The list of contracted institutions changes regularly, for a current list visit Hetcak.nl/zakelijk/verzekeringen/onverzekerbare-vreemdelingen. 
* Since 2014, there has been a personal contribution of 5 euros per medicine, unless delivery via a blister/baxter is prescribed.
* Emergency care, by both contracted and non-contracted hospitals, is reimbursed for 80%.
* Obstetric care is 100% reimbursed.
* For long-term care (nursing home), AWBZ and GGZ institutions, only contracted institutions will be reimbursed for costs.
* Dental care above the age of 18 is not reimbursed, nor are medications and aids that are not covered by the basic package or care via the WMO.
|Q: What are important things to keep in mind? A: • You can ask for more details, but communicate why you are asking follow up questions
• Make it clear that as the Red Cross we don’t provide medical services, we only reffer people. 
• Let them try to contact a doctor themselves, or somobody in their network. Only if they are unable to 
call themselves, you can do it. 
• It can sometimes be quicker to find a doctor if they contact the doctor of their housemate / friend. 
• In the evening / office hours; check urgency
• Check if information is clear and if they can follow up. 
|Q: Where can I find informational materials about healthcare in the Netherlands? A: Informational materials in multiple languages:
https://ggdghor.nl/wp-content/uploads/2024/01/Overzicht-voorlichtingsmateriaal-in-diverse-talen-versie-2024.pdf

Video's explaining the healthcare system in the Netherlands in multiple languages:
* [English](https://www.youtube.com/watch?v=eCKtTKwnqDs&t=15s)
* [Dutch](https://www.youtube.com/watch?v=TWGu2EDj7wk)
* [Spanish](https://www.youtube.com/watch?v=r_xJpzV35yg)
* [Portuguese](https://www.youtube.com/watch?v=r2XNJz2h3DQ)
* [Farsi](https://www.youtube.com/watch?v=-RZfbTDm54k)
* [French](https://www.youtube.com/watch?v=yUIzAnkyEtE)
* [Arabic](https://www.youtube.com/watch?v=9Zy0PqoI51M)
* [Chinese](https://www.youtube.com/watch?v=Q-b5b0UnPyY)|Q: What organizations help UM to get medical care? A: It can often be difficult for UM to get access to medical care, eventhough they have the right to get it. This is because of language barriers, or because doctors don't know about the rights of UM or because they are too busy to receive them. 

Therefore, there are in all the bigger cities support organizations that can help UM with medical care directly (because voluntary doctors are working there) or getting them acces to health care because they have a network of doctors that are willing to help. You can find this information on HIA: https://helpfulinformation.redcross.nl/. 

The main organization is Doctors of the World. They have health care busses or locations, and they also do a lot of lobby and providing information. They also have a national helpdesk (https://doktersvandewereld.org/need-help) that provides help with medical care for undocumented migrants, for example:
* they can help UM find a GP close to them 
* they can teach people how to make an appointment or make an appointment for them if they cannot do it themselves
* they can help people get their medical bills reimbursed
* they can provide information about the Dutch healthcare system

Doctors of the World also provide medical care, dental care and psychological help themselves, for more information and offers in different cities see HIA.|Q: What can the Red Cross do? A: • We don’t have doctors ourselves! 
• We only give referral information or try to connect somebody with a doctor
• We do not reimburse medical costs, we sometimes can reimburse travel costs. Check this with team captain or Piket.",
What key steps and limitations should be considered when referring UM to medical care providers?,,"When referring undocumented migrants (UM) to medical care providers, keep these key steps and limitations in mind:

**Key Steps:**
- Always clarify that the Red Cross does not provide medical services, only referrals.
- Encourage UM to contact a doctor themselves or through someone in their network; only call on their behalf if they are unable to do so.
- Refer to support organizations like Doctors of the World, which can help UM find a GP, make appointments, and get bills reimbursed (https://doktersvandewereld.org/need-help).
- Use the Helpful Information website (https://helpfulinformation.redcross.nl/) for up-to-date local contacts and resources.
- Ensure the UM understands the information and can follow up.

**Limitations:**
- Not all doctors are familiar with UM rights or may be too busy to help.
- The CAK reimburses 80% of costs for general practitioners and emergency care, but only for contracted providers and only if the UM cannot pay.
- Dental care for adults and some medications are not reimbursed.
- The Red Cross does not reimburse medical costs, only sometimes travel costs (check with your team).
- Language barriers and lack of awareness can hinder access—support organizations can help bridge this gap.

Always communicate clearly why you are asking follow-up questions and check if the UM needs further assistance.","Q: Where can I find more information about local shelter programs & BBB's? 
 A: You can find information about the local shelter possibilities on the Red Cross website Helpful Information: https://helpfulinformation.redcross.nl/ or on the website of LOS: https://www.stichtinglos.nl/noodopvang

In the following municipalities there is a shelter program for UM: 
- Eindhoven
- Utrecht
- Groningen (not on HIA yet) - screening is done by Inlia https://www.inlia.nl/nl
- AmsterdamWhere can I find more information about local shelter programs & BBB's? 

You can find information about the local shelter possibilities on the Red Cross website Helpful Information: https://helpfulinformation.redcross.nl/ or on the website of LOS: https://www.stichtinglos.nl/noodopvang

In the following municipalities there is a shelter program for UM: 
- Eindhoven
- Utrecht
- Groningen (not on HIA yet) - screening is done by Inlia https://www.inlia.nl/nl
- Amsterdam|Q: How do winter shelters function? A: There are two different types of winter shelter. You have the permanent winter shelter and the Cold Weather Regulation. The municipality can decide if they want to organize a permanent winter shelter and if this is accessible for undocumented migrants or not. They have the legal duty to organize the Cold Weather Regulation when temperatures go below 0 degrees as it becomes too dangerous to sleep outside. The Cold Weather Regulation can be opened in the period from the 1st of November until the 1st of April.
Undocumented migrants always have access access to the Cold Weather Regulation, but not always to the permanent winter shelters. 

Large cities (Amsterdam, Rotterdam, The Hague and Utrecht) coordinate the Cold Weather Regulation together. So they often open and close at the same time. 

On the *Heplful Information website (HIA)*[https://helpfulinformation.redcross.nl/] you can find the opening times of the Cold Weather Regulation and winter shelters per city. |Q: Where can I find information about shelters for UM? A: On Helpful Information you can find information about local shelters for UM: https://helpfulinformation.redcross.nl/
Also on the website of LOS you can find information: https://www.stichtinglos.nl/noodopvang
|Q: Where can I find information about the medical rights of UM? 
 A: You can find information on the website of Stichting Los: https://www.stichtinglos.nl/content/gezondheidszorg|Q: Do people have the right to see a family doctor? A: Yes, people always have the right to see a family doctor. The doctor can reimburse the costs with the CAK. 
You can refer people to this website for information on how family doctors work in the Netherlands: 
* https://gpinfo.nl/1-dutch-healthcare|Q: Reimbursement of medical costs. A: * Important: it is differently arranged per target group (e.g. asylum seekers, undocumented, EU migrants. You can find more information on the website of CAK: https://www.hetcak.nl/zakelijk/via-welke-regeling-declareren/ 
• People who are undocumented have the right to receive all the necessary medical aid (medisch noodzakelijke zorg). This is care that is also in the basic health insurance. The costs are reimbursed by the CAK. you can always send the following letter to someone, they can show this letter to their doctor: https://helpfulinformation.redcross.nl/files/Brief-zorgverlening-ongedocumenteerde-migranten-landelijk.pdf 
• Here you can see what is in the basic package: https://www.zorginstituutnederland.nl/Verzekerde+zorg/basispakket-zorgverzekeringswet-zvw

What services can be reimbursed:
* General practitioners and dentists (for oral care up to the age of 18) are reimbursed for 80% by the CAK if the undocumented patient cannot pay this themselves. The CAK expects the healthcare provider to first try to recover the costs from the patient without a residence permit. Asking for payment can deter migrants without a residence permit and therefore hinders treatment compliance.
* You can only refer an undocumented patient to pharmacies, hospitals, Wlz and mental health care institutions with which the CAK has a contract. The list of contracted institutions changes regularly, for a current list visit Hetcak.nl/zakelijk/verzekeringen/onverzekerbare-vreemdelingen. 
* Since 2014, there has been a personal contribution of 5 euros per medicine, unless delivery via a blister/baxter is prescribed.
* Emergency care, by both contracted and non-contracted hospitals, is reimbursed for 80%.
* Obstetric care is 100% reimbursed.
* For long-term care (nursing home), AWBZ and GGZ institutions, only contracted institutions will be reimbursed for costs.
* Dental care above the age of 18 is not reimbursed, nor are medications and aids that are not covered by the basic package or care via the WMO.
|Q: What are important things to keep in mind? A: • You can ask for more details, but communicate why you are asking follow up questions
• Make it clear that as the Red Cross we don’t provide medical services, we only reffer people. 
• Let them try to contact a doctor themselves, or somobody in their network. Only if they are unable to 
call themselves, you can do it. 
• It can sometimes be quicker to find a doctor if they contact the doctor of their housemate / friend. 
• In the evening / office hours; check urgency
• Check if information is clear and if they can follow up. 
|Q: Where can I find informational materials about healthcare in the Netherlands? A: Informational materials in multiple languages:
https://ggdghor.nl/wp-content/uploads/2024/01/Overzicht-voorlichtingsmateriaal-in-diverse-talen-versie-2024.pdf

Video's explaining the healthcare system in the Netherlands in multiple languages:
* [English](https://www.youtube.com/watch?v=eCKtTKwnqDs&t=15s)
* [Dutch](https://www.youtube.com/watch?v=TWGu2EDj7wk)
* [Spanish](https://www.youtube.com/watch?v=r_xJpzV35yg)
* [Portuguese](https://www.youtube.com/watch?v=r2XNJz2h3DQ)
* [Farsi](https://www.youtube.com/watch?v=-RZfbTDm54k)
* [French](https://www.youtube.com/watch?v=yUIzAnkyEtE)
* [Arabic](https://www.youtube.com/watch?v=9Zy0PqoI51M)
* [Chinese](https://www.youtube.com/watch?v=Q-b5b0UnPyY)|Q: What organizations help UM to get medical care? A: It can often be difficult for UM to get access to medical care, eventhough they have the right to get it. This is because of language barriers, or because doctors don't know about the rights of UM or because they are too busy to receive them. 

Therefore, there are in all the bigger cities support organizations that can help UM with medical care directly (because voluntary doctors are working there) or getting them acces to health care because they have a network of doctors that are willing to help. You can find this information on HIA: https://helpfulinformation.redcross.nl/. 

The main organization is Doctors of the World. They have health care busses or locations, and they also do a lot of lobby and providing information. They also have a national helpdesk (https://doktersvandewereld.org/need-help) that provides help with medical care for undocumented migrants, for example:
* they can help UM find a GP close to them 
* they can teach people how to make an appointment or make an appointment for them if they cannot do it themselves
* they can help people get their medical bills reimbursed
* they can provide information about the Dutch healthcare system

Doctors of the World also provide medical care, dental care and psychological help themselves, for more information and offers in different cities see HIA.|Q: What can the Red Cross do? A: • We don’t have doctors ourselves! 
• We only give referral information or try to connect somebody with a doctor
• We do not reimburse medical costs, we sometimes can reimburse travel costs. Check this with team captain or Piket.",
"Identify sources for multilingual healthcare info in NL, including both written materials and video resources.",,"You can find multilingual healthcare information for the Netherlands in both written and video formats:

- Written materials in multiple languages: https://ggdghor.nl/wp-content/uploads/2024/01/Overzicht-voorlichtingsmateriaal-in-diverse-talen-versie-2024.pdf
- Video explanations of the Dutch healthcare system in various languages:
   - [English](https://www.youtube.com/watch?v=eCKtTKwnqDs&t=15s)
   - [Dutch](https://www.youtube.com/watch?v=TWGu2EDj7wk)
   - [Spanish](https://www.youtube.com/watch?v=r_xJpzV35yg)
   - [Portuguese](https://www.youtube.com/watch?v=r2XNJz2h3DQ)
   - [Farsi](https://www.youtube.com/watch?v=-RZfbTDm54k)
   - [French](https://www.youtube.com/watch?v=yUIzAnkyEtE)
   - [Arabic](https://www.youtube.com/watch?v=9Zy0PqoI51M)
   - [Chinese](https://www.youtube.com/watch?v=Q-b5b0UnPyY)

These resources provide clear information about healthcare in the Netherlands in multiple languages.","Q: Where can I find more information about local shelter programs & BBB's? 
 A: You can find information about the local shelter possibilities on the Red Cross website Helpful Information: https://helpfulinformation.redcross.nl/ or on the website of LOS: https://www.stichtinglos.nl/noodopvang

In the following municipalities there is a shelter program for UM: 
- Eindhoven
- Utrecht
- Groningen (not on HIA yet) - screening is done by Inlia https://www.inlia.nl/nl
- AmsterdamWhere can I find more information about local shelter programs & BBB's? 

You can find information about the local shelter possibilities on the Red Cross website Helpful Information: https://helpfulinformation.redcross.nl/ or on the website of LOS: https://www.stichtinglos.nl/noodopvang

In the following municipalities there is a shelter program for UM: 
- Eindhoven
- Utrecht
- Groningen (not on HIA yet) - screening is done by Inlia https://www.inlia.nl/nl
- Amsterdam|Q: How do winter shelters function? A: There are two different types of winter shelter. You have the permanent winter shelter and the Cold Weather Regulation. The municipality can decide if they want to organize a permanent winter shelter and if this is accessible for undocumented migrants or not. They have the legal duty to organize the Cold Weather Regulation when temperatures go below 0 degrees as it becomes too dangerous to sleep outside. The Cold Weather Regulation can be opened in the period from the 1st of November until the 1st of April.
Undocumented migrants always have access access to the Cold Weather Regulation, but not always to the permanent winter shelters. 

Large cities (Amsterdam, Rotterdam, The Hague and Utrecht) coordinate the Cold Weather Regulation together. So they often open and close at the same time. 

On the *Heplful Information website (HIA)*[https://helpfulinformation.redcross.nl/] you can find the opening times of the Cold Weather Regulation and winter shelters per city. |Q: Where can I find information about shelters for UM? A: On Helpful Information you can find information about local shelters for UM: https://helpfulinformation.redcross.nl/
Also on the website of LOS you can find information: https://www.stichtinglos.nl/noodopvang
|Q: Where can I find information about the medical rights of UM? 
 A: You can find information on the website of Stichting Los: https://www.stichtinglos.nl/content/gezondheidszorg|Q: Do people have the right to see a family doctor? A: Yes, people always have the right to see a family doctor. The doctor can reimburse the costs with the CAK. 
You can refer people to this website for information on how family doctors work in the Netherlands: 
* https://gpinfo.nl/1-dutch-healthcare|Q: Reimbursement of medical costs. A: * Important: it is differently arranged per target group (e.g. asylum seekers, undocumented, EU migrants. You can find more information on the website of CAK: https://www.hetcak.nl/zakelijk/via-welke-regeling-declareren/ 
• People who are undocumented have the right to receive all the necessary medical aid (medisch noodzakelijke zorg). This is care that is also in the basic health insurance. The costs are reimbursed by the CAK. you can always send the following letter to someone, they can show this letter to their doctor: https://helpfulinformation.redcross.nl/files/Brief-zorgverlening-ongedocumenteerde-migranten-landelijk.pdf 
• Here you can see what is in the basic package: https://www.zorginstituutnederland.nl/Verzekerde+zorg/basispakket-zorgverzekeringswet-zvw

What services can be reimbursed:
* General practitioners and dentists (for oral care up to the age of 18) are reimbursed for 80% by the CAK if the undocumented patient cannot pay this themselves. The CAK expects the healthcare provider to first try to recover the costs from the patient without a residence permit. Asking for payment can deter migrants without a residence permit and therefore hinders treatment compliance.
* You can only refer an undocumented patient to pharmacies, hospitals, Wlz and mental health care institutions with which the CAK has a contract. The list of contracted institutions changes regularly, for a current list visit Hetcak.nl/zakelijk/verzekeringen/onverzekerbare-vreemdelingen. 
* Since 2014, there has been a personal contribution of 5 euros per medicine, unless delivery via a blister/baxter is prescribed.
* Emergency care, by both contracted and non-contracted hospitals, is reimbursed for 80%.
* Obstetric care is 100% reimbursed.
* For long-term care (nursing home), AWBZ and GGZ institutions, only contracted institutions will be reimbursed for costs.
* Dental care above the age of 18 is not reimbursed, nor are medications and aids that are not covered by the basic package or care via the WMO.
|Q: What are important things to keep in mind? A: • You can ask for more details, but communicate why you are asking follow up questions
• Make it clear that as the Red Cross we don’t provide medical services, we only reffer people. 
• Let them try to contact a doctor themselves, or somobody in their network. Only if they are unable to 
call themselves, you can do it. 
• It can sometimes be quicker to find a doctor if they contact the doctor of their housemate / friend. 
• In the evening / office hours; check urgency
• Check if information is clear and if they can follow up. 
|Q: Where can I find informational materials about healthcare in the Netherlands? A: Informational materials in multiple languages:
https://ggdghor.nl/wp-content/uploads/2024/01/Overzicht-voorlichtingsmateriaal-in-diverse-talen-versie-2024.pdf

Video's explaining the healthcare system in the Netherlands in multiple languages:
* [English](https://www.youtube.com/watch?v=eCKtTKwnqDs&t=15s)
* [Dutch](https://www.youtube.com/watch?v=TWGu2EDj7wk)
* [Spanish](https://www.youtube.com/watch?v=r_xJpzV35yg)
* [Portuguese](https://www.youtube.com/watch?v=r2XNJz2h3DQ)
* [Farsi](https://www.youtube.com/watch?v=-RZfbTDm54k)
* [French](https://www.youtube.com/watch?v=yUIzAnkyEtE)
* [Arabic](https://www.youtube.com/watch?v=9Zy0PqoI51M)
* [Chinese](https://www.youtube.com/watch?v=Q-b5b0UnPyY)|Q: What organizations help UM to get medical care? A: It can often be difficult for UM to get access to medical care, eventhough they have the right to get it. This is because of language barriers, or because doctors don't know about the rights of UM or because they are too busy to receive them. 

Therefore, there are in all the bigger cities support organizations that can help UM with medical care directly (because voluntary doctors are working there) or getting them acces to health care because they have a network of doctors that are willing to help. You can find this information on HIA: https://helpfulinformation.redcross.nl/. 

The main organization is Doctors of the World. They have health care busses or locations, and they also do a lot of lobby and providing information. They also have a national helpdesk (https://doktersvandewereld.org/need-help) that provides help with medical care for undocumented migrants, for example:
* they can help UM find a GP close to them 
* they can teach people how to make an appointment or make an appointment for them if they cannot do it themselves
* they can help people get their medical bills reimbursed
* they can provide information about the Dutch healthcare system

Doctors of the World also provide medical care, dental care and psychological help themselves, for more information and offers in different cities see HIA.|Q: What can the Red Cross do? A: • We don’t have doctors ourselves! 
• We only give referral information or try to connect somebody with a doctor
• We do not reimburse medical costs, we sometimes can reimburse travel costs. Check this with team captain or Piket.",
"Which orgs assist UM in accessing medical, dental, and psychological care, and offer appointment support?",,"Doctors of the World is the main organization that assists UM (undocumented migrants) in accessing medical, dental, and psychological care. They have healthcare buses and locations, provide direct care, and offer a national helpdesk (https://doktersvandewereld.org/need-help) to help UM find a GP, make appointments, and get medical bills reimbursed. Support organizations in larger cities also help UM access care through networks of willing doctors. More information and local offers can be found on Helpful Information: https://helpfulinformation.redcross.nl/.","Q: Where can I find more information about local shelter programs & BBB's? 
 A: You can find information about the local shelter possibilities on the Red Cross website Helpful Information: https://helpfulinformation.redcross.nl/ or on the website of LOS: https://www.stichtinglos.nl/noodopvang

In the following municipalities there is a shelter program for UM: 
- Eindhoven
- Utrecht
- Groningen (not on HIA yet) - screening is done by Inlia https://www.inlia.nl/nl
- AmsterdamWhere can I find more information about local shelter programs & BBB's? 

You can find information about the local shelter possibilities on the Red Cross website Helpful Information: https://helpfulinformation.redcross.nl/ or on the website of LOS: https://www.stichtinglos.nl/noodopvang

In the following municipalities there is a shelter program for UM: 
- Eindhoven
- Utrecht
- Groningen (not on HIA yet) - screening is done by Inlia https://www.inlia.nl/nl
- Amsterdam|Q: How do winter shelters function? A: There are two different types of winter shelter. You have the permanent winter shelter and the Cold Weather Regulation. The municipality can decide if they want to organize a permanent winter shelter and if this is accessible for undocumented migrants or not. They have the legal duty to organize the Cold Weather Regulation when temperatures go below 0 degrees as it becomes too dangerous to sleep outside. The Cold Weather Regulation can be opened in the period from the 1st of November until the 1st of April.
Undocumented migrants always have access access to the Cold Weather Regulation, but not always to the permanent winter shelters. 

Large cities (Amsterdam, Rotterdam, The Hague and Utrecht) coordinate the Cold Weather Regulation together. So they often open and close at the same time. 

On the *Heplful Information website (HIA)*[https://helpfulinformation.redcross.nl/] you can find the opening times of the Cold Weather Regulation and winter shelters per city. |Q: Where can I find information about shelters for UM? A: On Helpful Information you can find information about local shelters for UM: https://helpfulinformation.redcross.nl/
Also on the website of LOS you can find information: https://www.stichtinglos.nl/noodopvang
|Q: Where can I find information about the medical rights of UM? 
 A: You can find information on the website of Stichting Los: https://www.stichtinglos.nl/content/gezondheidszorg|Q: Do people have the right to see a family doctor? A: Yes, people always have the right to see a family doctor. The doctor can reimburse the costs with the CAK. 
You can refer people to this website for information on how family doctors work in the Netherlands: 
* https://gpinfo.nl/1-dutch-healthcare|Q: Reimbursement of medical costs. A: * Important: it is differently arranged per target group (e.g. asylum seekers, undocumented, EU migrants. You can find more information on the website of CAK: https://www.hetcak.nl/zakelijk/via-welke-regeling-declareren/ 
• People who are undocumented have the right to receive all the necessary medical aid (medisch noodzakelijke zorg). This is care that is also in the basic health insurance. The costs are reimbursed by the CAK. you can always send the following letter to someone, they can show this letter to their doctor: https://helpfulinformation.redcross.nl/files/Brief-zorgverlening-ongedocumenteerde-migranten-landelijk.pdf 
• Here you can see what is in the basic package: https://www.zorginstituutnederland.nl/Verzekerde+zorg/basispakket-zorgverzekeringswet-zvw

What services can be reimbursed:
* General practitioners and dentists (for oral care up to the age of 18) are reimbursed for 80% by the CAK if the undocumented patient cannot pay this themselves. The CAK expects the healthcare provider to first try to recover the costs from the patient without a residence permit. Asking for payment can deter migrants without a residence permit and therefore hinders treatment compliance.
* You can only refer an undocumented patient to pharmacies, hospitals, Wlz and mental health care institutions with which the CAK has a contract. The list of contracted institutions changes regularly, for a current list visit Hetcak.nl/zakelijk/verzekeringen/onverzekerbare-vreemdelingen. 
* Since 2014, there has been a personal contribution of 5 euros per medicine, unless delivery via a blister/baxter is prescribed.
* Emergency care, by both contracted and non-contracted hospitals, is reimbursed for 80%.
* Obstetric care is 100% reimbursed.
* For long-term care (nursing home), AWBZ and GGZ institutions, only contracted institutions will be reimbursed for costs.
* Dental care above the age of 18 is not reimbursed, nor are medications and aids that are not covered by the basic package or care via the WMO.
|Q: What are important things to keep in mind? A: • You can ask for more details, but communicate why you are asking follow up questions
• Make it clear that as the Red Cross we don’t provide medical services, we only reffer people. 
• Let them try to contact a doctor themselves, or somobody in their network. Only if they are unable to 
call themselves, you can do it. 
• It can sometimes be quicker to find a doctor if they contact the doctor of their housemate / friend. 
• In the evening / office hours; check urgency
• Check if information is clear and if they can follow up. 
|Q: Where can I find informational materials about healthcare in the Netherlands? A: Informational materials in multiple languages:
https://ggdghor.nl/wp-content/uploads/2024/01/Overzicht-voorlichtingsmateriaal-in-diverse-talen-versie-2024.pdf

Video's explaining the healthcare system in the Netherlands in multiple languages:
* [English](https://www.youtube.com/watch?v=eCKtTKwnqDs&t=15s)
* [Dutch](https://www.youtube.com/watch?v=TWGu2EDj7wk)
* [Spanish](https://www.youtube.com/watch?v=r_xJpzV35yg)
* [Portuguese](https://www.youtube.com/watch?v=r2XNJz2h3DQ)
* [Farsi](https://www.youtube.com/watch?v=-RZfbTDm54k)
* [French](https://www.youtube.com/watch?v=yUIzAnkyEtE)
* [Arabic](https://www.youtube.com/watch?v=9Zy0PqoI51M)
* [Chinese](https://www.youtube.com/watch?v=Q-b5b0UnPyY)|Q: What organizations help UM to get medical care? A: It can often be difficult for UM to get access to medical care, eventhough they have the right to get it. This is because of language barriers, or because doctors don't know about the rights of UM or because they are too busy to receive them. 

Therefore, there are in all the bigger cities support organizations that can help UM with medical care directly (because voluntary doctors are working there) or getting them acces to health care because they have a network of doctors that are willing to help. You can find this information on HIA: https://helpfulinformation.redcross.nl/. 

The main organization is Doctors of the World. They have health care busses or locations, and they also do a lot of lobby and providing information. They also have a national helpdesk (https://doktersvandewereld.org/need-help) that provides help with medical care for undocumented migrants, for example:
* they can help UM find a GP close to them 
* they can teach people how to make an appointment or make an appointment for them if they cannot do it themselves
* they can help people get their medical bills reimbursed
* they can provide information about the Dutch healthcare system

Doctors of the World also provide medical care, dental care and psychological help themselves, for more information and offers in different cities see HIA.|Q: What can the Red Cross do? A: • We don’t have doctors ourselves! 
• We only give referral information or try to connect somebody with a doctor
• We do not reimburse medical costs, we sometimes can reimburse travel costs. Check this with team captain or Piket.",
How do Red Cross and Doctors of the World differ in supporting UM with medical care?,,"The Red Cross does not provide medical care directly; they only give referral information or help connect undocumented migrants (UM) with doctors. They do not reimburse medical costs, but may sometimes reimburse travel costs.

Doctors of the World, on the other hand, actively provide medical, dental, and psychological care themselves, have healthcare buses and locations, and run a national helpdesk to help UM find a GP, make appointments, and get medical bills reimbursed. They also provide information about the Dutch healthcare system and support UM in accessing care.","Q: Where can I find more information about local shelter programs & BBB's? 
 A: You can find information about the local shelter possibilities on the Red Cross website Helpful Information: https://helpfulinformation.redcross.nl/ or on the website of LOS: https://www.stichtinglos.nl/noodopvang

In the following municipalities there is a shelter program for UM: 
- Eindhoven
- Utrecht
- Groningen (not on HIA yet) - screening is done by Inlia https://www.inlia.nl/nl
- AmsterdamWhere can I find more information about local shelter programs & BBB's? 

You can find information about the local shelter possibilities on the Red Cross website Helpful Information: https://helpfulinformation.redcross.nl/ or on the website of LOS: https://www.stichtinglos.nl/noodopvang

In the following municipalities there is a shelter program for UM: 
- Eindhoven
- Utrecht
- Groningen (not on HIA yet) - screening is done by Inlia https://www.inlia.nl/nl
- Amsterdam|Q: How do winter shelters function? A: There are two different types of winter shelter. You have the permanent winter shelter and the Cold Weather Regulation. The municipality can decide if they want to organize a permanent winter shelter and if this is accessible for undocumented migrants or not. They have the legal duty to organize the Cold Weather Regulation when temperatures go below 0 degrees as it becomes too dangerous to sleep outside. The Cold Weather Regulation can be opened in the period from the 1st of November until the 1st of April.
Undocumented migrants always have access access to the Cold Weather Regulation, but not always to the permanent winter shelters. 

Large cities (Amsterdam, Rotterdam, The Hague and Utrecht) coordinate the Cold Weather Regulation together. So they often open and close at the same time. 

On the *Heplful Information website (HIA)*[https://helpfulinformation.redcross.nl/] you can find the opening times of the Cold Weather Regulation and winter shelters per city. |Q: Where can I find information about shelters for UM? A: On Helpful Information you can find information about local shelters for UM: https://helpfulinformation.redcross.nl/
Also on the website of LOS you can find information: https://www.stichtinglos.nl/noodopvang
|Q: Where can I find information about the medical rights of UM? 
 A: You can find information on the website of Stichting Los: https://www.stichtinglos.nl/content/gezondheidszorg|Q: Do people have the right to see a family doctor? A: Yes, people always have the right to see a family doctor. The doctor can reimburse the costs with the CAK. 
You can refer people to this website for information on how family doctors work in the Netherlands: 
* https://gpinfo.nl/1-dutch-healthcare|Q: Reimbursement of medical costs. A: * Important: it is differently arranged per target group (e.g. asylum seekers, undocumented, EU migrants. You can find more information on the website of CAK: https://www.hetcak.nl/zakelijk/via-welke-regeling-declareren/ 
• People who are undocumented have the right to receive all the necessary medical aid (medisch noodzakelijke zorg). This is care that is also in the basic health insurance. The costs are reimbursed by the CAK. you can always send the following letter to someone, they can show this letter to their doctor: https://helpfulinformation.redcross.nl/files/Brief-zorgverlening-ongedocumenteerde-migranten-landelijk.pdf 
• Here you can see what is in the basic package: https://www.zorginstituutnederland.nl/Verzekerde+zorg/basispakket-zorgverzekeringswet-zvw

What services can be reimbursed:
* General practitioners and dentists (for oral care up to the age of 18) are reimbursed for 80% by the CAK if the undocumented patient cannot pay this themselves. The CAK expects the healthcare provider to first try to recover the costs from the patient without a residence permit. Asking for payment can deter migrants without a residence permit and therefore hinders treatment compliance.
* You can only refer an undocumented patient to pharmacies, hospitals, Wlz and mental health care institutions with which the CAK has a contract. The list of contracted institutions changes regularly, for a current list visit Hetcak.nl/zakelijk/verzekeringen/onverzekerbare-vreemdelingen. 
* Since 2014, there has been a personal contribution of 5 euros per medicine, unless delivery via a blister/baxter is prescribed.
* Emergency care, by both contracted and non-contracted hospitals, is reimbursed for 80%.
* Obstetric care is 100% reimbursed.
* For long-term care (nursing home), AWBZ and GGZ institutions, only contracted institutions will be reimbursed for costs.
* Dental care above the age of 18 is not reimbursed, nor are medications and aids that are not covered by the basic package or care via the WMO.
|Q: What are important things to keep in mind? A: • You can ask for more details, but communicate why you are asking follow up questions
• Make it clear that as the Red Cross we don’t provide medical services, we only reffer people. 
• Let them try to contact a doctor themselves, or somobody in their network. Only if they are unable to 
call themselves, you can do it. 
• It can sometimes be quicker to find a doctor if they contact the doctor of their housemate / friend. 
• In the evening / office hours; check urgency
• Check if information is clear and if they can follow up. 
|Q: Where can I find informational materials about healthcare in the Netherlands? A: Informational materials in multiple languages:
https://ggdghor.nl/wp-content/uploads/2024/01/Overzicht-voorlichtingsmateriaal-in-diverse-talen-versie-2024.pdf

Video's explaining the healthcare system in the Netherlands in multiple languages:
* [English](https://www.youtube.com/watch?v=eCKtTKwnqDs&t=15s)
* [Dutch](https://www.youtube.com/watch?v=TWGu2EDj7wk)
* [Spanish](https://www.youtube.com/watch?v=r_xJpzV35yg)
* [Portuguese](https://www.youtube.com/watch?v=r2XNJz2h3DQ)
* [Farsi](https://www.youtube.com/watch?v=-RZfbTDm54k)
* [French](https://www.youtube.com/watch?v=yUIzAnkyEtE)
* [Arabic](https://www.youtube.com/watch?v=9Zy0PqoI51M)
* [Chinese](https://www.youtube.com/watch?v=Q-b5b0UnPyY)|Q: What organizations help UM to get medical care? A: It can often be difficult for UM to get access to medical care, eventhough they have the right to get it. This is because of language barriers, or because doctors don't know about the rights of UM or because they are too busy to receive them. 

Therefore, there are in all the bigger cities support organizations that can help UM with medical care directly (because voluntary doctors are working there) or getting them acces to health care because they have a network of doctors that are willing to help. You can find this information on HIA: https://helpfulinformation.redcross.nl/. 

The main organization is Doctors of the World. They have health care busses or locations, and they also do a lot of lobby and providing information. They also have a national helpdesk (https://doktersvandewereld.org/need-help) that provides help with medical care for undocumented migrants, for example:
* they can help UM find a GP close to them 
* they can teach people how to make an appointment or make an appointment for them if they cannot do it themselves
* they can help people get their medical bills reimbursed
* they can provide information about the Dutch healthcare system

Doctors of the World also provide medical care, dental care and psychological help themselves, for more information and offers in different cities see HIA.|Q: What can the Red Cross do? A: • We don’t have doctors ourselves! 
• We only give referral information or try to connect somebody with a doctor
• We do not reimburse medical costs, we sometimes can reimburse travel costs. Check this with team captain or Piket.",
"How does Doctors of the World assist UM with GP, dental, and psychological care access and reimbursement?",,"Doctors of the World helps undocumented migrants (UM) by assisting them in finding a general practitioner (GP) nearby, teaching them how to make appointments or making appointments for them if needed, and helping them get medical bills reimbursed. They also provide direct medical, dental, and psychological care at their own locations or through healthcare buses. For more information and city-specific offers, visit Helpful Information: https://helpfulinformation.redcross.nl/ or the Doctors of the World helpdesk: https://doktersvandewereld.org/need-help.","Q: Where can I find more information about local shelter programs & BBB's? 
 A: You can find information about the local shelter possibilities on the Red Cross website Helpful Information: https://helpfulinformation.redcross.nl/ or on the website of LOS: https://www.stichtinglos.nl/noodopvang

In the following municipalities there is a shelter program for UM: 
- Eindhoven
- Utrecht
- Groningen (not on HIA yet) - screening is done by Inlia https://www.inlia.nl/nl
- AmsterdamWhere can I find more information about local shelter programs & BBB's? 

You can find information about the local shelter possibilities on the Red Cross website Helpful Information: https://helpfulinformation.redcross.nl/ or on the website of LOS: https://www.stichtinglos.nl/noodopvang

In the following municipalities there is a shelter program for UM: 
- Eindhoven
- Utrecht
- Groningen (not on HIA yet) - screening is done by Inlia https://www.inlia.nl/nl
- Amsterdam|Q: How do winter shelters function? A: There are two different types of winter shelter. You have the permanent winter shelter and the Cold Weather Regulation. The municipality can decide if they want to organize a permanent winter shelter and if this is accessible for undocumented migrants or not. They have the legal duty to organize the Cold Weather Regulation when temperatures go below 0 degrees as it becomes too dangerous to sleep outside. The Cold Weather Regulation can be opened in the period from the 1st of November until the 1st of April.
Undocumented migrants always have access access to the Cold Weather Regulation, but not always to the permanent winter shelters. 

Large cities (Amsterdam, Rotterdam, The Hague and Utrecht) coordinate the Cold Weather Regulation together. So they often open and close at the same time. 

On the *Heplful Information website (HIA)*[https://helpfulinformation.redcross.nl/] you can find the opening times of the Cold Weather Regulation and winter shelters per city. |Q: Where can I find information about shelters for UM? A: On Helpful Information you can find information about local shelters for UM: https://helpfulinformation.redcross.nl/
Also on the website of LOS you can find information: https://www.stichtinglos.nl/noodopvang
|Q: Where can I find information about the medical rights of UM? 
 A: You can find information on the website of Stichting Los: https://www.stichtinglos.nl/content/gezondheidszorg|Q: Do people have the right to see a family doctor? A: Yes, people always have the right to see a family doctor. The doctor can reimburse the costs with the CAK. 
You can refer people to this website for information on how family doctors work in the Netherlands: 
* https://gpinfo.nl/1-dutch-healthcare|Q: Reimbursement of medical costs. A: * Important: it is differently arranged per target group (e.g. asylum seekers, undocumented, EU migrants. You can find more information on the website of CAK: https://www.hetcak.nl/zakelijk/via-welke-regeling-declareren/ 
• People who are undocumented have the right to receive all the necessary medical aid (medisch noodzakelijke zorg). This is care that is also in the basic health insurance. The costs are reimbursed by the CAK. you can always send the following letter to someone, they can show this letter to their doctor: https://helpfulinformation.redcross.nl/files/Brief-zorgverlening-ongedocumenteerde-migranten-landelijk.pdf 
• Here you can see what is in the basic package: https://www.zorginstituutnederland.nl/Verzekerde+zorg/basispakket-zorgverzekeringswet-zvw

What services can be reimbursed:
* General practitioners and dentists (for oral care up to the age of 18) are reimbursed for 80% by the CAK if the undocumented patient cannot pay this themselves. The CAK expects the healthcare provider to first try to recover the costs from the patient without a residence permit. Asking for payment can deter migrants without a residence permit and therefore hinders treatment compliance.
* You can only refer an undocumented patient to pharmacies, hospitals, Wlz and mental health care institutions with which the CAK has a contract. The list of contracted institutions changes regularly, for a current list visit Hetcak.nl/zakelijk/verzekeringen/onverzekerbare-vreemdelingen. 
* Since 2014, there has been a personal contribution of 5 euros per medicine, unless delivery via a blister/baxter is prescribed.
* Emergency care, by both contracted and non-contracted hospitals, is reimbursed for 80%.
* Obstetric care is 100% reimbursed.
* For long-term care (nursing home), AWBZ and GGZ institutions, only contracted institutions will be reimbursed for costs.
* Dental care above the age of 18 is not reimbursed, nor are medications and aids that are not covered by the basic package or care via the WMO.
|Q: What are important things to keep in mind? A: • You can ask for more details, but communicate why you are asking follow up questions
• Make it clear that as the Red Cross we don’t provide medical services, we only reffer people. 
• Let them try to contact a doctor themselves, or somobody in their network. Only if they are unable to 
call themselves, you can do it. 
• It can sometimes be quicker to find a doctor if they contact the doctor of their housemate / friend. 
• In the evening / office hours; check urgency
• Check if information is clear and if they can follow up. 
|Q: Where can I find informational materials about healthcare in the Netherlands? A: Informational materials in multiple languages:
https://ggdghor.nl/wp-content/uploads/2024/01/Overzicht-voorlichtingsmateriaal-in-diverse-talen-versie-2024.pdf

Video's explaining the healthcare system in the Netherlands in multiple languages:
* [English](https://www.youtube.com/watch?v=eCKtTKwnqDs&t=15s)
* [Dutch](https://www.youtube.com/watch?v=TWGu2EDj7wk)
* [Spanish](https://www.youtube.com/watch?v=r_xJpzV35yg)
* [Portuguese](https://www.youtube.com/watch?v=r2XNJz2h3DQ)
* [Farsi](https://www.youtube.com/watch?v=-RZfbTDm54k)
* [French](https://www.youtube.com/watch?v=yUIzAnkyEtE)
* [Arabic](https://www.youtube.com/watch?v=9Zy0PqoI51M)
* [Chinese](https://www.youtube.com/watch?v=Q-b5b0UnPyY)|Q: What organizations help UM to get medical care? A: It can often be difficult for UM to get access to medical care, eventhough they have the right to get it. This is because of language barriers, or because doctors don't know about the rights of UM or because they are too busy to receive them. 

Therefore, there are in all the bigger cities support organizations that can help UM with medical care directly (because voluntary doctors are working there) or getting them acces to health care because they have a network of doctors that are willing to help. You can find this information on HIA: https://helpfulinformation.redcross.nl/. 

The main organization is Doctors of the World. They have health care busses or locations, and they also do a lot of lobby and providing information. They also have a national helpdesk (https://doktersvandewereld.org/need-help) that provides help with medical care for undocumented migrants, for example:
* they can help UM find a GP close to them 
* they can teach people how to make an appointment or make an appointment for them if they cannot do it themselves
* they can help people get their medical bills reimbursed
* they can provide information about the Dutch healthcare system

Doctors of the World also provide medical care, dental care and psychological help themselves, for more information and offers in different cities see HIA.|Q: What can the Red Cross do? A: • We don’t have doctors ourselves! 
• We only give referral information or try to connect somebody with a doctor
• We do not reimburse medical costs, we sometimes can reimburse travel costs. Check this with team captain or Piket.",
"How do Red Cross Amsterdam-Amstelland’s services differ for medical, transport, and digital support needs?",,"Red Cross Amsterdam-Amstelland offers different support for medical, transport, and digital needs:

- **Medical support:** They provide guidance to medical appointments, information, and can help with partial reimbursement for medical devices via the Emergency Request fund. They do not provide medicines or medical assistance.
- **Transport support:** They can reimburse transport costs for up to 3 months.
- **Digital support:** They offer digital food and hygiene support for a maximum of 3 months.

Each service has specific limitations and eligibility criteria.","Q: What can the Red Cross Amsterdam do? A: ## Red Cross Amsterdam-Amstelland can help with: 
• Information provision and referral to partners
• Digital food and hygiene support (maximum 3 months)
• Transport costs (maximum 3 months)
• Guidance by Red Cross volunteers (to medical appointments, explaining the situation clearly)
• Access Emergency Request fund for (partial) reimbursement of medical devices

!! They **cannot** help with:
• Guidance by volunteers must be possible; We therefore do not support clients with addiction problems or serious psychological problems.
• Urgent assistance requests for which assistance must be provided within 24 hours,
• Providing medicines or medical assistance

**For help from Red Cross Amsterdam-Amstelland, send an e-mail to: heretohelp.amsterdam@rodekruis.nl**
|Q: Where can I find a doctor? A: For an overview of where to find a doctor, please see HIA (Health & Wellbeing): https://helpfulinformation.redcross.nl/|Q: What is better, sending somebody to a specialized organization or to a doctor? A: In general it is the best if people are known with a GP, because they can then visit the doctor more often. However, what is best to do, depends also on the situation of the person, and for example if somebody has a fixed address (better if they find a doctor) or somebody is on the street (better to go to a specialized organization). Often it is quicker to get somebody into contact with a specialized organization. This organization can then try to find a doctor for this person. Often they have a network of friendly doctors, who are more willing to receive people that are undocumented. 

In case somebody is in a city where there are specialized organizations, then it is good to give the PA the option to go to a huisarts (and if needed, our help to contact the huisarts) but that there are also specialized organizations that can help. 

**See below an example of a message that you can send:**
*You have the right to visit a family doctor, so you can always contact doctors close by to you. But there are also organizations that are specialized in providing medical help to people without health insurance. 
The benefits of contacting a doctor are that you can get structural help there. This is especially good if you have a fixed place where you are staying. However, sometimes it can teake a bit longer before there is a doctor that 
can receive you, because many doctors don’t take in new patients. 
The benefits of [ name organisation] is that they are specialized in helping people without health insurance. You can go there quickly to discuss your issue. But if you need structural help, they will also have to find you a doctor. Do you have a preference?*
|Q: What if someone needs a doctor in a city without specialized support organization? A: It can sometimes take a long time before we can help somebody to get the help from a doctor. However this is somebodies right. Therefore we do try this, but in case it is taken too long, then we connect somebody with a 
specialized organization: 
• Check if somebody can call with a doctor, or has somebody in their network; give the address of 
doctors close by
• In case he cannot call; contact your TC to check if there is an option that we can call as the Red Cross
• Keep track of the doctors that you call in ‘conversation summery’ 
• If after 5 doctors it didn’t work, call with the specialized organization that is most close by to see if he can go there
• If we need to reimburse travel costs; check with Team Captain if we can do this. 
• You can always send them the letter with information about CAK (you can find this letter here: https://helpfulinformation.redcross.nl/files/Brief-zorgverlening-ongedocumenteerde-migranten-landelijk.pdf |Q: What if someone needs urgent medical support after office hours/ during weekends? A: Ask him to call with huisartsenpost. In case he cannot do this: 
• Ask him his date of birth and to explain to you the symptoms. Tell him to stay on WA to answer 
questions from the Huisartsenpost and to pick up the phone in case he is called 
• Discuss with your TC if it is possible to call the huisartsenpost and discuss with them. Often they will ask to call in the patient, so then you can add the PA to the call. 
• In case you face difficulties; you can always call with piket to take over the case from you. 
|Q: I am afraid the doctor will send me away/ the doctor send me away A: Everyone in the Netherlands has the right to see a doctor., also if you don't have residence papers or health insurance. Clearly explain to PA what his/her rights are and that the doctor has to see him/her. Since they don't have health insurance, the costs are reimbursed by the CAK. Sometimes doctors don’t know about this. Therefore the Red Cross has developed a letter with information. In case somebody is scared to go to the doctor, then you can give them this letter, which they can show to the doctor. You can find this letter here: https://helpfulinformation.redcross.nl/files/Brief-zorgverlening-ongedocumenteerde-migranten-landelijk.pdf |Q: Can I go to the ermergency post at the hospital? A: Yes, and if it is an emergency they have the legal duty to help you. They can reimburse the costs for 80% at the CAK. 
|Q: Can I go to every hospital and where can I find the hospital? A: For all other help besides emergency care, you can best go to hospital that have a contract with the CAK. You can find here which hospitals have a contract with the CAK: https://www.hetcak.nl/zakelijk/onverzekerbare-vreemdelingen/overige-informatie/#item_15341 |Q: Where can I go to a dentist? A: You can always visit a dentist, but for people older then 18 the costs are not reimbursed. This means you will often have to pay for yourself. Sometimes there is a free dental service once in a while, for example in bigger cities. 

For an overview of where to find a dentist, please see HIA (Health & Wellbeing): https://helpfulinformation.redcross.nl/ |Q: Are there organizations that can help with dental care? A: Some health care organizations that are specialized in helping UM, can also help with dentists care. See the information on HIA: https://helpfulinformation.redcross.nl/. Not all organizations want to be on HIA. For example Doctors of the World prefers not to have the information public, but they can help sometimes. So you can direct people to them when they need dental care, but good to not make any promises. ",
"What digital food/hygiene support can Red Cross Amsterdam-Amstelland provide, and for how many months?",,Red Cross Amsterdam-Amstelland can provide digital food and hygiene support for a maximum of 3 months.,"Q: What can the Red Cross Amsterdam do? A: ## Red Cross Amsterdam-Amstelland can help with: 
• Information provision and referral to partners
• Digital food and hygiene support (maximum 3 months)
• Transport costs (maximum 3 months)
• Guidance by Red Cross volunteers (to medical appointments, explaining the situation clearly)
• Access Emergency Request fund for (partial) reimbursement of medical devices

!! They **cannot** help with:
• Guidance by volunteers must be possible; We therefore do not support clients with addiction problems or serious psychological problems.
• Urgent assistance requests for which assistance must be provided within 24 hours,
• Providing medicines or medical assistance

**For help from Red Cross Amsterdam-Amstelland, send an e-mail to: heretohelp.amsterdam@rodekruis.nl**
|Q: Where can I find a doctor? A: For an overview of where to find a doctor, please see HIA (Health & Wellbeing): https://helpfulinformation.redcross.nl/|Q: What is better, sending somebody to a specialized organization or to a doctor? A: In general it is the best if people are known with a GP, because they can then visit the doctor more often. However, what is best to do, depends also on the situation of the person, and for example if somebody has a fixed address (better if they find a doctor) or somebody is on the street (better to go to a specialized organization). Often it is quicker to get somebody into contact with a specialized organization. This organization can then try to find a doctor for this person. Often they have a network of friendly doctors, who are more willing to receive people that are undocumented. 

In case somebody is in a city where there are specialized organizations, then it is good to give the PA the option to go to a huisarts (and if needed, our help to contact the huisarts) but that there are also specialized organizations that can help. 

**See below an example of a message that you can send:**
*You have the right to visit a family doctor, so you can always contact doctors close by to you. But there are also organizations that are specialized in providing medical help to people without health insurance. 
The benefits of contacting a doctor are that you can get structural help there. This is especially good if you have a fixed place where you are staying. However, sometimes it can teake a bit longer before there is a doctor that 
can receive you, because many doctors don’t take in new patients. 
The benefits of [ name organisation] is that they are specialized in helping people without health insurance. You can go there quickly to discuss your issue. But if you need structural help, they will also have to find you a doctor. Do you have a preference?*
|Q: What if someone needs a doctor in a city without specialized support organization? A: It can sometimes take a long time before we can help somebody to get the help from a doctor. However this is somebodies right. Therefore we do try this, but in case it is taken too long, then we connect somebody with a 
specialized organization: 
• Check if somebody can call with a doctor, or has somebody in their network; give the address of 
doctors close by
• In case he cannot call; contact your TC to check if there is an option that we can call as the Red Cross
• Keep track of the doctors that you call in ‘conversation summery’ 
• If after 5 doctors it didn’t work, call with the specialized organization that is most close by to see if he can go there
• If we need to reimburse travel costs; check with Team Captain if we can do this. 
• You can always send them the letter with information about CAK (you can find this letter here: https://helpfulinformation.redcross.nl/files/Brief-zorgverlening-ongedocumenteerde-migranten-landelijk.pdf |Q: What if someone needs urgent medical support after office hours/ during weekends? A: Ask him to call with huisartsenpost. In case he cannot do this: 
• Ask him his date of birth and to explain to you the symptoms. Tell him to stay on WA to answer 
questions from the Huisartsenpost and to pick up the phone in case he is called 
• Discuss with your TC if it is possible to call the huisartsenpost and discuss with them. Often they will ask to call in the patient, so then you can add the PA to the call. 
• In case you face difficulties; you can always call with piket to take over the case from you. 
|Q: I am afraid the doctor will send me away/ the doctor send me away A: Everyone in the Netherlands has the right to see a doctor., also if you don't have residence papers or health insurance. Clearly explain to PA what his/her rights are and that the doctor has to see him/her. Since they don't have health insurance, the costs are reimbursed by the CAK. Sometimes doctors don’t know about this. Therefore the Red Cross has developed a letter with information. In case somebody is scared to go to the doctor, then you can give them this letter, which they can show to the doctor. You can find this letter here: https://helpfulinformation.redcross.nl/files/Brief-zorgverlening-ongedocumenteerde-migranten-landelijk.pdf |Q: Can I go to the ermergency post at the hospital? A: Yes, and if it is an emergency they have the legal duty to help you. They can reimburse the costs for 80% at the CAK. 
|Q: Can I go to every hospital and where can I find the hospital? A: For all other help besides emergency care, you can best go to hospital that have a contract with the CAK. You can find here which hospitals have a contract with the CAK: https://www.hetcak.nl/zakelijk/onverzekerbare-vreemdelingen/overige-informatie/#item_15341 |Q: Where can I go to a dentist? A: You can always visit a dentist, but for people older then 18 the costs are not reimbursed. This means you will often have to pay for yourself. Sometimes there is a free dental service once in a while, for example in bigger cities. 

For an overview of where to find a dentist, please see HIA (Health & Wellbeing): https://helpfulinformation.redcross.nl/ |Q: Are there organizations that can help with dental care? A: Some health care organizations that are specialized in helping UM, can also help with dentists care. See the information on HIA: https://helpfulinformation.redcross.nl/. Not all organizations want to be on HIA. For example Doctors of the World prefers not to have the information public, but they can help sometimes. So you can direct people to them when they need dental care, but good to not make any promises. ",
How does Red Cross Amsterdam's support for transport costs compare to their medical assistance?,,"Red Cross Amsterdam-Amstelland can support transport costs for up to 3 months, but they do **not** provide medicines or medical assistance. Their medical-related support is limited to information, guidance to appointments, and partial reimbursement for medical devices via the Emergency Request fund.","Q: What can the Red Cross Amsterdam do? A: ## Red Cross Amsterdam-Amstelland can help with: 
• Information provision and referral to partners
• Digital food and hygiene support (maximum 3 months)
• Transport costs (maximum 3 months)
• Guidance by Red Cross volunteers (to medical appointments, explaining the situation clearly)
• Access Emergency Request fund for (partial) reimbursement of medical devices

!! They **cannot** help with:
• Guidance by volunteers must be possible; We therefore do not support clients with addiction problems or serious psychological problems.
• Urgent assistance requests for which assistance must be provided within 24 hours,
• Providing medicines or medical assistance

**For help from Red Cross Amsterdam-Amstelland, send an e-mail to: heretohelp.amsterdam@rodekruis.nl**
|Q: Where can I find a doctor? A: For an overview of where to find a doctor, please see HIA (Health & Wellbeing): https://helpfulinformation.redcross.nl/|Q: What is better, sending somebody to a specialized organization or to a doctor? A: In general it is the best if people are known with a GP, because they can then visit the doctor more often. However, what is best to do, depends also on the situation of the person, and for example if somebody has a fixed address (better if they find a doctor) or somebody is on the street (better to go to a specialized organization). Often it is quicker to get somebody into contact with a specialized organization. This organization can then try to find a doctor for this person. Often they have a network of friendly doctors, who are more willing to receive people that are undocumented. 

In case somebody is in a city where there are specialized organizations, then it is good to give the PA the option to go to a huisarts (and if needed, our help to contact the huisarts) but that there are also specialized organizations that can help. 

**See below an example of a message that you can send:**
*You have the right to visit a family doctor, so you can always contact doctors close by to you. But there are also organizations that are specialized in providing medical help to people without health insurance. 
The benefits of contacting a doctor are that you can get structural help there. This is especially good if you have a fixed place where you are staying. However, sometimes it can teake a bit longer before there is a doctor that 
can receive you, because many doctors don’t take in new patients. 
The benefits of [ name organisation] is that they are specialized in helping people without health insurance. You can go there quickly to discuss your issue. But if you need structural help, they will also have to find you a doctor. Do you have a preference?*
|Q: What if someone needs a doctor in a city without specialized support organization? A: It can sometimes take a long time before we can help somebody to get the help from a doctor. However this is somebodies right. Therefore we do try this, but in case it is taken too long, then we connect somebody with a 
specialized organization: 
• Check if somebody can call with a doctor, or has somebody in their network; give the address of 
doctors close by
• In case he cannot call; contact your TC to check if there is an option that we can call as the Red Cross
• Keep track of the doctors that you call in ‘conversation summery’ 
• If after 5 doctors it didn’t work, call with the specialized organization that is most close by to see if he can go there
• If we need to reimburse travel costs; check with Team Captain if we can do this. 
• You can always send them the letter with information about CAK (you can find this letter here: https://helpfulinformation.redcross.nl/files/Brief-zorgverlening-ongedocumenteerde-migranten-landelijk.pdf |Q: What if someone needs urgent medical support after office hours/ during weekends? A: Ask him to call with huisartsenpost. In case he cannot do this: 
• Ask him his date of birth and to explain to you the symptoms. Tell him to stay on WA to answer 
questions from the Huisartsenpost and to pick up the phone in case he is called 
• Discuss with your TC if it is possible to call the huisartsenpost and discuss with them. Often they will ask to call in the patient, so then you can add the PA to the call. 
• In case you face difficulties; you can always call with piket to take over the case from you. 
|Q: I am afraid the doctor will send me away/ the doctor send me away A: Everyone in the Netherlands has the right to see a doctor., also if you don't have residence papers or health insurance. Clearly explain to PA what his/her rights are and that the doctor has to see him/her. Since they don't have health insurance, the costs are reimbursed by the CAK. Sometimes doctors don’t know about this. Therefore the Red Cross has developed a letter with information. In case somebody is scared to go to the doctor, then you can give them this letter, which they can show to the doctor. You can find this letter here: https://helpfulinformation.redcross.nl/files/Brief-zorgverlening-ongedocumenteerde-migranten-landelijk.pdf |Q: Can I go to the ermergency post at the hospital? A: Yes, and if it is an emergency they have the legal duty to help you. They can reimburse the costs for 80% at the CAK. 
|Q: Can I go to every hospital and where can I find the hospital? A: For all other help besides emergency care, you can best go to hospital that have a contract with the CAK. You can find here which hospitals have a contract with the CAK: https://www.hetcak.nl/zakelijk/onverzekerbare-vreemdelingen/overige-informatie/#item_15341 |Q: Where can I go to a dentist? A: You can always visit a dentist, but for people older then 18 the costs are not reimbursed. This means you will often have to pay for yourself. Sometimes there is a free dental service once in a while, for example in bigger cities. 

For an overview of where to find a dentist, please see HIA (Health & Wellbeing): https://helpfulinformation.redcross.nl/ |Q: Are there organizations that can help with dental care? A: Some health care organizations that are specialized in helping UM, can also help with dentists care. See the information on HIA: https://helpfulinformation.redcross.nl/. Not all organizations want to be on HIA. For example Doctors of the World prefers not to have the information public, but they can help sometimes. So you can direct people to them when they need dental care, but good to not make any promises. ",
Can Red Cross Amsterdam-Amstelland assist with urgent requests within 24h for clients with addiction issues?,,"No, Red Cross Amsterdam-Amstelland cannot assist with urgent requests within 24 hours or support clients with addiction problems.","Q: What can the Red Cross Amsterdam do? A: ## Red Cross Amsterdam-Amstelland can help with: 
• Information provision and referral to partners
• Digital food and hygiene support (maximum 3 months)
• Transport costs (maximum 3 months)
• Guidance by Red Cross volunteers (to medical appointments, explaining the situation clearly)
• Access Emergency Request fund for (partial) reimbursement of medical devices

!! They **cannot** help with:
• Guidance by volunteers must be possible; We therefore do not support clients with addiction problems or serious psychological problems.
• Urgent assistance requests for which assistance must be provided within 24 hours,
• Providing medicines or medical assistance

**For help from Red Cross Amsterdam-Amstelland, send an e-mail to: heretohelp.amsterdam@rodekruis.nl**
|Q: Where can I find a doctor? A: For an overview of where to find a doctor, please see HIA (Health & Wellbeing): https://helpfulinformation.redcross.nl/|Q: What is better, sending somebody to a specialized organization or to a doctor? A: In general it is the best if people are known with a GP, because they can then visit the doctor more often. However, what is best to do, depends also on the situation of the person, and for example if somebody has a fixed address (better if they find a doctor) or somebody is on the street (better to go to a specialized organization). Often it is quicker to get somebody into contact with a specialized organization. This organization can then try to find a doctor for this person. Often they have a network of friendly doctors, who are more willing to receive people that are undocumented. 

In case somebody is in a city where there are specialized organizations, then it is good to give the PA the option to go to a huisarts (and if needed, our help to contact the huisarts) but that there are also specialized organizations that can help. 

**See below an example of a message that you can send:**
*You have the right to visit a family doctor, so you can always contact doctors close by to you. But there are also organizations that are specialized in providing medical help to people without health insurance. 
The benefits of contacting a doctor are that you can get structural help there. This is especially good if you have a fixed place where you are staying. However, sometimes it can teake a bit longer before there is a doctor that 
can receive you, because many doctors don’t take in new patients. 
The benefits of [ name organisation] is that they are specialized in helping people without health insurance. You can go there quickly to discuss your issue. But if you need structural help, they will also have to find you a doctor. Do you have a preference?*
|Q: What if someone needs a doctor in a city without specialized support organization? A: It can sometimes take a long time before we can help somebody to get the help from a doctor. However this is somebodies right. Therefore we do try this, but in case it is taken too long, then we connect somebody with a 
specialized organization: 
• Check if somebody can call with a doctor, or has somebody in their network; give the address of 
doctors close by
• In case he cannot call; contact your TC to check if there is an option that we can call as the Red Cross
• Keep track of the doctors that you call in ‘conversation summery’ 
• If after 5 doctors it didn’t work, call with the specialized organization that is most close by to see if he can go there
• If we need to reimburse travel costs; check with Team Captain if we can do this. 
• You can always send them the letter with information about CAK (you can find this letter here: https://helpfulinformation.redcross.nl/files/Brief-zorgverlening-ongedocumenteerde-migranten-landelijk.pdf |Q: What if someone needs urgent medical support after office hours/ during weekends? A: Ask him to call with huisartsenpost. In case he cannot do this: 
• Ask him his date of birth and to explain to you the symptoms. Tell him to stay on WA to answer 
questions from the Huisartsenpost and to pick up the phone in case he is called 
• Discuss with your TC if it is possible to call the huisartsenpost and discuss with them. Often they will ask to call in the patient, so then you can add the PA to the call. 
• In case you face difficulties; you can always call with piket to take over the case from you. 
|Q: I am afraid the doctor will send me away/ the doctor send me away A: Everyone in the Netherlands has the right to see a doctor., also if you don't have residence papers or health insurance. Clearly explain to PA what his/her rights are and that the doctor has to see him/her. Since they don't have health insurance, the costs are reimbursed by the CAK. Sometimes doctors don’t know about this. Therefore the Red Cross has developed a letter with information. In case somebody is scared to go to the doctor, then you can give them this letter, which they can show to the doctor. You can find this letter here: https://helpfulinformation.redcross.nl/files/Brief-zorgverlening-ongedocumenteerde-migranten-landelijk.pdf |Q: Can I go to the ermergency post at the hospital? A: Yes, and if it is an emergency they have the legal duty to help you. They can reimburse the costs for 80% at the CAK. 
|Q: Can I go to every hospital and where can I find the hospital? A: For all other help besides emergency care, you can best go to hospital that have a contract with the CAK. You can find here which hospitals have a contract with the CAK: https://www.hetcak.nl/zakelijk/onverzekerbare-vreemdelingen/overige-informatie/#item_15341 |Q: Where can I go to a dentist? A: You can always visit a dentist, but for people older then 18 the costs are not reimbursed. This means you will often have to pay for yourself. Sometimes there is a free dental service once in a while, for example in bigger cities. 

For an overview of where to find a dentist, please see HIA (Health & Wellbeing): https://helpfulinformation.redcross.nl/ |Q: Are there organizations that can help with dental care? A: Some health care organizations that are specialized in helping UM, can also help with dentists care. See the information on HIA: https://helpfulinformation.redcross.nl/. Not all organizations want to be on HIA. For example Doctors of the World prefers not to have the information public, but they can help sometimes. So you can direct people to them when they need dental care, but good to not make any promises. ",
"How can UM access a huisarts or specialized org for medical help, incl. reimbursement options?",,"Undocumented migrants (UM) have the right to visit a huisarts (family doctor) in the Netherlands, even without residence papers or health insurance. If they have a fixed address, it is best to register with a huisarts for ongoing care. If they are on the street or cannot find a doctor, specialized organizations can help connect them to medical care, often faster and with a network of doctors willing to help UM.

For reimbursement, costs for medical care are covered by the CAK. If a doctor is unsure about this, UM can show them the Red Cross letter explaining their rights and reimbursement process: https://helpfulinformation.redcross.nl/files/Brief-zorgverlening-ongedocumenteerde-migranten-landelijk.pdf

For urgent medical needs after hours, UM should call the huisartsenpost (out-of-hours GP service). In emergencies, hospitals have a legal duty to help and costs can be reimbursed for 80% at the CAK.

Specialized organizations can also assist with dental care, but costs for adults are usually not reimbursed. For more information and contacts, see: https://helpfulinformation.redcross.nl/","Q: What can the Red Cross Amsterdam do? A: ## Red Cross Amsterdam-Amstelland can help with: 
• Information provision and referral to partners
• Digital food and hygiene support (maximum 3 months)
• Transport costs (maximum 3 months)
• Guidance by Red Cross volunteers (to medical appointments, explaining the situation clearly)
• Access Emergency Request fund for (partial) reimbursement of medical devices

!! They **cannot** help with:
• Guidance by volunteers must be possible; We therefore do not support clients with addiction problems or serious psychological problems.
• Urgent assistance requests for which assistance must be provided within 24 hours,
• Providing medicines or medical assistance

**For help from Red Cross Amsterdam-Amstelland, send an e-mail to: heretohelp.amsterdam@rodekruis.nl**
|Q: Where can I find a doctor? A: For an overview of where to find a doctor, please see HIA (Health & Wellbeing): https://helpfulinformation.redcross.nl/|Q: What is better, sending somebody to a specialized organization or to a doctor? A: In general it is the best if people are known with a GP, because they can then visit the doctor more often. However, what is best to do, depends also on the situation of the person, and for example if somebody has a fixed address (better if they find a doctor) or somebody is on the street (better to go to a specialized organization). Often it is quicker to get somebody into contact with a specialized organization. This organization can then try to find a doctor for this person. Often they have a network of friendly doctors, who are more willing to receive people that are undocumented. 

In case somebody is in a city where there are specialized organizations, then it is good to give the PA the option to go to a huisarts (and if needed, our help to contact the huisarts) but that there are also specialized organizations that can help. 

**See below an example of a message that you can send:**
*You have the right to visit a family doctor, so you can always contact doctors close by to you. But there are also organizations that are specialized in providing medical help to people without health insurance. 
The benefits of contacting a doctor are that you can get structural help there. This is especially good if you have a fixed place where you are staying. However, sometimes it can teake a bit longer before there is a doctor that 
can receive you, because many doctors don’t take in new patients. 
The benefits of [ name organisation] is that they are specialized in helping people without health insurance. You can go there quickly to discuss your issue. But if you need structural help, they will also have to find you a doctor. Do you have a preference?*
|Q: What if someone needs a doctor in a city without specialized support organization? A: It can sometimes take a long time before we can help somebody to get the help from a doctor. However this is somebodies right. Therefore we do try this, but in case it is taken too long, then we connect somebody with a 
specialized organization: 
• Check if somebody can call with a doctor, or has somebody in their network; give the address of 
doctors close by
• In case he cannot call; contact your TC to check if there is an option that we can call as the Red Cross
• Keep track of the doctors that you call in ‘conversation summery’ 
• If after 5 doctors it didn’t work, call with the specialized organization that is most close by to see if he can go there
• If we need to reimburse travel costs; check with Team Captain if we can do this. 
• You can always send them the letter with information about CAK (you can find this letter here: https://helpfulinformation.redcross.nl/files/Brief-zorgverlening-ongedocumenteerde-migranten-landelijk.pdf |Q: What if someone needs urgent medical support after office hours/ during weekends? A: Ask him to call with huisartsenpost. In case he cannot do this: 
• Ask him his date of birth and to explain to you the symptoms. Tell him to stay on WA to answer 
questions from the Huisartsenpost and to pick up the phone in case he is called 
• Discuss with your TC if it is possible to call the huisartsenpost and discuss with them. Often they will ask to call in the patient, so then you can add the PA to the call. 
• In case you face difficulties; you can always call with piket to take over the case from you. 
|Q: I am afraid the doctor will send me away/ the doctor send me away A: Everyone in the Netherlands has the right to see a doctor., also if you don't have residence papers or health insurance. Clearly explain to PA what his/her rights are and that the doctor has to see him/her. Since they don't have health insurance, the costs are reimbursed by the CAK. Sometimes doctors don’t know about this. Therefore the Red Cross has developed a letter with information. In case somebody is scared to go to the doctor, then you can give them this letter, which they can show to the doctor. You can find this letter here: https://helpfulinformation.redcross.nl/files/Brief-zorgverlening-ongedocumenteerde-migranten-landelijk.pdf |Q: Can I go to the ermergency post at the hospital? A: Yes, and if it is an emergency they have the legal duty to help you. They can reimburse the costs for 80% at the CAK. 
|Q: Can I go to every hospital and where can I find the hospital? A: For all other help besides emergency care, you can best go to hospital that have a contract with the CAK. You can find here which hospitals have a contract with the CAK: https://www.hetcak.nl/zakelijk/onverzekerbare-vreemdelingen/overige-informatie/#item_15341 |Q: Where can I go to a dentist? A: You can always visit a dentist, but for people older then 18 the costs are not reimbursed. This means you will often have to pay for yourself. Sometimes there is a free dental service once in a while, for example in bigger cities. 

For an overview of where to find a dentist, please see HIA (Health & Wellbeing): https://helpfulinformation.redcross.nl/ |Q: Are there organizations that can help with dental care? A: Some health care organizations that are specialized in helping UM, can also help with dentists care. See the information on HIA: https://helpfulinformation.redcross.nl/. Not all organizations want to be on HIA. For example Doctors of the World prefers not to have the information public, but they can help sometimes. So you can direct people to them when they need dental care, but good to not make any promises. ",
"For uninsured individuals, how do fixed address, urgency, and organization networks affect doctor vs. specialized org. referral?",,"For uninsured individuals:

- **Fixed address:** If someone has a fixed address, it is better to refer them to a doctor (GP) for structural, ongoing care.
- **Urgency:** For urgent medical needs, especially outside office hours, contact the huisartsenpost (GP emergency post) or go to the hospital emergency post, as they have a legal duty to help.
- **Organization networks:** Specialized organizations can quickly help people without health insurance, especially those without a fixed address or who are on the street. These organizations often have networks of doctors willing to see undocumented individuals and can assist in finding a GP.

In summary: Fixed address favors doctor referral; urgency requires emergency services; lack of address or difficulty accessing doctors favors specialized organizations.","Q: What can the Red Cross Amsterdam do? A: ## Red Cross Amsterdam-Amstelland can help with: 
• Information provision and referral to partners
• Digital food and hygiene support (maximum 3 months)
• Transport costs (maximum 3 months)
• Guidance by Red Cross volunteers (to medical appointments, explaining the situation clearly)
• Access Emergency Request fund for (partial) reimbursement of medical devices

!! They **cannot** help with:
• Guidance by volunteers must be possible; We therefore do not support clients with addiction problems or serious psychological problems.
• Urgent assistance requests for which assistance must be provided within 24 hours,
• Providing medicines or medical assistance

**For help from Red Cross Amsterdam-Amstelland, send an e-mail to: heretohelp.amsterdam@rodekruis.nl**
|Q: Where can I find a doctor? A: For an overview of where to find a doctor, please see HIA (Health & Wellbeing): https://helpfulinformation.redcross.nl/|Q: What is better, sending somebody to a specialized organization or to a doctor? A: In general it is the best if people are known with a GP, because they can then visit the doctor more often. However, what is best to do, depends also on the situation of the person, and for example if somebody has a fixed address (better if they find a doctor) or somebody is on the street (better to go to a specialized organization). Often it is quicker to get somebody into contact with a specialized organization. This organization can then try to find a doctor for this person. Often they have a network of friendly doctors, who are more willing to receive people that are undocumented. 

In case somebody is in a city where there are specialized organizations, then it is good to give the PA the option to go to a huisarts (and if needed, our help to contact the huisarts) but that there are also specialized organizations that can help. 

**See below an example of a message that you can send:**
*You have the right to visit a family doctor, so you can always contact doctors close by to you. But there are also organizations that are specialized in providing medical help to people without health insurance. 
The benefits of contacting a doctor are that you can get structural help there. This is especially good if you have a fixed place where you are staying. However, sometimes it can teake a bit longer before there is a doctor that 
can receive you, because many doctors don’t take in new patients. 
The benefits of [ name organisation] is that they are specialized in helping people without health insurance. You can go there quickly to discuss your issue. But if you need structural help, they will also have to find you a doctor. Do you have a preference?*
|Q: What if someone needs a doctor in a city without specialized support organization? A: It can sometimes take a long time before we can help somebody to get the help from a doctor. However this is somebodies right. Therefore we do try this, but in case it is taken too long, then we connect somebody with a 
specialized organization: 
• Check if somebody can call with a doctor, or has somebody in their network; give the address of 
doctors close by
• In case he cannot call; contact your TC to check if there is an option that we can call as the Red Cross
• Keep track of the doctors that you call in ‘conversation summery’ 
• If after 5 doctors it didn’t work, call with the specialized organization that is most close by to see if he can go there
• If we need to reimburse travel costs; check with Team Captain if we can do this. 
• You can always send them the letter with information about CAK (you can find this letter here: https://helpfulinformation.redcross.nl/files/Brief-zorgverlening-ongedocumenteerde-migranten-landelijk.pdf |Q: What if someone needs urgent medical support after office hours/ during weekends? A: Ask him to call with huisartsenpost. In case he cannot do this: 
• Ask him his date of birth and to explain to you the symptoms. Tell him to stay on WA to answer 
questions from the Huisartsenpost and to pick up the phone in case he is called 
• Discuss with your TC if it is possible to call the huisartsenpost and discuss with them. Often they will ask to call in the patient, so then you can add the PA to the call. 
• In case you face difficulties; you can always call with piket to take over the case from you. 
|Q: I am afraid the doctor will send me away/ the doctor send me away A: Everyone in the Netherlands has the right to see a doctor., also if you don't have residence papers or health insurance. Clearly explain to PA what his/her rights are and that the doctor has to see him/her. Since they don't have health insurance, the costs are reimbursed by the CAK. Sometimes doctors don’t know about this. Therefore the Red Cross has developed a letter with information. In case somebody is scared to go to the doctor, then you can give them this letter, which they can show to the doctor. You can find this letter here: https://helpfulinformation.redcross.nl/files/Brief-zorgverlening-ongedocumenteerde-migranten-landelijk.pdf |Q: Can I go to the ermergency post at the hospital? A: Yes, and if it is an emergency they have the legal duty to help you. They can reimburse the costs for 80% at the CAK. 
|Q: Can I go to every hospital and where can I find the hospital? A: For all other help besides emergency care, you can best go to hospital that have a contract with the CAK. You can find here which hospitals have a contract with the CAK: https://www.hetcak.nl/zakelijk/onverzekerbare-vreemdelingen/overige-informatie/#item_15341 |Q: Where can I go to a dentist? A: You can always visit a dentist, but for people older then 18 the costs are not reimbursed. This means you will often have to pay for yourself. Sometimes there is a free dental service once in a while, for example in bigger cities. 

For an overview of where to find a dentist, please see HIA (Health & Wellbeing): https://helpfulinformation.redcross.nl/ |Q: Are there organizations that can help with dental care? A: Some health care organizations that are specialized in helping UM, can also help with dentists care. See the information on HIA: https://helpfulinformation.redcross.nl/. Not all organizations want to be on HIA. For example Doctors of the World prefers not to have the information public, but they can help sometimes. So you can direct people to them when they need dental care, but good to not make any promises. ",
What steps should be taken to help someone access a huisarts in cities lacking specialized orgs?,,"To help someone access a huisarts (family doctor) in cities without specialized organizations, follow these steps:

1. Check if the person can call a doctor themselves or has someone in their network who can help; provide addresses of nearby doctors.
2. If they cannot call, contact your Team Captain (TC) to see if the Red Cross can call doctors on their behalf.
3. Keep track of the doctors you contact in a conversation summary.
4. If, after contacting 5 doctors, it hasn’t worked, call the nearest specialized organization to see if they can assist.
5. If travel costs need to be reimbursed, check with your TC if this is possible.
6. Provide the person with the CAK information letter to show their right to care: https://helpfulinformation.redcross.nl/files/Brief-zorgverlening-ongedocumenteerde-migranten-landelijk.pdf","Q: What can the Red Cross Amsterdam do? A: ## Red Cross Amsterdam-Amstelland can help with: 
• Information provision and referral to partners
• Digital food and hygiene support (maximum 3 months)
• Transport costs (maximum 3 months)
• Guidance by Red Cross volunteers (to medical appointments, explaining the situation clearly)
• Access Emergency Request fund for (partial) reimbursement of medical devices

!! They **cannot** help with:
• Guidance by volunteers must be possible; We therefore do not support clients with addiction problems or serious psychological problems.
• Urgent assistance requests for which assistance must be provided within 24 hours,
• Providing medicines or medical assistance

**For help from Red Cross Amsterdam-Amstelland, send an e-mail to: heretohelp.amsterdam@rodekruis.nl**
|Q: Where can I find a doctor? A: For an overview of where to find a doctor, please see HIA (Health & Wellbeing): https://helpfulinformation.redcross.nl/|Q: What is better, sending somebody to a specialized organization or to a doctor? A: In general it is the best if people are known with a GP, because they can then visit the doctor more often. However, what is best to do, depends also on the situation of the person, and for example if somebody has a fixed address (better if they find a doctor) or somebody is on the street (better to go to a specialized organization). Often it is quicker to get somebody into contact with a specialized organization. This organization can then try to find a doctor for this person. Often they have a network of friendly doctors, who are more willing to receive people that are undocumented. 

In case somebody is in a city where there are specialized organizations, then it is good to give the PA the option to go to a huisarts (and if needed, our help to contact the huisarts) but that there are also specialized organizations that can help. 

**See below an example of a message that you can send:**
*You have the right to visit a family doctor, so you can always contact doctors close by to you. But there are also organizations that are specialized in providing medical help to people without health insurance. 
The benefits of contacting a doctor are that you can get structural help there. This is especially good if you have a fixed place where you are staying. However, sometimes it can teake a bit longer before there is a doctor that 
can receive you, because many doctors don’t take in new patients. 
The benefits of [ name organisation] is that they are specialized in helping people without health insurance. You can go there quickly to discuss your issue. But if you need structural help, they will also have to find you a doctor. Do you have a preference?*
|Q: What if someone needs a doctor in a city without specialized support organization? A: It can sometimes take a long time before we can help somebody to get the help from a doctor. However this is somebodies right. Therefore we do try this, but in case it is taken too long, then we connect somebody with a 
specialized organization: 
• Check if somebody can call with a doctor, or has somebody in their network; give the address of 
doctors close by
• In case he cannot call; contact your TC to check if there is an option that we can call as the Red Cross
• Keep track of the doctors that you call in ‘conversation summery’ 
• If after 5 doctors it didn’t work, call with the specialized organization that is most close by to see if he can go there
• If we need to reimburse travel costs; check with Team Captain if we can do this. 
• You can always send them the letter with information about CAK (you can find this letter here: https://helpfulinformation.redcross.nl/files/Brief-zorgverlening-ongedocumenteerde-migranten-landelijk.pdf |Q: What if someone needs urgent medical support after office hours/ during weekends? A: Ask him to call with huisartsenpost. In case he cannot do this: 
• Ask him his date of birth and to explain to you the symptoms. Tell him to stay on WA to answer 
questions from the Huisartsenpost and to pick up the phone in case he is called 
• Discuss with your TC if it is possible to call the huisartsenpost and discuss with them. Often they will ask to call in the patient, so then you can add the PA to the call. 
• In case you face difficulties; you can always call with piket to take over the case from you. 
|Q: I am afraid the doctor will send me away/ the doctor send me away A: Everyone in the Netherlands has the right to see a doctor., also if you don't have residence papers or health insurance. Clearly explain to PA what his/her rights are and that the doctor has to see him/her. Since they don't have health insurance, the costs are reimbursed by the CAK. Sometimes doctors don’t know about this. Therefore the Red Cross has developed a letter with information. In case somebody is scared to go to the doctor, then you can give them this letter, which they can show to the doctor. You can find this letter here: https://helpfulinformation.redcross.nl/files/Brief-zorgverlening-ongedocumenteerde-migranten-landelijk.pdf |Q: Can I go to the ermergency post at the hospital? A: Yes, and if it is an emergency they have the legal duty to help you. They can reimburse the costs for 80% at the CAK. 
|Q: Can I go to every hospital and where can I find the hospital? A: For all other help besides emergency care, you can best go to hospital that have a contract with the CAK. You can find here which hospitals have a contract with the CAK: https://www.hetcak.nl/zakelijk/onverzekerbare-vreemdelingen/overige-informatie/#item_15341 |Q: Where can I go to a dentist? A: You can always visit a dentist, but for people older then 18 the costs are not reimbursed. This means you will often have to pay for yourself. Sometimes there is a free dental service once in a while, for example in bigger cities. 

For an overview of where to find a dentist, please see HIA (Health & Wellbeing): https://helpfulinformation.redcross.nl/ |Q: Are there organizations that can help with dental care? A: Some health care organizations that are specialized in helping UM, can also help with dentists care. See the information on HIA: https://helpfulinformation.redcross.nl/. Not all organizations want to be on HIA. For example Doctors of the World prefers not to have the information public, but they can help sometimes. So you can direct people to them when they need dental care, but good to not make any promises. ",
"If a person can't call a doctor, what multi-step support can Red Cross Amsterdam provide?",,"If a person can't call a doctor, Red Cross Amsterdam-Amstelland can:

1. Check if the person has someone in their network who can call a doctor for them.
2. Provide addresses of doctors nearby.
3. If the person cannot call, Red Cross can contact their Team Captain (TC) to see if they can call the doctor on the person's behalf.
4. Keep track of the doctors contacted in a conversation summary.
5. If after contacting 5 doctors it doesn’t work, Red Cross can reach out to the nearest specialized organization for further help.
6. If travel costs need to be reimbursed, check with the Team Captain if this is possible.

For additional support, you can send an email to: heretohelp.amsterdam@rodekruis.nl","Q: What can the Red Cross Amsterdam do? A: ## Red Cross Amsterdam-Amstelland can help with: 
• Information provision and referral to partners
• Digital food and hygiene support (maximum 3 months)
• Transport costs (maximum 3 months)
• Guidance by Red Cross volunteers (to medical appointments, explaining the situation clearly)
• Access Emergency Request fund for (partial) reimbursement of medical devices

!! They **cannot** help with:
• Guidance by volunteers must be possible; We therefore do not support clients with addiction problems or serious psychological problems.
• Urgent assistance requests for which assistance must be provided within 24 hours,
• Providing medicines or medical assistance

**For help from Red Cross Amsterdam-Amstelland, send an e-mail to: heretohelp.amsterdam@rodekruis.nl**
|Q: Where can I find a doctor? A: For an overview of where to find a doctor, please see HIA (Health & Wellbeing): https://helpfulinformation.redcross.nl/|Q: What is better, sending somebody to a specialized organization or to a doctor? A: In general it is the best if people are known with a GP, because they can then visit the doctor more often. However, what is best to do, depends also on the situation of the person, and for example if somebody has a fixed address (better if they find a doctor) or somebody is on the street (better to go to a specialized organization). Often it is quicker to get somebody into contact with a specialized organization. This organization can then try to find a doctor for this person. Often they have a network of friendly doctors, who are more willing to receive people that are undocumented. 

In case somebody is in a city where there are specialized organizations, then it is good to give the PA the option to go to a huisarts (and if needed, our help to contact the huisarts) but that there are also specialized organizations that can help. 

**See below an example of a message that you can send:**
*You have the right to visit a family doctor, so you can always contact doctors close by to you. But there are also organizations that are specialized in providing medical help to people without health insurance. 
The benefits of contacting a doctor are that you can get structural help there. This is especially good if you have a fixed place where you are staying. However, sometimes it can teake a bit longer before there is a doctor that 
can receive you, because many doctors don’t take in new patients. 
The benefits of [ name organisation] is that they are specialized in helping people without health insurance. You can go there quickly to discuss your issue. But if you need structural help, they will also have to find you a doctor. Do you have a preference?*
|Q: What if someone needs a doctor in a city without specialized support organization? A: It can sometimes take a long time before we can help somebody to get the help from a doctor. However this is somebodies right. Therefore we do try this, but in case it is taken too long, then we connect somebody with a 
specialized organization: 
• Check if somebody can call with a doctor, or has somebody in their network; give the address of 
doctors close by
• In case he cannot call; contact your TC to check if there is an option that we can call as the Red Cross
• Keep track of the doctors that you call in ‘conversation summery’ 
• If after 5 doctors it didn’t work, call with the specialized organization that is most close by to see if he can go there
• If we need to reimburse travel costs; check with Team Captain if we can do this. 
• You can always send them the letter with information about CAK (you can find this letter here: https://helpfulinformation.redcross.nl/files/Brief-zorgverlening-ongedocumenteerde-migranten-landelijk.pdf |Q: What if someone needs urgent medical support after office hours/ during weekends? A: Ask him to call with huisartsenpost. In case he cannot do this: 
• Ask him his date of birth and to explain to you the symptoms. Tell him to stay on WA to answer 
questions from the Huisartsenpost and to pick up the phone in case he is called 
• Discuss with your TC if it is possible to call the huisartsenpost and discuss with them. Often they will ask to call in the patient, so then you can add the PA to the call. 
• In case you face difficulties; you can always call with piket to take over the case from you. 
|Q: I am afraid the doctor will send me away/ the doctor send me away A: Everyone in the Netherlands has the right to see a doctor., also if you don't have residence papers or health insurance. Clearly explain to PA what his/her rights are and that the doctor has to see him/her. Since they don't have health insurance, the costs are reimbursed by the CAK. Sometimes doctors don’t know about this. Therefore the Red Cross has developed a letter with information. In case somebody is scared to go to the doctor, then you can give them this letter, which they can show to the doctor. You can find this letter here: https://helpfulinformation.redcross.nl/files/Brief-zorgverlening-ongedocumenteerde-migranten-landelijk.pdf |Q: Can I go to the ermergency post at the hospital? A: Yes, and if it is an emergency they have the legal duty to help you. They can reimburse the costs for 80% at the CAK. 
|Q: Can I go to every hospital and where can I find the hospital? A: For all other help besides emergency care, you can best go to hospital that have a contract with the CAK. You can find here which hospitals have a contract with the CAK: https://www.hetcak.nl/zakelijk/onverzekerbare-vreemdelingen/overige-informatie/#item_15341 |Q: Where can I go to a dentist? A: You can always visit a dentist, but for people older then 18 the costs are not reimbursed. This means you will often have to pay for yourself. Sometimes there is a free dental service once in a while, for example in bigger cities. 

For an overview of where to find a dentist, please see HIA (Health & Wellbeing): https://helpfulinformation.redcross.nl/ |Q: Are there organizations that can help with dental care? A: Some health care organizations that are specialized in helping UM, can also help with dentists care. See the information on HIA: https://helpfulinformation.redcross.nl/. Not all organizations want to be on HIA. For example Doctors of the World prefers not to have the information public, but they can help sometimes. So you can direct people to them when they need dental care, but good to not make any promises. ",
Outline the multi-step process for assisting someone needing urgent medical care outside office hours.,,"To assist someone needing urgent medical care outside office hours:

1. Ask the person to call the huisartsenpost (out-of-hours GP service).
2. If they cannot call, collect their date of birth and details of their symptoms.
3. Tell them to stay available on WhatsApp to answer questions from the huisartsenpost and to pick up the phone if called.
4. Discuss with your Team Captain (TC) if you can call the huisartsenpost on their behalf; often, the huisartsenpost will ask to speak directly to the patient, so you can add them to the call.
5. If you face difficulties, contact piket (on-call support) to take over the case.","Q: What can the Red Cross Amsterdam do? A: ## Red Cross Amsterdam-Amstelland can help with: 
• Information provision and referral to partners
• Digital food and hygiene support (maximum 3 months)
• Transport costs (maximum 3 months)
• Guidance by Red Cross volunteers (to medical appointments, explaining the situation clearly)
• Access Emergency Request fund for (partial) reimbursement of medical devices

!! They **cannot** help with:
• Guidance by volunteers must be possible; We therefore do not support clients with addiction problems or serious psychological problems.
• Urgent assistance requests for which assistance must be provided within 24 hours,
• Providing medicines or medical assistance

**For help from Red Cross Amsterdam-Amstelland, send an e-mail to: heretohelp.amsterdam@rodekruis.nl**
|Q: Where can I find a doctor? A: For an overview of where to find a doctor, please see HIA (Health & Wellbeing): https://helpfulinformation.redcross.nl/|Q: What is better, sending somebody to a specialized organization or to a doctor? A: In general it is the best if people are known with a GP, because they can then visit the doctor more often. However, what is best to do, depends also on the situation of the person, and for example if somebody has a fixed address (better if they find a doctor) or somebody is on the street (better to go to a specialized organization). Often it is quicker to get somebody into contact with a specialized organization. This organization can then try to find a doctor for this person. Often they have a network of friendly doctors, who are more willing to receive people that are undocumented. 

In case somebody is in a city where there are specialized organizations, then it is good to give the PA the option to go to a huisarts (and if needed, our help to contact the huisarts) but that there are also specialized organizations that can help. 

**See below an example of a message that you can send:**
*You have the right to visit a family doctor, so you can always contact doctors close by to you. But there are also organizations that are specialized in providing medical help to people without health insurance. 
The benefits of contacting a doctor are that you can get structural help there. This is especially good if you have a fixed place where you are staying. However, sometimes it can teake a bit longer before there is a doctor that 
can receive you, because many doctors don’t take in new patients. 
The benefits of [ name organisation] is that they are specialized in helping people without health insurance. You can go there quickly to discuss your issue. But if you need structural help, they will also have to find you a doctor. Do you have a preference?*
|Q: What if someone needs a doctor in a city without specialized support organization? A: It can sometimes take a long time before we can help somebody to get the help from a doctor. However this is somebodies right. Therefore we do try this, but in case it is taken too long, then we connect somebody with a 
specialized organization: 
• Check if somebody can call with a doctor, or has somebody in their network; give the address of 
doctors close by
• In case he cannot call; contact your TC to check if there is an option that we can call as the Red Cross
• Keep track of the doctors that you call in ‘conversation summery’ 
• If after 5 doctors it didn’t work, call with the specialized organization that is most close by to see if he can go there
• If we need to reimburse travel costs; check with Team Captain if we can do this. 
• You can always send them the letter with information about CAK (you can find this letter here: https://helpfulinformation.redcross.nl/files/Brief-zorgverlening-ongedocumenteerde-migranten-landelijk.pdf |Q: What if someone needs urgent medical support after office hours/ during weekends? A: Ask him to call with huisartsenpost. In case he cannot do this: 
• Ask him his date of birth and to explain to you the symptoms. Tell him to stay on WA to answer 
questions from the Huisartsenpost and to pick up the phone in case he is called 
• Discuss with your TC if it is possible to call the huisartsenpost and discuss with them. Often they will ask to call in the patient, so then you can add the PA to the call. 
• In case you face difficulties; you can always call with piket to take over the case from you. 
|Q: I am afraid the doctor will send me away/ the doctor send me away A: Everyone in the Netherlands has the right to see a doctor., also if you don't have residence papers or health insurance. Clearly explain to PA what his/her rights are and that the doctor has to see him/her. Since they don't have health insurance, the costs are reimbursed by the CAK. Sometimes doctors don’t know about this. Therefore the Red Cross has developed a letter with information. In case somebody is scared to go to the doctor, then you can give them this letter, which they can show to the doctor. You can find this letter here: https://helpfulinformation.redcross.nl/files/Brief-zorgverlening-ongedocumenteerde-migranten-landelijk.pdf |Q: Can I go to the ermergency post at the hospital? A: Yes, and if it is an emergency they have the legal duty to help you. They can reimburse the costs for 80% at the CAK. 
|Q: Can I go to every hospital and where can I find the hospital? A: For all other help besides emergency care, you can best go to hospital that have a contract with the CAK. You can find here which hospitals have a contract with the CAK: https://www.hetcak.nl/zakelijk/onverzekerbare-vreemdelingen/overige-informatie/#item_15341 |Q: Where can I go to a dentist? A: You can always visit a dentist, but for people older then 18 the costs are not reimbursed. This means you will often have to pay for yourself. Sometimes there is a free dental service once in a while, for example in bigger cities. 

For an overview of where to find a dentist, please see HIA (Health & Wellbeing): https://helpfulinformation.redcross.nl/ |Q: Are there organizations that can help with dental care? A: Some health care organizations that are specialized in helping UM, can also help with dentists care. See the information on HIA: https://helpfulinformation.redcross.nl/. Not all organizations want to be on HIA. For example Doctors of the World prefers not to have the information public, but they can help sometimes. So you can direct people to them when they need dental care, but good to not make any promises. ",
"Do people in NL have the right to see a doctor w/o residence papers or health insurance, and are costs reimbursed?",,"Yes, everyone in the Netherlands has the right to see a doctor, even without residence papers or health insurance. The costs are reimbursed by the CAK. If a doctor is unsure about this, you can show them the Red Cross information letter: https://helpfulinformation.redcross.nl/files/Brief-zorgverlening-ongedocumenteerde-migranten-landelijk.pdf","Q: What can the Red Cross Amsterdam do? A: ## Red Cross Amsterdam-Amstelland can help with: 
• Information provision and referral to partners
• Digital food and hygiene support (maximum 3 months)
• Transport costs (maximum 3 months)
• Guidance by Red Cross volunteers (to medical appointments, explaining the situation clearly)
• Access Emergency Request fund for (partial) reimbursement of medical devices

!! They **cannot** help with:
• Guidance by volunteers must be possible; We therefore do not support clients with addiction problems or serious psychological problems.
• Urgent assistance requests for which assistance must be provided within 24 hours,
• Providing medicines or medical assistance

**For help from Red Cross Amsterdam-Amstelland, send an e-mail to: heretohelp.amsterdam@rodekruis.nl**
|Q: Where can I find a doctor? A: For an overview of where to find a doctor, please see HIA (Health & Wellbeing): https://helpfulinformation.redcross.nl/|Q: What is better, sending somebody to a specialized organization or to a doctor? A: In general it is the best if people are known with a GP, because they can then visit the doctor more often. However, what is best to do, depends also on the situation of the person, and for example if somebody has a fixed address (better if they find a doctor) or somebody is on the street (better to go to a specialized organization). Often it is quicker to get somebody into contact with a specialized organization. This organization can then try to find a doctor for this person. Often they have a network of friendly doctors, who are more willing to receive people that are undocumented. 

In case somebody is in a city where there are specialized organizations, then it is good to give the PA the option to go to a huisarts (and if needed, our help to contact the huisarts) but that there are also specialized organizations that can help. 

**See below an example of a message that you can send:**
*You have the right to visit a family doctor, so you can always contact doctors close by to you. But there are also organizations that are specialized in providing medical help to people without health insurance. 
The benefits of contacting a doctor are that you can get structural help there. This is especially good if you have a fixed place where you are staying. However, sometimes it can teake a bit longer before there is a doctor that 
can receive you, because many doctors don’t take in new patients. 
The benefits of [ name organisation] is that they are specialized in helping people without health insurance. You can go there quickly to discuss your issue. But if you need structural help, they will also have to find you a doctor. Do you have a preference?*
|Q: What if someone needs a doctor in a city without specialized support organization? A: It can sometimes take a long time before we can help somebody to get the help from a doctor. However this is somebodies right. Therefore we do try this, but in case it is taken too long, then we connect somebody with a 
specialized organization: 
• Check if somebody can call with a doctor, or has somebody in their network; give the address of 
doctors close by
• In case he cannot call; contact your TC to check if there is an option that we can call as the Red Cross
• Keep track of the doctors that you call in ‘conversation summery’ 
• If after 5 doctors it didn’t work, call with the specialized organization that is most close by to see if he can go there
• If we need to reimburse travel costs; check with Team Captain if we can do this. 
• You can always send them the letter with information about CAK (you can find this letter here: https://helpfulinformation.redcross.nl/files/Brief-zorgverlening-ongedocumenteerde-migranten-landelijk.pdf |Q: What if someone needs urgent medical support after office hours/ during weekends? A: Ask him to call with huisartsenpost. In case he cannot do this: 
• Ask him his date of birth and to explain to you the symptoms. Tell him to stay on WA to answer 
questions from the Huisartsenpost and to pick up the phone in case he is called 
• Discuss with your TC if it is possible to call the huisartsenpost and discuss with them. Often they will ask to call in the patient, so then you can add the PA to the call. 
• In case you face difficulties; you can always call with piket to take over the case from you. 
|Q: I am afraid the doctor will send me away/ the doctor send me away A: Everyone in the Netherlands has the right to see a doctor., also if you don't have residence papers or health insurance. Clearly explain to PA what his/her rights are and that the doctor has to see him/her. Since they don't have health insurance, the costs are reimbursed by the CAK. Sometimes doctors don’t know about this. Therefore the Red Cross has developed a letter with information. In case somebody is scared to go to the doctor, then you can give them this letter, which they can show to the doctor. You can find this letter here: https://helpfulinformation.redcross.nl/files/Brief-zorgverlening-ongedocumenteerde-migranten-landelijk.pdf |Q: Can I go to the ermergency post at the hospital? A: Yes, and if it is an emergency they have the legal duty to help you. They can reimburse the costs for 80% at the CAK. 
|Q: Can I go to every hospital and where can I find the hospital? A: For all other help besides emergency care, you can best go to hospital that have a contract with the CAK. You can find here which hospitals have a contract with the CAK: https://www.hetcak.nl/zakelijk/onverzekerbare-vreemdelingen/overige-informatie/#item_15341 |Q: Where can I go to a dentist? A: You can always visit a dentist, but for people older then 18 the costs are not reimbursed. This means you will often have to pay for yourself. Sometimes there is a free dental service once in a while, for example in bigger cities. 

For an overview of where to find a dentist, please see HIA (Health & Wellbeing): https://helpfulinformation.redcross.nl/ |Q: Are there organizations that can help with dental care? A: Some health care organizations that are specialized in helping UM, can also help with dentists care. See the information on HIA: https://helpfulinformation.redcross.nl/. Not all organizations want to be on HIA. For example Doctors of the World prefers not to have the information public, but they can help sometimes. So you can direct people to them when they need dental care, but good to not make any promises. ",
How can undocumented migrants challenge denial of care by general practitioners in the Netherlands?,,"Undocumented migrants in the Netherlands have the right to see a doctor, even without residence papers or health insurance. If a general practitioner denies care, migrants can:

1. Clearly explain their rights to the doctor, using the Red Cross letter with information about care for undocumented migrants (available here: https://helpfulinformation.redcross.nl/files/Brief-zorgverlening-ongedocumenteerde-migranten-landelijk.pdf).
2. Show this letter to the doctor, which explains that costs are reimbursed by the CAK.
3. If still denied, seek help from specialized organizations or contact the Red Cross Amsterdam-Amstelland for guidance.

Doctors are legally required to provide care, and the CAK reimburses costs for undocumented migrants.","Q: What can the Red Cross Amsterdam do? A: ## Red Cross Amsterdam-Amstelland can help with: 
• Information provision and referral to partners
• Digital food and hygiene support (maximum 3 months)
• Transport costs (maximum 3 months)
• Guidance by Red Cross volunteers (to medical appointments, explaining the situation clearly)
• Access Emergency Request fund for (partial) reimbursement of medical devices

!! They **cannot** help with:
• Guidance by volunteers must be possible; We therefore do not support clients with addiction problems or serious psychological problems.
• Urgent assistance requests for which assistance must be provided within 24 hours,
• Providing medicines or medical assistance

**For help from Red Cross Amsterdam-Amstelland, send an e-mail to: heretohelp.amsterdam@rodekruis.nl**
|Q: Where can I find a doctor? A: For an overview of where to find a doctor, please see HIA (Health & Wellbeing): https://helpfulinformation.redcross.nl/|Q: What is better, sending somebody to a specialized organization or to a doctor? A: In general it is the best if people are known with a GP, because they can then visit the doctor more often. However, what is best to do, depends also on the situation of the person, and for example if somebody has a fixed address (better if they find a doctor) or somebody is on the street (better to go to a specialized organization). Often it is quicker to get somebody into contact with a specialized organization. This organization can then try to find a doctor for this person. Often they have a network of friendly doctors, who are more willing to receive people that are undocumented. 

In case somebody is in a city where there are specialized organizations, then it is good to give the PA the option to go to a huisarts (and if needed, our help to contact the huisarts) but that there are also specialized organizations that can help. 

**See below an example of a message that you can send:**
*You have the right to visit a family doctor, so you can always contact doctors close by to you. But there are also organizations that are specialized in providing medical help to people without health insurance. 
The benefits of contacting a doctor are that you can get structural help there. This is especially good if you have a fixed place where you are staying. However, sometimes it can teake a bit longer before there is a doctor that 
can receive you, because many doctors don’t take in new patients. 
The benefits of [ name organisation] is that they are specialized in helping people without health insurance. You can go there quickly to discuss your issue. But if you need structural help, they will also have to find you a doctor. Do you have a preference?*
|Q: What if someone needs a doctor in a city without specialized support organization? A: It can sometimes take a long time before we can help somebody to get the help from a doctor. However this is somebodies right. Therefore we do try this, but in case it is taken too long, then we connect somebody with a 
specialized organization: 
• Check if somebody can call with a doctor, or has somebody in their network; give the address of 
doctors close by
• In case he cannot call; contact your TC to check if there is an option that we can call as the Red Cross
• Keep track of the doctors that you call in ‘conversation summery’ 
• If after 5 doctors it didn’t work, call with the specialized organization that is most close by to see if he can go there
• If we need to reimburse travel costs; check with Team Captain if we can do this. 
• You can always send them the letter with information about CAK (you can find this letter here: https://helpfulinformation.redcross.nl/files/Brief-zorgverlening-ongedocumenteerde-migranten-landelijk.pdf |Q: What if someone needs urgent medical support after office hours/ during weekends? A: Ask him to call with huisartsenpost. In case he cannot do this: 
• Ask him his date of birth and to explain to you the symptoms. Tell him to stay on WA to answer 
questions from the Huisartsenpost and to pick up the phone in case he is called 
• Discuss with your TC if it is possible to call the huisartsenpost and discuss with them. Often they will ask to call in the patient, so then you can add the PA to the call. 
• In case you face difficulties; you can always call with piket to take over the case from you. 
|Q: I am afraid the doctor will send me away/ the doctor send me away A: Everyone in the Netherlands has the right to see a doctor., also if you don't have residence papers or health insurance. Clearly explain to PA what his/her rights are and that the doctor has to see him/her. Since they don't have health insurance, the costs are reimbursed by the CAK. Sometimes doctors don’t know about this. Therefore the Red Cross has developed a letter with information. In case somebody is scared to go to the doctor, then you can give them this letter, which they can show to the doctor. You can find this letter here: https://helpfulinformation.redcross.nl/files/Brief-zorgverlening-ongedocumenteerde-migranten-landelijk.pdf |Q: Can I go to the ermergency post at the hospital? A: Yes, and if it is an emergency they have the legal duty to help you. They can reimburse the costs for 80% at the CAK. 
|Q: Can I go to every hospital and where can I find the hospital? A: For all other help besides emergency care, you can best go to hospital that have a contract with the CAK. You can find here which hospitals have a contract with the CAK: https://www.hetcak.nl/zakelijk/onverzekerbare-vreemdelingen/overige-informatie/#item_15341 |Q: Where can I go to a dentist? A: You can always visit a dentist, but for people older then 18 the costs are not reimbursed. This means you will often have to pay for yourself. Sometimes there is a free dental service once in a while, for example in bigger cities. 

For an overview of where to find a dentist, please see HIA (Health & Wellbeing): https://helpfulinformation.redcross.nl/ |Q: Are there organizations that can help with dental care? A: Some health care organizations that are specialized in helping UM, can also help with dentists care. See the information on HIA: https://helpfulinformation.redcross.nl/. Not all organizations want to be on HIA. For example Doctors of the World prefers not to have the information public, but they can help sometimes. So you can direct people to them when they need dental care, but good to not make any promises. ",
How does emergency hospital care for uninsured patients compare to non-emergency hospital care?,,"Emergency hospital care for uninsured patients is always provided, as hospitals have a legal duty to help in emergencies. Costs for emergency care can be reimbursed for 80% at the CAK. For non-emergency hospital care, it is best to go to hospitals that have a contract with the CAK, as not all hospitals offer reimbursement for uninsured patients. You can find which hospitals have a contract here: https://www.hetcak.nl/zakelijk/onverzekerbare-vreemdelingen/overige-informatie/#item_15341","Q: What can the Red Cross Amsterdam do? A: ## Red Cross Amsterdam-Amstelland can help with: 
• Information provision and referral to partners
• Digital food and hygiene support (maximum 3 months)
• Transport costs (maximum 3 months)
• Guidance by Red Cross volunteers (to medical appointments, explaining the situation clearly)
• Access Emergency Request fund for (partial) reimbursement of medical devices

!! They **cannot** help with:
• Guidance by volunteers must be possible; We therefore do not support clients with addiction problems or serious psychological problems.
• Urgent assistance requests for which assistance must be provided within 24 hours,
• Providing medicines or medical assistance

**For help from Red Cross Amsterdam-Amstelland, send an e-mail to: heretohelp.amsterdam@rodekruis.nl**
|Q: Where can I find a doctor? A: For an overview of where to find a doctor, please see HIA (Health & Wellbeing): https://helpfulinformation.redcross.nl/|Q: What is better, sending somebody to a specialized organization or to a doctor? A: In general it is the best if people are known with a GP, because they can then visit the doctor more often. However, what is best to do, depends also on the situation of the person, and for example if somebody has a fixed address (better if they find a doctor) or somebody is on the street (better to go to a specialized organization). Often it is quicker to get somebody into contact with a specialized organization. This organization can then try to find a doctor for this person. Often they have a network of friendly doctors, who are more willing to receive people that are undocumented. 

In case somebody is in a city where there are specialized organizations, then it is good to give the PA the option to go to a huisarts (and if needed, our help to contact the huisarts) but that there are also specialized organizations that can help. 

**See below an example of a message that you can send:**
*You have the right to visit a family doctor, so you can always contact doctors close by to you. But there are also organizations that are specialized in providing medical help to people without health insurance. 
The benefits of contacting a doctor are that you can get structural help there. This is especially good if you have a fixed place where you are staying. However, sometimes it can teake a bit longer before there is a doctor that 
can receive you, because many doctors don’t take in new patients. 
The benefits of [ name organisation] is that they are specialized in helping people without health insurance. You can go there quickly to discuss your issue. But if you need structural help, they will also have to find you a doctor. Do you have a preference?*
|Q: What if someone needs a doctor in a city without specialized support organization? A: It can sometimes take a long time before we can help somebody to get the help from a doctor. However this is somebodies right. Therefore we do try this, but in case it is taken too long, then we connect somebody with a 
specialized organization: 
• Check if somebody can call with a doctor, or has somebody in their network; give the address of 
doctors close by
• In case he cannot call; contact your TC to check if there is an option that we can call as the Red Cross
• Keep track of the doctors that you call in ‘conversation summery’ 
• If after 5 doctors it didn’t work, call with the specialized organization that is most close by to see if he can go there
• If we need to reimburse travel costs; check with Team Captain if we can do this. 
• You can always send them the letter with information about CAK (you can find this letter here: https://helpfulinformation.redcross.nl/files/Brief-zorgverlening-ongedocumenteerde-migranten-landelijk.pdf |Q: What if someone needs urgent medical support after office hours/ during weekends? A: Ask him to call with huisartsenpost. In case he cannot do this: 
• Ask him his date of birth and to explain to you the symptoms. Tell him to stay on WA to answer 
questions from the Huisartsenpost and to pick up the phone in case he is called 
• Discuss with your TC if it is possible to call the huisartsenpost and discuss with them. Often they will ask to call in the patient, so then you can add the PA to the call. 
• In case you face difficulties; you can always call with piket to take over the case from you. 
|Q: I am afraid the doctor will send me away/ the doctor send me away A: Everyone in the Netherlands has the right to see a doctor., also if you don't have residence papers or health insurance. Clearly explain to PA what his/her rights are and that the doctor has to see him/her. Since they don't have health insurance, the costs are reimbursed by the CAK. Sometimes doctors don’t know about this. Therefore the Red Cross has developed a letter with information. In case somebody is scared to go to the doctor, then you can give them this letter, which they can show to the doctor. You can find this letter here: https://helpfulinformation.redcross.nl/files/Brief-zorgverlening-ongedocumenteerde-migranten-landelijk.pdf |Q: Can I go to the ermergency post at the hospital? A: Yes, and if it is an emergency they have the legal duty to help you. They can reimburse the costs for 80% at the CAK. 
|Q: Can I go to every hospital and where can I find the hospital? A: For all other help besides emergency care, you can best go to hospital that have a contract with the CAK. You can find here which hospitals have a contract with the CAK: https://www.hetcak.nl/zakelijk/onverzekerbare-vreemdelingen/overige-informatie/#item_15341 |Q: Where can I go to a dentist? A: You can always visit a dentist, but for people older then 18 the costs are not reimbursed. This means you will often have to pay for yourself. Sometimes there is a free dental service once in a while, for example in bigger cities. 

For an overview of where to find a dentist, please see HIA (Health & Wellbeing): https://helpfulinformation.redcross.nl/ |Q: Are there organizations that can help with dental care? A: Some health care organizations that are specialized in helping UM, can also help with dentists care. See the information on HIA: https://helpfulinformation.redcross.nl/. Not all organizations want to be on HIA. For example Doctors of the World prefers not to have the information public, but they can help sometimes. So you can direct people to them when they need dental care, but good to not make any promises. ",
Which Dutch hospitals with CAK contracts provide non-emergency care for uninsured or undocumented patients?,,Dutch hospitals that have a contract with the CAK can provide non-emergency care for uninsured or undocumented patients. You can find the list of these hospitals here: https://www.hetcak.nl/zakelijk/onverzekerbare-vreemdelingen/overige-informatie/#item_15341,"Q: What can the Red Cross Amsterdam do? A: ## Red Cross Amsterdam-Amstelland can help with: 
• Information provision and referral to partners
• Digital food and hygiene support (maximum 3 months)
• Transport costs (maximum 3 months)
• Guidance by Red Cross volunteers (to medical appointments, explaining the situation clearly)
• Access Emergency Request fund for (partial) reimbursement of medical devices

!! They **cannot** help with:
• Guidance by volunteers must be possible; We therefore do not support clients with addiction problems or serious psychological problems.
• Urgent assistance requests for which assistance must be provided within 24 hours,
• Providing medicines or medical assistance

**For help from Red Cross Amsterdam-Amstelland, send an e-mail to: heretohelp.amsterdam@rodekruis.nl**
|Q: Where can I find a doctor? A: For an overview of where to find a doctor, please see HIA (Health & Wellbeing): https://helpfulinformation.redcross.nl/|Q: What is better, sending somebody to a specialized organization or to a doctor? A: In general it is the best if people are known with a GP, because they can then visit the doctor more often. However, what is best to do, depends also on the situation of the person, and for example if somebody has a fixed address (better if they find a doctor) or somebody is on the street (better to go to a specialized organization). Often it is quicker to get somebody into contact with a specialized organization. This organization can then try to find a doctor for this person. Often they have a network of friendly doctors, who are more willing to receive people that are undocumented. 

In case somebody is in a city where there are specialized organizations, then it is good to give the PA the option to go to a huisarts (and if needed, our help to contact the huisarts) but that there are also specialized organizations that can help. 

**See below an example of a message that you can send:**
*You have the right to visit a family doctor, so you can always contact doctors close by to you. But there are also organizations that are specialized in providing medical help to people without health insurance. 
The benefits of contacting a doctor are that you can get structural help there. This is especially good if you have a fixed place where you are staying. However, sometimes it can teake a bit longer before there is a doctor that 
can receive you, because many doctors don’t take in new patients. 
The benefits of [ name organisation] is that they are specialized in helping people without health insurance. You can go there quickly to discuss your issue. But if you need structural help, they will also have to find you a doctor. Do you have a preference?*
|Q: What if someone needs a doctor in a city without specialized support organization? A: It can sometimes take a long time before we can help somebody to get the help from a doctor. However this is somebodies right. Therefore we do try this, but in case it is taken too long, then we connect somebody with a 
specialized organization: 
• Check if somebody can call with a doctor, or has somebody in their network; give the address of 
doctors close by
• In case he cannot call; contact your TC to check if there is an option that we can call as the Red Cross
• Keep track of the doctors that you call in ‘conversation summery’ 
• If after 5 doctors it didn’t work, call with the specialized organization that is most close by to see if he can go there
• If we need to reimburse travel costs; check with Team Captain if we can do this. 
• You can always send them the letter with information about CAK (you can find this letter here: https://helpfulinformation.redcross.nl/files/Brief-zorgverlening-ongedocumenteerde-migranten-landelijk.pdf |Q: What if someone needs urgent medical support after office hours/ during weekends? A: Ask him to call with huisartsenpost. In case he cannot do this: 
• Ask him his date of birth and to explain to you the symptoms. Tell him to stay on WA to answer 
questions from the Huisartsenpost and to pick up the phone in case he is called 
• Discuss with your TC if it is possible to call the huisartsenpost and discuss with them. Often they will ask to call in the patient, so then you can add the PA to the call. 
• In case you face difficulties; you can always call with piket to take over the case from you. 
|Q: I am afraid the doctor will send me away/ the doctor send me away A: Everyone in the Netherlands has the right to see a doctor., also if you don't have residence papers or health insurance. Clearly explain to PA what his/her rights are and that the doctor has to see him/her. Since they don't have health insurance, the costs are reimbursed by the CAK. Sometimes doctors don’t know about this. Therefore the Red Cross has developed a letter with information. In case somebody is scared to go to the doctor, then you can give them this letter, which they can show to the doctor. You can find this letter here: https://helpfulinformation.redcross.nl/files/Brief-zorgverlening-ongedocumenteerde-migranten-landelijk.pdf |Q: Can I go to the ermergency post at the hospital? A: Yes, and if it is an emergency they have the legal duty to help you. They can reimburse the costs for 80% at the CAK. 
|Q: Can I go to every hospital and where can I find the hospital? A: For all other help besides emergency care, you can best go to hospital that have a contract with the CAK. You can find here which hospitals have a contract with the CAK: https://www.hetcak.nl/zakelijk/onverzekerbare-vreemdelingen/overige-informatie/#item_15341 |Q: Where can I go to a dentist? A: You can always visit a dentist, but for people older then 18 the costs are not reimbursed. This means you will often have to pay for yourself. Sometimes there is a free dental service once in a while, for example in bigger cities. 

For an overview of where to find a dentist, please see HIA (Health & Wellbeing): https://helpfulinformation.redcross.nl/ |Q: Are there organizations that can help with dental care? A: Some health care organizations that are specialized in helping UM, can also help with dentists care. See the information on HIA: https://helpfulinformation.redcross.nl/. Not all organizations want to be on HIA. For example Doctors of the World prefers not to have the information public, but they can help sometimes. So you can direct people to them when they need dental care, but good to not make any promises. ",
Which NL hospitals offer non-emergency care to uninsured patients under a CAK contract?,,Hospitals in the Netherlands that offer non-emergency care to uninsured patients under a CAK contract can be found at this link: https://www.hetcak.nl/zakelijk/onverzekerbare-vreemdelingen/overige-informatie/#item_15341. These hospitals have agreements with the CAK to provide care and facilitate reimbursement.,"Q: What can the Red Cross Amsterdam do? A: ## Red Cross Amsterdam-Amstelland can help with: 
• Information provision and referral to partners
• Digital food and hygiene support (maximum 3 months)
• Transport costs (maximum 3 months)
• Guidance by Red Cross volunteers (to medical appointments, explaining the situation clearly)
• Access Emergency Request fund for (partial) reimbursement of medical devices

!! They **cannot** help with:
• Guidance by volunteers must be possible; We therefore do not support clients with addiction problems or serious psychological problems.
• Urgent assistance requests for which assistance must be provided within 24 hours,
• Providing medicines or medical assistance

**For help from Red Cross Amsterdam-Amstelland, send an e-mail to: heretohelp.amsterdam@rodekruis.nl**
|Q: Where can I find a doctor? A: For an overview of where to find a doctor, please see HIA (Health & Wellbeing): https://helpfulinformation.redcross.nl/|Q: What is better, sending somebody to a specialized organization or to a doctor? A: In general it is the best if people are known with a GP, because they can then visit the doctor more often. However, what is best to do, depends also on the situation of the person, and for example if somebody has a fixed address (better if they find a doctor) or somebody is on the street (better to go to a specialized organization). Often it is quicker to get somebody into contact with a specialized organization. This organization can then try to find a doctor for this person. Often they have a network of friendly doctors, who are more willing to receive people that are undocumented. 

In case somebody is in a city where there are specialized organizations, then it is good to give the PA the option to go to a huisarts (and if needed, our help to contact the huisarts) but that there are also specialized organizations that can help. 

**See below an example of a message that you can send:**
*You have the right to visit a family doctor, so you can always contact doctors close by to you. But there are also organizations that are specialized in providing medical help to people without health insurance. 
The benefits of contacting a doctor are that you can get structural help there. This is especially good if you have a fixed place where you are staying. However, sometimes it can teake a bit longer before there is a doctor that 
can receive you, because many doctors don’t take in new patients. 
The benefits of [ name organisation] is that they are specialized in helping people without health insurance. You can go there quickly to discuss your issue. But if you need structural help, they will also have to find you a doctor. Do you have a preference?*
|Q: What if someone needs a doctor in a city without specialized support organization? A: It can sometimes take a long time before we can help somebody to get the help from a doctor. However this is somebodies right. Therefore we do try this, but in case it is taken too long, then we connect somebody with a 
specialized organization: 
• Check if somebody can call with a doctor, or has somebody in their network; give the address of 
doctors close by
• In case he cannot call; contact your TC to check if there is an option that we can call as the Red Cross
• Keep track of the doctors that you call in ‘conversation summery’ 
• If after 5 doctors it didn’t work, call with the specialized organization that is most close by to see if he can go there
• If we need to reimburse travel costs; check with Team Captain if we can do this. 
• You can always send them the letter with information about CAK (you can find this letter here: https://helpfulinformation.redcross.nl/files/Brief-zorgverlening-ongedocumenteerde-migranten-landelijk.pdf |Q: What if someone needs urgent medical support after office hours/ during weekends? A: Ask him to call with huisartsenpost. In case he cannot do this: 
• Ask him his date of birth and to explain to you the symptoms. Tell him to stay on WA to answer 
questions from the Huisartsenpost and to pick up the phone in case he is called 
• Discuss with your TC if it is possible to call the huisartsenpost and discuss with them. Often they will ask to call in the patient, so then you can add the PA to the call. 
• In case you face difficulties; you can always call with piket to take over the case from you. 
|Q: I am afraid the doctor will send me away/ the doctor send me away A: Everyone in the Netherlands has the right to see a doctor., also if you don't have residence papers or health insurance. Clearly explain to PA what his/her rights are and that the doctor has to see him/her. Since they don't have health insurance, the costs are reimbursed by the CAK. Sometimes doctors don’t know about this. Therefore the Red Cross has developed a letter with information. In case somebody is scared to go to the doctor, then you can give them this letter, which they can show to the doctor. You can find this letter here: https://helpfulinformation.redcross.nl/files/Brief-zorgverlening-ongedocumenteerde-migranten-landelijk.pdf |Q: Can I go to the ermergency post at the hospital? A: Yes, and if it is an emergency they have the legal duty to help you. They can reimburse the costs for 80% at the CAK. 
|Q: Can I go to every hospital and where can I find the hospital? A: For all other help besides emergency care, you can best go to hospital that have a contract with the CAK. You can find here which hospitals have a contract with the CAK: https://www.hetcak.nl/zakelijk/onverzekerbare-vreemdelingen/overige-informatie/#item_15341 |Q: Where can I go to a dentist? A: You can always visit a dentist, but for people older then 18 the costs are not reimbursed. This means you will often have to pay for yourself. Sometimes there is a free dental service once in a while, for example in bigger cities. 

For an overview of where to find a dentist, please see HIA (Health & Wellbeing): https://helpfulinformation.redcross.nl/ |Q: Are there organizations that can help with dental care? A: Some health care organizations that are specialized in helping UM, can also help with dentists care. See the information on HIA: https://helpfulinformation.redcross.nl/. Not all organizations want to be on HIA. For example Doctors of the World prefers not to have the information public, but they can help sometimes. So you can direct people to them when they need dental care, but good to not make any promises. ",
"If uninsured and over 18, what dental care options and cost responsibilities might you face?",,"If you are uninsured and over 18, you can visit a dentist, but the costs are not reimbursed—you will usually have to pay yourself. Sometimes free dental services are available in bigger cities. Some specialized health care organizations may help with dental care, but do not make promises as support is limited. For more information, see: https://helpfulinformation.redcross.nl/","Q: What can the Red Cross Amsterdam do? A: ## Red Cross Amsterdam-Amstelland can help with: 
• Information provision and referral to partners
• Digital food and hygiene support (maximum 3 months)
• Transport costs (maximum 3 months)
• Guidance by Red Cross volunteers (to medical appointments, explaining the situation clearly)
• Access Emergency Request fund for (partial) reimbursement of medical devices

!! They **cannot** help with:
• Guidance by volunteers must be possible; We therefore do not support clients with addiction problems or serious psychological problems.
• Urgent assistance requests for which assistance must be provided within 24 hours,
• Providing medicines or medical assistance

**For help from Red Cross Amsterdam-Amstelland, send an e-mail to: heretohelp.amsterdam@rodekruis.nl**
|Q: Where can I find a doctor? A: For an overview of where to find a doctor, please see HIA (Health & Wellbeing): https://helpfulinformation.redcross.nl/|Q: What is better, sending somebody to a specialized organization or to a doctor? A: In general it is the best if people are known with a GP, because they can then visit the doctor more often. However, what is best to do, depends also on the situation of the person, and for example if somebody has a fixed address (better if they find a doctor) or somebody is on the street (better to go to a specialized organization). Often it is quicker to get somebody into contact with a specialized organization. This organization can then try to find a doctor for this person. Often they have a network of friendly doctors, who are more willing to receive people that are undocumented. 

In case somebody is in a city where there are specialized organizations, then it is good to give the PA the option to go to a huisarts (and if needed, our help to contact the huisarts) but that there are also specialized organizations that can help. 

**See below an example of a message that you can send:**
*You have the right to visit a family doctor, so you can always contact doctors close by to you. But there are also organizations that are specialized in providing medical help to people without health insurance. 
The benefits of contacting a doctor are that you can get structural help there. This is especially good if you have a fixed place where you are staying. However, sometimes it can teake a bit longer before there is a doctor that 
can receive you, because many doctors don’t take in new patients. 
The benefits of [ name organisation] is that they are specialized in helping people without health insurance. You can go there quickly to discuss your issue. But if you need structural help, they will also have to find you a doctor. Do you have a preference?*
|Q: What if someone needs a doctor in a city without specialized support organization? A: It can sometimes take a long time before we can help somebody to get the help from a doctor. However this is somebodies right. Therefore we do try this, but in case it is taken too long, then we connect somebody with a 
specialized organization: 
• Check if somebody can call with a doctor, or has somebody in their network; give the address of 
doctors close by
• In case he cannot call; contact your TC to check if there is an option that we can call as the Red Cross
• Keep track of the doctors that you call in ‘conversation summery’ 
• If after 5 doctors it didn’t work, call with the specialized organization that is most close by to see if he can go there
• If we need to reimburse travel costs; check with Team Captain if we can do this. 
• You can always send them the letter with information about CAK (you can find this letter here: https://helpfulinformation.redcross.nl/files/Brief-zorgverlening-ongedocumenteerde-migranten-landelijk.pdf |Q: What if someone needs urgent medical support after office hours/ during weekends? A: Ask him to call with huisartsenpost. In case he cannot do this: 
• Ask him his date of birth and to explain to you the symptoms. Tell him to stay on WA to answer 
questions from the Huisartsenpost and to pick up the phone in case he is called 
• Discuss with your TC if it is possible to call the huisartsenpost and discuss with them. Often they will ask to call in the patient, so then you can add the PA to the call. 
• In case you face difficulties; you can always call with piket to take over the case from you. 
|Q: I am afraid the doctor will send me away/ the doctor send me away A: Everyone in the Netherlands has the right to see a doctor., also if you don't have residence papers or health insurance. Clearly explain to PA what his/her rights are and that the doctor has to see him/her. Since they don't have health insurance, the costs are reimbursed by the CAK. Sometimes doctors don’t know about this. Therefore the Red Cross has developed a letter with information. In case somebody is scared to go to the doctor, then you can give them this letter, which they can show to the doctor. You can find this letter here: https://helpfulinformation.redcross.nl/files/Brief-zorgverlening-ongedocumenteerde-migranten-landelijk.pdf |Q: Can I go to the ermergency post at the hospital? A: Yes, and if it is an emergency they have the legal duty to help you. They can reimburse the costs for 80% at the CAK. 
|Q: Can I go to every hospital and where can I find the hospital? A: For all other help besides emergency care, you can best go to hospital that have a contract with the CAK. You can find here which hospitals have a contract with the CAK: https://www.hetcak.nl/zakelijk/onverzekerbare-vreemdelingen/overige-informatie/#item_15341 |Q: Where can I go to a dentist? A: You can always visit a dentist, but for people older then 18 the costs are not reimbursed. This means you will often have to pay for yourself. Sometimes there is a free dental service once in a while, for example in bigger cities. 

For an overview of where to find a dentist, please see HIA (Health & Wellbeing): https://helpfulinformation.redcross.nl/ |Q: Are there organizations that can help with dental care? A: Some health care organizations that are specialized in helping UM, can also help with dentists care. See the information on HIA: https://helpfulinformation.redcross.nl/. Not all organizations want to be on HIA. For example Doctors of the World prefers not to have the information public, but they can help sometimes. So you can direct people to them when they need dental care, but good to not make any promises. ",
"Which specialized orgs in NL assist uninsured adults with dental care, including free city clinics?",,"Some specialized organizations in the Netherlands assist uninsured adults with dental care, including occasional free city clinics. For an overview, see HIA (Health & Wellbeing): https://helpfulinformation.redcross.nl/. Not all organizations are listed there; for example, Doctors of the World can sometimes help with dental care, but their information is not public. In bigger cities, there are sometimes free dental services. However, for adults over 18, dental costs are usually not reimbursed, so you may need to pay yourself.","Q: What can the Red Cross Amsterdam do? A: ## Red Cross Amsterdam-Amstelland can help with: 
• Information provision and referral to partners
• Digital food and hygiene support (maximum 3 months)
• Transport costs (maximum 3 months)
• Guidance by Red Cross volunteers (to medical appointments, explaining the situation clearly)
• Access Emergency Request fund for (partial) reimbursement of medical devices

!! They **cannot** help with:
• Guidance by volunteers must be possible; We therefore do not support clients with addiction problems or serious psychological problems.
• Urgent assistance requests for which assistance must be provided within 24 hours,
• Providing medicines or medical assistance

**For help from Red Cross Amsterdam-Amstelland, send an e-mail to: heretohelp.amsterdam@rodekruis.nl**
|Q: Where can I find a doctor? A: For an overview of where to find a doctor, please see HIA (Health & Wellbeing): https://helpfulinformation.redcross.nl/|Q: What is better, sending somebody to a specialized organization or to a doctor? A: In general it is the best if people are known with a GP, because they can then visit the doctor more often. However, what is best to do, depends also on the situation of the person, and for example if somebody has a fixed address (better if they find a doctor) or somebody is on the street (better to go to a specialized organization). Often it is quicker to get somebody into contact with a specialized organization. This organization can then try to find a doctor for this person. Often they have a network of friendly doctors, who are more willing to receive people that are undocumented. 

In case somebody is in a city where there are specialized organizations, then it is good to give the PA the option to go to a huisarts (and if needed, our help to contact the huisarts) but that there are also specialized organizations that can help. 

**See below an example of a message that you can send:**
*You have the right to visit a family doctor, so you can always contact doctors close by to you. But there are also organizations that are specialized in providing medical help to people without health insurance. 
The benefits of contacting a doctor are that you can get structural help there. This is especially good if you have a fixed place where you are staying. However, sometimes it can teake a bit longer before there is a doctor that 
can receive you, because many doctors don’t take in new patients. 
The benefits of [ name organisation] is that they are specialized in helping people without health insurance. You can go there quickly to discuss your issue. But if you need structural help, they will also have to find you a doctor. Do you have a preference?*
|Q: What if someone needs a doctor in a city without specialized support organization? A: It can sometimes take a long time before we can help somebody to get the help from a doctor. However this is somebodies right. Therefore we do try this, but in case it is taken too long, then we connect somebody with a 
specialized organization: 
• Check if somebody can call with a doctor, or has somebody in their network; give the address of 
doctors close by
• In case he cannot call; contact your TC to check if there is an option that we can call as the Red Cross
• Keep track of the doctors that you call in ‘conversation summery’ 
• If after 5 doctors it didn’t work, call with the specialized organization that is most close by to see if he can go there
• If we need to reimburse travel costs; check with Team Captain if we can do this. 
• You can always send them the letter with information about CAK (you can find this letter here: https://helpfulinformation.redcross.nl/files/Brief-zorgverlening-ongedocumenteerde-migranten-landelijk.pdf |Q: What if someone needs urgent medical support after office hours/ during weekends? A: Ask him to call with huisartsenpost. In case he cannot do this: 
• Ask him his date of birth and to explain to you the symptoms. Tell him to stay on WA to answer 
questions from the Huisartsenpost and to pick up the phone in case he is called 
• Discuss with your TC if it is possible to call the huisartsenpost and discuss with them. Often they will ask to call in the patient, so then you can add the PA to the call. 
• In case you face difficulties; you can always call with piket to take over the case from you. 
|Q: I am afraid the doctor will send me away/ the doctor send me away A: Everyone in the Netherlands has the right to see a doctor., also if you don't have residence papers or health insurance. Clearly explain to PA what his/her rights are and that the doctor has to see him/her. Since they don't have health insurance, the costs are reimbursed by the CAK. Sometimes doctors don’t know about this. Therefore the Red Cross has developed a letter with information. In case somebody is scared to go to the doctor, then you can give them this letter, which they can show to the doctor. You can find this letter here: https://helpfulinformation.redcross.nl/files/Brief-zorgverlening-ongedocumenteerde-migranten-landelijk.pdf |Q: Can I go to the ermergency post at the hospital? A: Yes, and if it is an emergency they have the legal duty to help you. They can reimburse the costs for 80% at the CAK. 
|Q: Can I go to every hospital and where can I find the hospital? A: For all other help besides emergency care, you can best go to hospital that have a contract with the CAK. You can find here which hospitals have a contract with the CAK: https://www.hetcak.nl/zakelijk/onverzekerbare-vreemdelingen/overige-informatie/#item_15341 |Q: Where can I go to a dentist? A: You can always visit a dentist, but for people older then 18 the costs are not reimbursed. This means you will often have to pay for yourself. Sometimes there is a free dental service once in a while, for example in bigger cities. 

For an overview of where to find a dentist, please see HIA (Health & Wellbeing): https://helpfulinformation.redcross.nl/ |Q: Are there organizations that can help with dental care? A: Some health care organizations that are specialized in helping UM, can also help with dentists care. See the information on HIA: https://helpfulinformation.redcross.nl/. Not all organizations want to be on HIA. For example Doctors of the World prefers not to have the information public, but they can help sometimes. So you can direct people to them when they need dental care, but good to not make any promises. ",
"How can UM aged 18+ find free dental services in bigger cities, and are costs reimbursed?",,"UM aged 18+ can sometimes access free dental services in bigger cities, as these are occasionally offered. However, for people older than 18, dental costs are generally not reimbursed, so you will often have to pay yourself. For an overview of where to find a dentist or free dental services, check HIA (Health & Wellbeing): https://helpfulinformation.redcross.nl/. Some specialized health care organizations may help with dental care, but do not make promises about coverage.","Q: What can the Red Cross Amsterdam do? A: ## Red Cross Amsterdam-Amstelland can help with: 
• Information provision and referral to partners
• Digital food and hygiene support (maximum 3 months)
• Transport costs (maximum 3 months)
• Guidance by Red Cross volunteers (to medical appointments, explaining the situation clearly)
• Access Emergency Request fund for (partial) reimbursement of medical devices

!! They **cannot** help with:
• Guidance by volunteers must be possible; We therefore do not support clients with addiction problems or serious psychological problems.
• Urgent assistance requests for which assistance must be provided within 24 hours,
• Providing medicines or medical assistance

**For help from Red Cross Amsterdam-Amstelland, send an e-mail to: heretohelp.amsterdam@rodekruis.nl**
|Q: Where can I find a doctor? A: For an overview of where to find a doctor, please see HIA (Health & Wellbeing): https://helpfulinformation.redcross.nl/|Q: What is better, sending somebody to a specialized organization or to a doctor? A: In general it is the best if people are known with a GP, because they can then visit the doctor more often. However, what is best to do, depends also on the situation of the person, and for example if somebody has a fixed address (better if they find a doctor) or somebody is on the street (better to go to a specialized organization). Often it is quicker to get somebody into contact with a specialized organization. This organization can then try to find a doctor for this person. Often they have a network of friendly doctors, who are more willing to receive people that are undocumented. 

In case somebody is in a city where there are specialized organizations, then it is good to give the PA the option to go to a huisarts (and if needed, our help to contact the huisarts) but that there are also specialized organizations that can help. 

**See below an example of a message that you can send:**
*You have the right to visit a family doctor, so you can always contact doctors close by to you. But there are also organizations that are specialized in providing medical help to people without health insurance. 
The benefits of contacting a doctor are that you can get structural help there. This is especially good if you have a fixed place where you are staying. However, sometimes it can teake a bit longer before there is a doctor that 
can receive you, because many doctors don’t take in new patients. 
The benefits of [ name organisation] is that they are specialized in helping people without health insurance. You can go there quickly to discuss your issue. But if you need structural help, they will also have to find you a doctor. Do you have a preference?*
|Q: What if someone needs a doctor in a city without specialized support organization? A: It can sometimes take a long time before we can help somebody to get the help from a doctor. However this is somebodies right. Therefore we do try this, but in case it is taken too long, then we connect somebody with a 
specialized organization: 
• Check if somebody can call with a doctor, or has somebody in their network; give the address of 
doctors close by
• In case he cannot call; contact your TC to check if there is an option that we can call as the Red Cross
• Keep track of the doctors that you call in ‘conversation summery’ 
• If after 5 doctors it didn’t work, call with the specialized organization that is most close by to see if he can go there
• If we need to reimburse travel costs; check with Team Captain if we can do this. 
• You can always send them the letter with information about CAK (you can find this letter here: https://helpfulinformation.redcross.nl/files/Brief-zorgverlening-ongedocumenteerde-migranten-landelijk.pdf |Q: What if someone needs urgent medical support after office hours/ during weekends? A: Ask him to call with huisartsenpost. In case he cannot do this: 
• Ask him his date of birth and to explain to you the symptoms. Tell him to stay on WA to answer 
questions from the Huisartsenpost and to pick up the phone in case he is called 
• Discuss with your TC if it is possible to call the huisartsenpost and discuss with them. Often they will ask to call in the patient, so then you can add the PA to the call. 
• In case you face difficulties; you can always call with piket to take over the case from you. 
|Q: I am afraid the doctor will send me away/ the doctor send me away A: Everyone in the Netherlands has the right to see a doctor., also if you don't have residence papers or health insurance. Clearly explain to PA what his/her rights are and that the doctor has to see him/her. Since they don't have health insurance, the costs are reimbursed by the CAK. Sometimes doctors don’t know about this. Therefore the Red Cross has developed a letter with information. In case somebody is scared to go to the doctor, then you can give them this letter, which they can show to the doctor. You can find this letter here: https://helpfulinformation.redcross.nl/files/Brief-zorgverlening-ongedocumenteerde-migranten-landelijk.pdf |Q: Can I go to the ermergency post at the hospital? A: Yes, and if it is an emergency they have the legal duty to help you. They can reimburse the costs for 80% at the CAK. 
|Q: Can I go to every hospital and where can I find the hospital? A: For all other help besides emergency care, you can best go to hospital that have a contract with the CAK. You can find here which hospitals have a contract with the CAK: https://www.hetcak.nl/zakelijk/onverzekerbare-vreemdelingen/overige-informatie/#item_15341 |Q: Where can I go to a dentist? A: You can always visit a dentist, but for people older then 18 the costs are not reimbursed. This means you will often have to pay for yourself. Sometimes there is a free dental service once in a while, for example in bigger cities. 

For an overview of where to find a dentist, please see HIA (Health & Wellbeing): https://helpfulinformation.redcross.nl/ |Q: Are there organizations that can help with dental care? A: Some health care organizations that are specialized in helping UM, can also help with dentists care. See the information on HIA: https://helpfulinformation.redcross.nl/. Not all organizations want to be on HIA. For example Doctors of the World prefers not to have the information public, but they can help sometimes. So you can direct people to them when they need dental care, but good to not make any promises. ",
Where can undocumented pregnant women access midwife care and shelter during late pregnancy and postpartum?,,"Undocumented pregnant women have the right to see a midwife after three months of pregnancy and can contact a midwife directly without first seeing a doctor. They also have the right to get shelter for 6 weeks before the birth and 6 weeks after the birth. For more information, see HIA (Pregnancy & Sexual Health): https://helpfulinformation.redcross.nl/","Q: Where can I go when I am pregnant? A: People who are undocumented have the right to see a midwife after they are pregnant for three months. Women who are pregnant also have the right to get shelter for the period of 6 weeks before the birth and 6 weeks after the birth. For a midwife, somebody doesn’t have to first see a doctor. So they can contact a midwife directly.

For an overview of where to go when you are pregnant, please see HIA (Pregnancy & Sexual Health): https://helpfulinformation.redcross.nl/ 

For more information about pregnancy in 13 different languages, see:
https://www.zanzu.de/nl/gezinsplanning-en-zwangerschap/|Q: Where can I go when I want to get an abortion? A: If your pregnancy wasn’t planned and you’re considering your options, abortion is a possibility. How abortion can be carried out depends on how far you are in the pregnancy. The costs are usually not reimbursed but there are options for you if you are unable to pay for it yourself. Please check HIA for more information (women) - https://helpfulinformation.redcross.nl/ |Q: Where can I go for physiotherapy? A: Since physiotherapy is in not in the basic health insurence, it is not compensated. This means somebody has to pay for it themselves. Somethimes special organizations can help. 

For an overview of where to find a physiotherapist and which special organizations can help with payment, please see HIA: https://helpfulinformation.redcross.nl/ 
|Q: Where can I go for information about or help with HIV, STD and birth control? A: For an overview of where to go to get more information or help with HIV, STD or birthcontrol, please see HIA (Health & Wellbeing): https://helpfulinformation.redcross.nl/ 

For more information about relationships, sexual health and pregnancy in 13 languages, see: https://www.zanzu.nl/nl/taalkeuze|Q: Where can I get medication? A: In case a PA needs medicine, they need a recipe from the doctor. So first check if the person has this. In case the person has a prescription, they can go to a pharmacy that has a contract with the CAK. They have to pay €5,- for the medicine.

Check which pharmacies are contracted with the CAK. You can find the list here: https://www.hetcak.nl/zakelijk/onverzekerbare-vreemdelingen/overige-informatie/#item_15340 

Please see HIA for an overview of the listed pharmacies per city: https://helpfulinformation.redcross.nl/ (health & wellbeing - medication)|Q: How can I get a repeat prescription? A: If somebody needs a repeat prescription, but doesn’t have the prescription anymore or used to get it in their home country, it can help to contact a contracted pharmacy directly to discuss this with them. Maybe they are willing to give it or they know a doctor where this person can go to. 

You can find the list of pharmacies contracted with the CAK here: https://www.hetcak.nl/zakelijk/onverzekerbare-vreemdelingen/overige-informatie/#item_15340|Q: Where can I go to for psychosocial support? A: For an overview of where to go for psychosocial support, please see HIA (Mental Wellbeing): https://helpfulinformation.redcross.nl/ 

In addition, you can send them this folder about mental wellbeing (it's available in multiple languages): https://www.pharos.nl/kennisbank/als-je-stress-hebt-veel-denkt-en-slecht-slaapt-engels/

**IMPORTANT** In general when somebody is saying that he feels depressed, it is important that the PA receives good help from us. It can be important that they are helped by only one person and don’t get answers from different helpdesk agents. When you have the feeling that somebody is not feeling well, inform the Team Captain or piket about it, to see if she should take over the case.|Q: Do people have the right to get legal assistance? A: Everyone has the right to legal assistance, including people without a residence permit. A Juridisch Loket (legal help desk) can help with legal issues. Some cities have legal aid centres that provide assistance. Other relief organisations, such as VluchtelingenWerk (the Dutch Refugee Council), ASKV Refugee Support and Stek, also help people without residence permits.|Q: Where can somebody go if they want to request asylum for the first time? A: People that are looking for asylum can best go to VluchtelingenWerk for advice. VluchtelingenWerk also has a 
website where people can get information or get into contact with VluchtelingenWerk: www.refugeehelp.nl|Q: Who can help someone who has been rejected for asylum, but wants to try it again? A: People that have a negative decision on their asylum, might be able to get juridical help and in some cases temporary shelter. It is good to check with them what kind of help they already received, and where they are staying. In most cities there are organizations that can give juridical advice to people that are undocumented (and received a negative decision).
You can find information about this on HIA: https://helpfulinformation.redcross.nl/. In case there is no specialized organization close by, then it is best to send them to VluchtelingenWerk.",
Describe the steps and financial considerations for accessing abortion services at different pregnancy stages.,,"Abortion is possible if your pregnancy was not planned. The method used depends on how far you are in the pregnancy. The costs for abortion are usually not reimbursed, but there are options if you cannot pay yourself. For detailed steps and financial considerations, please check HIA (women): https://helpfulinformation.redcross.nl/","Q: Where can I go when I am pregnant? A: People who are undocumented have the right to see a midwife after they are pregnant for three months. Women who are pregnant also have the right to get shelter for the period of 6 weeks before the birth and 6 weeks after the birth. For a midwife, somebody doesn’t have to first see a doctor. So they can contact a midwife directly.

For an overview of where to go when you are pregnant, please see HIA (Pregnancy & Sexual Health): https://helpfulinformation.redcross.nl/ 

For more information about pregnancy in 13 different languages, see:
https://www.zanzu.de/nl/gezinsplanning-en-zwangerschap/|Q: Where can I go when I want to get an abortion? A: If your pregnancy wasn’t planned and you’re considering your options, abortion is a possibility. How abortion can be carried out depends on how far you are in the pregnancy. The costs are usually not reimbursed but there are options for you if you are unable to pay for it yourself. Please check HIA for more information (women) - https://helpfulinformation.redcross.nl/ |Q: Where can I go for physiotherapy? A: Since physiotherapy is in not in the basic health insurence, it is not compensated. This means somebody has to pay for it themselves. Somethimes special organizations can help. 

For an overview of where to find a physiotherapist and which special organizations can help with payment, please see HIA: https://helpfulinformation.redcross.nl/ 
|Q: Where can I go for information about or help with HIV, STD and birth control? A: For an overview of where to go to get more information or help with HIV, STD or birthcontrol, please see HIA (Health & Wellbeing): https://helpfulinformation.redcross.nl/ 

For more information about relationships, sexual health and pregnancy in 13 languages, see: https://www.zanzu.nl/nl/taalkeuze|Q: Where can I get medication? A: In case a PA needs medicine, they need a recipe from the doctor. So first check if the person has this. In case the person has a prescription, they can go to a pharmacy that has a contract with the CAK. They have to pay €5,- for the medicine.

Check which pharmacies are contracted with the CAK. You can find the list here: https://www.hetcak.nl/zakelijk/onverzekerbare-vreemdelingen/overige-informatie/#item_15340 

Please see HIA for an overview of the listed pharmacies per city: https://helpfulinformation.redcross.nl/ (health & wellbeing - medication)|Q: How can I get a repeat prescription? A: If somebody needs a repeat prescription, but doesn’t have the prescription anymore or used to get it in their home country, it can help to contact a contracted pharmacy directly to discuss this with them. Maybe they are willing to give it or they know a doctor where this person can go to. 

You can find the list of pharmacies contracted with the CAK here: https://www.hetcak.nl/zakelijk/onverzekerbare-vreemdelingen/overige-informatie/#item_15340|Q: Where can I go to for psychosocial support? A: For an overview of where to go for psychosocial support, please see HIA (Mental Wellbeing): https://helpfulinformation.redcross.nl/ 

In addition, you can send them this folder about mental wellbeing (it's available in multiple languages): https://www.pharos.nl/kennisbank/als-je-stress-hebt-veel-denkt-en-slecht-slaapt-engels/

**IMPORTANT** In general when somebody is saying that he feels depressed, it is important that the PA receives good help from us. It can be important that they are helped by only one person and don’t get answers from different helpdesk agents. When you have the feeling that somebody is not feeling well, inform the Team Captain or piket about it, to see if she should take over the case.|Q: Do people have the right to get legal assistance? A: Everyone has the right to legal assistance, including people without a residence permit. A Juridisch Loket (legal help desk) can help with legal issues. Some cities have legal aid centres that provide assistance. Other relief organisations, such as VluchtelingenWerk (the Dutch Refugee Council), ASKV Refugee Support and Stek, also help people without residence permits.|Q: Where can somebody go if they want to request asylum for the first time? A: People that are looking for asylum can best go to VluchtelingenWerk for advice. VluchtelingenWerk also has a 
website where people can get information or get into contact with VluchtelingenWerk: www.refugeehelp.nl|Q: Who can help someone who has been rejected for asylum, but wants to try it again? A: People that have a negative decision on their asylum, might be able to get juridical help and in some cases temporary shelter. It is good to check with them what kind of help they already received, and where they are staying. In most cities there are organizations that can give juridical advice to people that are undocumented (and received a negative decision).
You can find information about this on HIA: https://helpfulinformation.redcross.nl/. In case there is no specialized organization close by, then it is best to send them to VluchtelingenWerk.",
"Is physiotherapy covered by basic health insurance, and are there orgs that help with payment?",,"Physiotherapy is not covered by basic health insurance, so you have to pay for it yourself. Sometimes special organizations can help with payment. For an overview of where to find a physiotherapist and which organizations can help, see HIA: https://helpfulinformation.redcross.nl/","Q: Where can I go when I am pregnant? A: People who are undocumented have the right to see a midwife after they are pregnant for three months. Women who are pregnant also have the right to get shelter for the period of 6 weeks before the birth and 6 weeks after the birth. For a midwife, somebody doesn’t have to first see a doctor. So they can contact a midwife directly.

For an overview of where to go when you are pregnant, please see HIA (Pregnancy & Sexual Health): https://helpfulinformation.redcross.nl/ 

For more information about pregnancy in 13 different languages, see:
https://www.zanzu.de/nl/gezinsplanning-en-zwangerschap/|Q: Where can I go when I want to get an abortion? A: If your pregnancy wasn’t planned and you’re considering your options, abortion is a possibility. How abortion can be carried out depends on how far you are in the pregnancy. The costs are usually not reimbursed but there are options for you if you are unable to pay for it yourself. Please check HIA for more information (women) - https://helpfulinformation.redcross.nl/ |Q: Where can I go for physiotherapy? A: Since physiotherapy is in not in the basic health insurence, it is not compensated. This means somebody has to pay for it themselves. Somethimes special organizations can help. 

For an overview of where to find a physiotherapist and which special organizations can help with payment, please see HIA: https://helpfulinformation.redcross.nl/ 
|Q: Where can I go for information about or help with HIV, STD and birth control? A: For an overview of where to go to get more information or help with HIV, STD or birthcontrol, please see HIA (Health & Wellbeing): https://helpfulinformation.redcross.nl/ 

For more information about relationships, sexual health and pregnancy in 13 languages, see: https://www.zanzu.nl/nl/taalkeuze|Q: Where can I get medication? A: In case a PA needs medicine, they need a recipe from the doctor. So first check if the person has this. In case the person has a prescription, they can go to a pharmacy that has a contract with the CAK. They have to pay €5,- for the medicine.

Check which pharmacies are contracted with the CAK. You can find the list here: https://www.hetcak.nl/zakelijk/onverzekerbare-vreemdelingen/overige-informatie/#item_15340 

Please see HIA for an overview of the listed pharmacies per city: https://helpfulinformation.redcross.nl/ (health & wellbeing - medication)|Q: How can I get a repeat prescription? A: If somebody needs a repeat prescription, but doesn’t have the prescription anymore or used to get it in their home country, it can help to contact a contracted pharmacy directly to discuss this with them. Maybe they are willing to give it or they know a doctor where this person can go to. 

You can find the list of pharmacies contracted with the CAK here: https://www.hetcak.nl/zakelijk/onverzekerbare-vreemdelingen/overige-informatie/#item_15340|Q: Where can I go to for psychosocial support? A: For an overview of where to go for psychosocial support, please see HIA (Mental Wellbeing): https://helpfulinformation.redcross.nl/ 

In addition, you can send them this folder about mental wellbeing (it's available in multiple languages): https://www.pharos.nl/kennisbank/als-je-stress-hebt-veel-denkt-en-slecht-slaapt-engels/

**IMPORTANT** In general when somebody is saying that he feels depressed, it is important that the PA receives good help from us. It can be important that they are helped by only one person and don’t get answers from different helpdesk agents. When you have the feeling that somebody is not feeling well, inform the Team Captain or piket about it, to see if she should take over the case.|Q: Do people have the right to get legal assistance? A: Everyone has the right to legal assistance, including people without a residence permit. A Juridisch Loket (legal help desk) can help with legal issues. Some cities have legal aid centres that provide assistance. Other relief organisations, such as VluchtelingenWerk (the Dutch Refugee Council), ASKV Refugee Support and Stek, also help people without residence permits.|Q: Where can somebody go if they want to request asylum for the first time? A: People that are looking for asylum can best go to VluchtelingenWerk for advice. VluchtelingenWerk also has a 
website where people can get information or get into contact with VluchtelingenWerk: www.refugeehelp.nl|Q: Who can help someone who has been rejected for asylum, but wants to try it again? A: People that have a negative decision on their asylum, might be able to get juridical help and in some cases temporary shelter. It is good to check with them what kind of help they already received, and where they are staying. In most cities there are organizations that can give juridical advice to people that are undocumented (and received a negative decision).
You can find information about this on HIA: https://helpfulinformation.redcross.nl/. In case there is no specialized organization close by, then it is best to send them to VluchtelingenWerk.",
"Where can I find multilingual info about HIV, STDs, and birth control, including relationship guidance?",,"You can find multilingual information about HIV, STDs, birth control, and relationship guidance at https://www.zanzu.nl/nl/taalkeuze.","Q: Where can I go when I am pregnant? A: People who are undocumented have the right to see a midwife after they are pregnant for three months. Women who are pregnant also have the right to get shelter for the period of 6 weeks before the birth and 6 weeks after the birth. For a midwife, somebody doesn’t have to first see a doctor. So they can contact a midwife directly.

For an overview of where to go when you are pregnant, please see HIA (Pregnancy & Sexual Health): https://helpfulinformation.redcross.nl/ 

For more information about pregnancy in 13 different languages, see:
https://www.zanzu.de/nl/gezinsplanning-en-zwangerschap/|Q: Where can I go when I want to get an abortion? A: If your pregnancy wasn’t planned and you’re considering your options, abortion is a possibility. How abortion can be carried out depends on how far you are in the pregnancy. The costs are usually not reimbursed but there are options for you if you are unable to pay for it yourself. Please check HIA for more information (women) - https://helpfulinformation.redcross.nl/ |Q: Where can I go for physiotherapy? A: Since physiotherapy is in not in the basic health insurence, it is not compensated. This means somebody has to pay for it themselves. Somethimes special organizations can help. 

For an overview of where to find a physiotherapist and which special organizations can help with payment, please see HIA: https://helpfulinformation.redcross.nl/ 
|Q: Where can I go for information about or help with HIV, STD and birth control? A: For an overview of where to go to get more information or help with HIV, STD or birthcontrol, please see HIA (Health & Wellbeing): https://helpfulinformation.redcross.nl/ 

For more information about relationships, sexual health and pregnancy in 13 languages, see: https://www.zanzu.nl/nl/taalkeuze|Q: Where can I get medication? A: In case a PA needs medicine, they need a recipe from the doctor. So first check if the person has this. In case the person has a prescription, they can go to a pharmacy that has a contract with the CAK. They have to pay €5,- for the medicine.

Check which pharmacies are contracted with the CAK. You can find the list here: https://www.hetcak.nl/zakelijk/onverzekerbare-vreemdelingen/overige-informatie/#item_15340 

Please see HIA for an overview of the listed pharmacies per city: https://helpfulinformation.redcross.nl/ (health & wellbeing - medication)|Q: How can I get a repeat prescription? A: If somebody needs a repeat prescription, but doesn’t have the prescription anymore or used to get it in their home country, it can help to contact a contracted pharmacy directly to discuss this with them. Maybe they are willing to give it or they know a doctor where this person can go to. 

You can find the list of pharmacies contracted with the CAK here: https://www.hetcak.nl/zakelijk/onverzekerbare-vreemdelingen/overige-informatie/#item_15340|Q: Where can I go to for psychosocial support? A: For an overview of where to go for psychosocial support, please see HIA (Mental Wellbeing): https://helpfulinformation.redcross.nl/ 

In addition, you can send them this folder about mental wellbeing (it's available in multiple languages): https://www.pharos.nl/kennisbank/als-je-stress-hebt-veel-denkt-en-slecht-slaapt-engels/

**IMPORTANT** In general when somebody is saying that he feels depressed, it is important that the PA receives good help from us. It can be important that they are helped by only one person and don’t get answers from different helpdesk agents. When you have the feeling that somebody is not feeling well, inform the Team Captain or piket about it, to see if she should take over the case.|Q: Do people have the right to get legal assistance? A: Everyone has the right to legal assistance, including people without a residence permit. A Juridisch Loket (legal help desk) can help with legal issues. Some cities have legal aid centres that provide assistance. Other relief organisations, such as VluchtelingenWerk (the Dutch Refugee Council), ASKV Refugee Support and Stek, also help people without residence permits.|Q: Where can somebody go if they want to request asylum for the first time? A: People that are looking for asylum can best go to VluchtelingenWerk for advice. VluchtelingenWerk also has a 
website where people can get information or get into contact with VluchtelingenWerk: www.refugeehelp.nl|Q: Who can help someone who has been rejected for asylum, but wants to try it again? A: People that have a negative decision on their asylum, might be able to get juridical help and in some cases temporary shelter. It is good to check with them what kind of help they already received, and where they are staying. In most cities there are organizations that can give juridical advice to people that are undocumented (and received a negative decision).
You can find information about this on HIA: https://helpfulinformation.redcross.nl/. In case there is no specialized organization close by, then it is best to send them to VluchtelingenWerk.",
How can a PA obtain medicine with a doctor’s prescription and what is the CAK fee?,,A PA can obtain medicine by taking their doctor’s prescription to a pharmacy contracted with the CAK. The fee for the medicine is €5. You can find a list of contracted pharmacies here: https://www.hetcak.nl/zakelijk/onverzekerbare-vreemdelingen/overige-informatie/#item_15340 and an overview per city at https://helpfulinformation.redcross.nl/ (health & wellbeing - medication).,"Q: Where can I go when I am pregnant? A: People who are undocumented have the right to see a midwife after they are pregnant for three months. Women who are pregnant also have the right to get shelter for the period of 6 weeks before the birth and 6 weeks after the birth. For a midwife, somebody doesn’t have to first see a doctor. So they can contact a midwife directly.

For an overview of where to go when you are pregnant, please see HIA (Pregnancy & Sexual Health): https://helpfulinformation.redcross.nl/ 

For more information about pregnancy in 13 different languages, see:
https://www.zanzu.de/nl/gezinsplanning-en-zwangerschap/|Q: Where can I go when I want to get an abortion? A: If your pregnancy wasn’t planned and you’re considering your options, abortion is a possibility. How abortion can be carried out depends on how far you are in the pregnancy. The costs are usually not reimbursed but there are options for you if you are unable to pay for it yourself. Please check HIA for more information (women) - https://helpfulinformation.redcross.nl/ |Q: Where can I go for physiotherapy? A: Since physiotherapy is in not in the basic health insurence, it is not compensated. This means somebody has to pay for it themselves. Somethimes special organizations can help. 

For an overview of where to find a physiotherapist and which special organizations can help with payment, please see HIA: https://helpfulinformation.redcross.nl/ 
|Q: Where can I go for information about or help with HIV, STD and birth control? A: For an overview of where to go to get more information or help with HIV, STD or birthcontrol, please see HIA (Health & Wellbeing): https://helpfulinformation.redcross.nl/ 

For more information about relationships, sexual health and pregnancy in 13 languages, see: https://www.zanzu.nl/nl/taalkeuze|Q: Where can I get medication? A: In case a PA needs medicine, they need a recipe from the doctor. So first check if the person has this. In case the person has a prescription, they can go to a pharmacy that has a contract with the CAK. They have to pay €5,- for the medicine.

Check which pharmacies are contracted with the CAK. You can find the list here: https://www.hetcak.nl/zakelijk/onverzekerbare-vreemdelingen/overige-informatie/#item_15340 

Please see HIA for an overview of the listed pharmacies per city: https://helpfulinformation.redcross.nl/ (health & wellbeing - medication)|Q: How can I get a repeat prescription? A: If somebody needs a repeat prescription, but doesn’t have the prescription anymore or used to get it in their home country, it can help to contact a contracted pharmacy directly to discuss this with them. Maybe they are willing to give it or they know a doctor where this person can go to. 

You can find the list of pharmacies contracted with the CAK here: https://www.hetcak.nl/zakelijk/onverzekerbare-vreemdelingen/overige-informatie/#item_15340|Q: Where can I go to for psychosocial support? A: For an overview of where to go for psychosocial support, please see HIA (Mental Wellbeing): https://helpfulinformation.redcross.nl/ 

In addition, you can send them this folder about mental wellbeing (it's available in multiple languages): https://www.pharos.nl/kennisbank/als-je-stress-hebt-veel-denkt-en-slecht-slaapt-engels/

**IMPORTANT** In general when somebody is saying that he feels depressed, it is important that the PA receives good help from us. It can be important that they are helped by only one person and don’t get answers from different helpdesk agents. When you have the feeling that somebody is not feeling well, inform the Team Captain or piket about it, to see if she should take over the case.|Q: Do people have the right to get legal assistance? A: Everyone has the right to legal assistance, including people without a residence permit. A Juridisch Loket (legal help desk) can help with legal issues. Some cities have legal aid centres that provide assistance. Other relief organisations, such as VluchtelingenWerk (the Dutch Refugee Council), ASKV Refugee Support and Stek, also help people without residence permits.|Q: Where can somebody go if they want to request asylum for the first time? A: People that are looking for asylum can best go to VluchtelingenWerk for advice. VluchtelingenWerk also has a 
website where people can get information or get into contact with VluchtelingenWerk: www.refugeehelp.nl|Q: Who can help someone who has been rejected for asylum, but wants to try it again? A: People that have a negative decision on their asylum, might be able to get juridical help and in some cases temporary shelter. It is good to check with them what kind of help they already received, and where they are staying. In most cities there are organizations that can give juridical advice to people that are undocumented (and received a negative decision).
You can find information about this on HIA: https://helpfulinformation.redcross.nl/. In case there is no specialized organization close by, then it is best to send them to VluchtelingenWerk.",
Suppose you lost your prescription abroad. How could a contracted pharmacy assist with renewal?,,"If you lost your prescription abroad, you can contact a pharmacy contracted with the CAK directly. They may be able to help you get a repeat prescription or advise you on which doctor to visit for renewal. You can find the list of contracted pharmacies here: https://www.hetcak.nl/zakelijk/onverzekerbare-vreemdelingen/overige-informatie/#item_15340","Q: Where can I go when I am pregnant? A: People who are undocumented have the right to see a midwife after they are pregnant for three months. Women who are pregnant also have the right to get shelter for the period of 6 weeks before the birth and 6 weeks after the birth. For a midwife, somebody doesn’t have to first see a doctor. So they can contact a midwife directly.

For an overview of where to go when you are pregnant, please see HIA (Pregnancy & Sexual Health): https://helpfulinformation.redcross.nl/ 

For more information about pregnancy in 13 different languages, see:
https://www.zanzu.de/nl/gezinsplanning-en-zwangerschap/|Q: Where can I go when I want to get an abortion? A: If your pregnancy wasn’t planned and you’re considering your options, abortion is a possibility. How abortion can be carried out depends on how far you are in the pregnancy. The costs are usually not reimbursed but there are options for you if you are unable to pay for it yourself. Please check HIA for more information (women) - https://helpfulinformation.redcross.nl/ |Q: Where can I go for physiotherapy? A: Since physiotherapy is in not in the basic health insurence, it is not compensated. This means somebody has to pay for it themselves. Somethimes special organizations can help. 

For an overview of where to find a physiotherapist and which special organizations can help with payment, please see HIA: https://helpfulinformation.redcross.nl/ 
|Q: Where can I go for information about or help with HIV, STD and birth control? A: For an overview of where to go to get more information or help with HIV, STD or birthcontrol, please see HIA (Health & Wellbeing): https://helpfulinformation.redcross.nl/ 

For more information about relationships, sexual health and pregnancy in 13 languages, see: https://www.zanzu.nl/nl/taalkeuze|Q: Where can I get medication? A: In case a PA needs medicine, they need a recipe from the doctor. So first check if the person has this. In case the person has a prescription, they can go to a pharmacy that has a contract with the CAK. They have to pay €5,- for the medicine.

Check which pharmacies are contracted with the CAK. You can find the list here: https://www.hetcak.nl/zakelijk/onverzekerbare-vreemdelingen/overige-informatie/#item_15340 

Please see HIA for an overview of the listed pharmacies per city: https://helpfulinformation.redcross.nl/ (health & wellbeing - medication)|Q: How can I get a repeat prescription? A: If somebody needs a repeat prescription, but doesn’t have the prescription anymore or used to get it in their home country, it can help to contact a contracted pharmacy directly to discuss this with them. Maybe they are willing to give it or they know a doctor where this person can go to. 

You can find the list of pharmacies contracted with the CAK here: https://www.hetcak.nl/zakelijk/onverzekerbare-vreemdelingen/overige-informatie/#item_15340|Q: Where can I go to for psychosocial support? A: For an overview of where to go for psychosocial support, please see HIA (Mental Wellbeing): https://helpfulinformation.redcross.nl/ 

In addition, you can send them this folder about mental wellbeing (it's available in multiple languages): https://www.pharos.nl/kennisbank/als-je-stress-hebt-veel-denkt-en-slecht-slaapt-engels/

**IMPORTANT** In general when somebody is saying that he feels depressed, it is important that the PA receives good help from us. It can be important that they are helped by only one person and don’t get answers from different helpdesk agents. When you have the feeling that somebody is not feeling well, inform the Team Captain or piket about it, to see if she should take over the case.|Q: Do people have the right to get legal assistance? A: Everyone has the right to legal assistance, including people without a residence permit. A Juridisch Loket (legal help desk) can help with legal issues. Some cities have legal aid centres that provide assistance. Other relief organisations, such as VluchtelingenWerk (the Dutch Refugee Council), ASKV Refugee Support and Stek, also help people without residence permits.|Q: Where can somebody go if they want to request asylum for the first time? A: People that are looking for asylum can best go to VluchtelingenWerk for advice. VluchtelingenWerk also has a 
website where people can get information or get into contact with VluchtelingenWerk: www.refugeehelp.nl|Q: Who can help someone who has been rejected for asylum, but wants to try it again? A: People that have a negative decision on their asylum, might be able to get juridical help and in some cases temporary shelter. It is good to check with them what kind of help they already received, and where they are staying. In most cities there are organizations that can give juridical advice to people that are undocumented (and received a negative decision).
You can find information about this on HIA: https://helpfulinformation.redcross.nl/. In case there is no specialized organization close by, then it is best to send them to VluchtelingenWerk.",
Where can undocumented minors access trauma-informed mental health care in their native language?,,"Undocumented minors can access trauma-informed mental health care and support in their native language by checking the HIA (Mental Wellbeing) overview: https://helpfulinformation.redcross.nl/. Additionally, the Pharos mental wellbeing folder is available in multiple languages and can be shared: https://www.pharos.nl/kennisbank/als-je-stress-hebt-veel-denkt-en-slecht-slaapt-engels/. These resources provide information on where to find psychosocial support and multilingual materials.","Q: Where can I go when I am pregnant? A: People who are undocumented have the right to see a midwife after they are pregnant for three months. Women who are pregnant also have the right to get shelter for the period of 6 weeks before the birth and 6 weeks after the birth. For a midwife, somebody doesn’t have to first see a doctor. So they can contact a midwife directly.

For an overview of where to go when you are pregnant, please see HIA (Pregnancy & Sexual Health): https://helpfulinformation.redcross.nl/ 

For more information about pregnancy in 13 different languages, see:
https://www.zanzu.de/nl/gezinsplanning-en-zwangerschap/|Q: Where can I go when I want to get an abortion? A: If your pregnancy wasn’t planned and you’re considering your options, abortion is a possibility. How abortion can be carried out depends on how far you are in the pregnancy. The costs are usually not reimbursed but there are options for you if you are unable to pay for it yourself. Please check HIA for more information (women) - https://helpfulinformation.redcross.nl/ |Q: Where can I go for physiotherapy? A: Since physiotherapy is in not in the basic health insurence, it is not compensated. This means somebody has to pay for it themselves. Somethimes special organizations can help. 

For an overview of where to find a physiotherapist and which special organizations can help with payment, please see HIA: https://helpfulinformation.redcross.nl/ 
|Q: Where can I go for information about or help with HIV, STD and birth control? A: For an overview of where to go to get more information or help with HIV, STD or birthcontrol, please see HIA (Health & Wellbeing): https://helpfulinformation.redcross.nl/ 

For more information about relationships, sexual health and pregnancy in 13 languages, see: https://www.zanzu.nl/nl/taalkeuze|Q: Where can I get medication? A: In case a PA needs medicine, they need a recipe from the doctor. So first check if the person has this. In case the person has a prescription, they can go to a pharmacy that has a contract with the CAK. They have to pay €5,- for the medicine.

Check which pharmacies are contracted with the CAK. You can find the list here: https://www.hetcak.nl/zakelijk/onverzekerbare-vreemdelingen/overige-informatie/#item_15340 

Please see HIA for an overview of the listed pharmacies per city: https://helpfulinformation.redcross.nl/ (health & wellbeing - medication)|Q: How can I get a repeat prescription? A: If somebody needs a repeat prescription, but doesn’t have the prescription anymore or used to get it in their home country, it can help to contact a contracted pharmacy directly to discuss this with them. Maybe they are willing to give it or they know a doctor where this person can go to. 

You can find the list of pharmacies contracted with the CAK here: https://www.hetcak.nl/zakelijk/onverzekerbare-vreemdelingen/overige-informatie/#item_15340|Q: Where can I go to for psychosocial support? A: For an overview of where to go for psychosocial support, please see HIA (Mental Wellbeing): https://helpfulinformation.redcross.nl/ 

In addition, you can send them this folder about mental wellbeing (it's available in multiple languages): https://www.pharos.nl/kennisbank/als-je-stress-hebt-veel-denkt-en-slecht-slaapt-engels/

**IMPORTANT** In general when somebody is saying that he feels depressed, it is important that the PA receives good help from us. It can be important that they are helped by only one person and don’t get answers from different helpdesk agents. When you have the feeling that somebody is not feeling well, inform the Team Captain or piket about it, to see if she should take over the case.|Q: Do people have the right to get legal assistance? A: Everyone has the right to legal assistance, including people without a residence permit. A Juridisch Loket (legal help desk) can help with legal issues. Some cities have legal aid centres that provide assistance. Other relief organisations, such as VluchtelingenWerk (the Dutch Refugee Council), ASKV Refugee Support and Stek, also help people without residence permits.|Q: Where can somebody go if they want to request asylum for the first time? A: People that are looking for asylum can best go to VluchtelingenWerk for advice. VluchtelingenWerk also has a 
website where people can get information or get into contact with VluchtelingenWerk: www.refugeehelp.nl|Q: Who can help someone who has been rejected for asylum, but wants to try it again? A: People that have a negative decision on their asylum, might be able to get juridical help and in some cases temporary shelter. It is good to check with them what kind of help they already received, and where they are staying. In most cities there are organizations that can give juridical advice to people that are undocumented (and received a negative decision).
You can find information about this on HIA: https://helpfulinformation.redcross.nl/. In case there is no specialized organization close by, then it is best to send them to VluchtelingenWerk.",
How does access to legal assistance differ for people with and without a residence permit?,,"Everyone has the right to legal assistance, including people without a residence permit. People without a residence permit can get help from a Juridisch Loket (legal help desk), legal aid centres in some cities, and relief organisations such as VluchtelingenWerk, ASKV Refugee Support, and Stek. Access to legal assistance does not depend on having a residence permit.","Q: Where can I go when I am pregnant? A: People who are undocumented have the right to see a midwife after they are pregnant for three months. Women who are pregnant also have the right to get shelter for the period of 6 weeks before the birth and 6 weeks after the birth. For a midwife, somebody doesn’t have to first see a doctor. So they can contact a midwife directly.

For an overview of where to go when you are pregnant, please see HIA (Pregnancy & Sexual Health): https://helpfulinformation.redcross.nl/ 

For more information about pregnancy in 13 different languages, see:
https://www.zanzu.de/nl/gezinsplanning-en-zwangerschap/|Q: Where can I go when I want to get an abortion? A: If your pregnancy wasn’t planned and you’re considering your options, abortion is a possibility. How abortion can be carried out depends on how far you are in the pregnancy. The costs are usually not reimbursed but there are options for you if you are unable to pay for it yourself. Please check HIA for more information (women) - https://helpfulinformation.redcross.nl/ |Q: Where can I go for physiotherapy? A: Since physiotherapy is in not in the basic health insurence, it is not compensated. This means somebody has to pay for it themselves. Somethimes special organizations can help. 

For an overview of where to find a physiotherapist and which special organizations can help with payment, please see HIA: https://helpfulinformation.redcross.nl/ 
|Q: Where can I go for information about or help with HIV, STD and birth control? A: For an overview of where to go to get more information or help with HIV, STD or birthcontrol, please see HIA (Health & Wellbeing): https://helpfulinformation.redcross.nl/ 

For more information about relationships, sexual health and pregnancy in 13 languages, see: https://www.zanzu.nl/nl/taalkeuze|Q: Where can I get medication? A: In case a PA needs medicine, they need a recipe from the doctor. So first check if the person has this. In case the person has a prescription, they can go to a pharmacy that has a contract with the CAK. They have to pay €5,- for the medicine.

Check which pharmacies are contracted with the CAK. You can find the list here: https://www.hetcak.nl/zakelijk/onverzekerbare-vreemdelingen/overige-informatie/#item_15340 

Please see HIA for an overview of the listed pharmacies per city: https://helpfulinformation.redcross.nl/ (health & wellbeing - medication)|Q: How can I get a repeat prescription? A: If somebody needs a repeat prescription, but doesn’t have the prescription anymore or used to get it in their home country, it can help to contact a contracted pharmacy directly to discuss this with them. Maybe they are willing to give it or they know a doctor where this person can go to. 

You can find the list of pharmacies contracted with the CAK here: https://www.hetcak.nl/zakelijk/onverzekerbare-vreemdelingen/overige-informatie/#item_15340|Q: Where can I go to for psychosocial support? A: For an overview of where to go for psychosocial support, please see HIA (Mental Wellbeing): https://helpfulinformation.redcross.nl/ 

In addition, you can send them this folder about mental wellbeing (it's available in multiple languages): https://www.pharos.nl/kennisbank/als-je-stress-hebt-veel-denkt-en-slecht-slaapt-engels/

**IMPORTANT** In general when somebody is saying that he feels depressed, it is important that the PA receives good help from us. It can be important that they are helped by only one person and don’t get answers from different helpdesk agents. When you have the feeling that somebody is not feeling well, inform the Team Captain or piket about it, to see if she should take over the case.|Q: Do people have the right to get legal assistance? A: Everyone has the right to legal assistance, including people without a residence permit. A Juridisch Loket (legal help desk) can help with legal issues. Some cities have legal aid centres that provide assistance. Other relief organisations, such as VluchtelingenWerk (the Dutch Refugee Council), ASKV Refugee Support and Stek, also help people without residence permits.|Q: Where can somebody go if they want to request asylum for the first time? A: People that are looking for asylum can best go to VluchtelingenWerk for advice. VluchtelingenWerk also has a 
website where people can get information or get into contact with VluchtelingenWerk: www.refugeehelp.nl|Q: Who can help someone who has been rejected for asylum, but wants to try it again? A: People that have a negative decision on their asylum, might be able to get juridical help and in some cases temporary shelter. It is good to check with them what kind of help they already received, and where they are staying. In most cities there are organizations that can give juridical advice to people that are undocumented (and received a negative decision).
You can find information about this on HIA: https://helpfulinformation.redcross.nl/. In case there is no specialized organization close by, then it is best to send them to VluchtelingenWerk.",
Where should someone go for first-time asylum advice and to contact VluchtelingenWerk directly?,,"For first-time asylum advice, someone should go to VluchtelingenWerk. They can get information or contact VluchtelingenWerk directly via the website: www.refugeehelp.nl.","Q: Where can I go when I am pregnant? A: People who are undocumented have the right to see a midwife after they are pregnant for three months. Women who are pregnant also have the right to get shelter for the period of 6 weeks before the birth and 6 weeks after the birth. For a midwife, somebody doesn’t have to first see a doctor. So they can contact a midwife directly.

For an overview of where to go when you are pregnant, please see HIA (Pregnancy & Sexual Health): https://helpfulinformation.redcross.nl/ 

For more information about pregnancy in 13 different languages, see:
https://www.zanzu.de/nl/gezinsplanning-en-zwangerschap/|Q: Where can I go when I want to get an abortion? A: If your pregnancy wasn’t planned and you’re considering your options, abortion is a possibility. How abortion can be carried out depends on how far you are in the pregnancy. The costs are usually not reimbursed but there are options for you if you are unable to pay for it yourself. Please check HIA for more information (women) - https://helpfulinformation.redcross.nl/ |Q: Where can I go for physiotherapy? A: Since physiotherapy is in not in the basic health insurence, it is not compensated. This means somebody has to pay for it themselves. Somethimes special organizations can help. 

For an overview of where to find a physiotherapist and which special organizations can help with payment, please see HIA: https://helpfulinformation.redcross.nl/ 
|Q: Where can I go for information about or help with HIV, STD and birth control? A: For an overview of where to go to get more information or help with HIV, STD or birthcontrol, please see HIA (Health & Wellbeing): https://helpfulinformation.redcross.nl/ 

For more information about relationships, sexual health and pregnancy in 13 languages, see: https://www.zanzu.nl/nl/taalkeuze|Q: Where can I get medication? A: In case a PA needs medicine, they need a recipe from the doctor. So first check if the person has this. In case the person has a prescription, they can go to a pharmacy that has a contract with the CAK. They have to pay €5,- for the medicine.

Check which pharmacies are contracted with the CAK. You can find the list here: https://www.hetcak.nl/zakelijk/onverzekerbare-vreemdelingen/overige-informatie/#item_15340 

Please see HIA for an overview of the listed pharmacies per city: https://helpfulinformation.redcross.nl/ (health & wellbeing - medication)|Q: How can I get a repeat prescription? A: If somebody needs a repeat prescription, but doesn’t have the prescription anymore or used to get it in their home country, it can help to contact a contracted pharmacy directly to discuss this with them. Maybe they are willing to give it or they know a doctor where this person can go to. 

You can find the list of pharmacies contracted with the CAK here: https://www.hetcak.nl/zakelijk/onverzekerbare-vreemdelingen/overige-informatie/#item_15340|Q: Where can I go to for psychosocial support? A: For an overview of where to go for psychosocial support, please see HIA (Mental Wellbeing): https://helpfulinformation.redcross.nl/ 

In addition, you can send them this folder about mental wellbeing (it's available in multiple languages): https://www.pharos.nl/kennisbank/als-je-stress-hebt-veel-denkt-en-slecht-slaapt-engels/

**IMPORTANT** In general when somebody is saying that he feels depressed, it is important that the PA receives good help from us. It can be important that they are helped by only one person and don’t get answers from different helpdesk agents. When you have the feeling that somebody is not feeling well, inform the Team Captain or piket about it, to see if she should take over the case.|Q: Do people have the right to get legal assistance? A: Everyone has the right to legal assistance, including people without a residence permit. A Juridisch Loket (legal help desk) can help with legal issues. Some cities have legal aid centres that provide assistance. Other relief organisations, such as VluchtelingenWerk (the Dutch Refugee Council), ASKV Refugee Support and Stek, also help people without residence permits.|Q: Where can somebody go if they want to request asylum for the first time? A: People that are looking for asylum can best go to VluchtelingenWerk for advice. VluchtelingenWerk also has a 
website where people can get information or get into contact with VluchtelingenWerk: www.refugeehelp.nl|Q: Who can help someone who has been rejected for asylum, but wants to try it again? A: People that have a negative decision on their asylum, might be able to get juridical help and in some cases temporary shelter. It is good to check with them what kind of help they already received, and where they are staying. In most cities there are organizations that can give juridical advice to people that are undocumented (and received a negative decision).
You can find information about this on HIA: https://helpfulinformation.redcross.nl/. In case there is no specialized organization close by, then it is best to send them to VluchtelingenWerk.",
"If a rejected asylum seeker relocates to a new city, who can assist with reapplying?",,"If a rejected asylum seeker relocates to a new city, they can seek juridical advice from organizations that help undocumented people, such as VluchtelingenWerk. If there is no specialized organization nearby, VluchtelingenWerk is the best option. For more information, see: https://helpfulinformation.redcross.nl/","Q: Where can I go when I am pregnant? A: People who are undocumented have the right to see a midwife after they are pregnant for three months. Women who are pregnant also have the right to get shelter for the period of 6 weeks before the birth and 6 weeks after the birth. For a midwife, somebody doesn’t have to first see a doctor. So they can contact a midwife directly.

For an overview of where to go when you are pregnant, please see HIA (Pregnancy & Sexual Health): https://helpfulinformation.redcross.nl/ 

For more information about pregnancy in 13 different languages, see:
https://www.zanzu.de/nl/gezinsplanning-en-zwangerschap/|Q: Where can I go when I want to get an abortion? A: If your pregnancy wasn’t planned and you’re considering your options, abortion is a possibility. How abortion can be carried out depends on how far you are in the pregnancy. The costs are usually not reimbursed but there are options for you if you are unable to pay for it yourself. Please check HIA for more information (women) - https://helpfulinformation.redcross.nl/ |Q: Where can I go for physiotherapy? A: Since physiotherapy is in not in the basic health insurence, it is not compensated. This means somebody has to pay for it themselves. Somethimes special organizations can help. 

For an overview of where to find a physiotherapist and which special organizations can help with payment, please see HIA: https://helpfulinformation.redcross.nl/ 
|Q: Where can I go for information about or help with HIV, STD and birth control? A: For an overview of where to go to get more information or help with HIV, STD or birthcontrol, please see HIA (Health & Wellbeing): https://helpfulinformation.redcross.nl/ 

For more information about relationships, sexual health and pregnancy in 13 languages, see: https://www.zanzu.nl/nl/taalkeuze|Q: Where can I get medication? A: In case a PA needs medicine, they need a recipe from the doctor. So first check if the person has this. In case the person has a prescription, they can go to a pharmacy that has a contract with the CAK. They have to pay €5,- for the medicine.

Check which pharmacies are contracted with the CAK. You can find the list here: https://www.hetcak.nl/zakelijk/onverzekerbare-vreemdelingen/overige-informatie/#item_15340 

Please see HIA for an overview of the listed pharmacies per city: https://helpfulinformation.redcross.nl/ (health & wellbeing - medication)|Q: How can I get a repeat prescription? A: If somebody needs a repeat prescription, but doesn’t have the prescription anymore or used to get it in their home country, it can help to contact a contracted pharmacy directly to discuss this with them. Maybe they are willing to give it or they know a doctor where this person can go to. 

You can find the list of pharmacies contracted with the CAK here: https://www.hetcak.nl/zakelijk/onverzekerbare-vreemdelingen/overige-informatie/#item_15340|Q: Where can I go to for psychosocial support? A: For an overview of where to go for psychosocial support, please see HIA (Mental Wellbeing): https://helpfulinformation.redcross.nl/ 

In addition, you can send them this folder about mental wellbeing (it's available in multiple languages): https://www.pharos.nl/kennisbank/als-je-stress-hebt-veel-denkt-en-slecht-slaapt-engels/

**IMPORTANT** In general when somebody is saying that he feels depressed, it is important that the PA receives good help from us. It can be important that they are helped by only one person and don’t get answers from different helpdesk agents. When you have the feeling that somebody is not feeling well, inform the Team Captain or piket about it, to see if she should take over the case.|Q: Do people have the right to get legal assistance? A: Everyone has the right to legal assistance, including people without a residence permit. A Juridisch Loket (legal help desk) can help with legal issues. Some cities have legal aid centres that provide assistance. Other relief organisations, such as VluchtelingenWerk (the Dutch Refugee Council), ASKV Refugee Support and Stek, also help people without residence permits.|Q: Where can somebody go if they want to request asylum for the first time? A: People that are looking for asylum can best go to VluchtelingenWerk for advice. VluchtelingenWerk also has a 
website where people can get information or get into contact with VluchtelingenWerk: www.refugeehelp.nl|Q: Who can help someone who has been rejected for asylum, but wants to try it again? A: People that have a negative decision on their asylum, might be able to get juridical help and in some cases temporary shelter. It is good to check with them what kind of help they already received, and where they are staying. In most cities there are organizations that can give juridical advice to people that are undocumented (and received a negative decision).
You can find information about this on HIA: https://helpfulinformation.redcross.nl/. In case there is no specialized organization close by, then it is best to send them to VluchtelingenWerk.",
"Can undocumented pregnant women contact a midwife directly after three months, without seeing a doctor first?",,"Yes, undocumented pregnant women have the right to see a midwife directly after three months of pregnancy, without needing to see a doctor first.","Q: Where can I go when I am pregnant? A: People who are undocumented have the right to see a midwife after they are pregnant for three months. Women who are pregnant also have the right to get shelter for the period of 6 weeks before the birth and 6 weeks after the birth. For a midwife, somebody doesn’t have to first see a doctor. So they can contact a midwife directly.

For an overview of where to go when you are pregnant, please see HIA (Pregnancy & Sexual Health): https://helpfulinformation.redcross.nl/ 

For more information about pregnancy in 13 different languages, see:
https://www.zanzu.de/nl/gezinsplanning-en-zwangerschap/|Q: Where can I go when I want to get an abortion? A: If your pregnancy wasn’t planned and you’re considering your options, abortion is a possibility. How abortion can be carried out depends on how far you are in the pregnancy. The costs are usually not reimbursed but there are options for you if you are unable to pay for it yourself. Please check HIA for more information (women) - https://helpfulinformation.redcross.nl/ |Q: Where can I go for physiotherapy? A: Since physiotherapy is in not in the basic health insurence, it is not compensated. This means somebody has to pay for it themselves. Somethimes special organizations can help. 

For an overview of where to find a physiotherapist and which special organizations can help with payment, please see HIA: https://helpfulinformation.redcross.nl/ 
|Q: Where can I go for information about or help with HIV, STD and birth control? A: For an overview of where to go to get more information or help with HIV, STD or birthcontrol, please see HIA (Health & Wellbeing): https://helpfulinformation.redcross.nl/ 

For more information about relationships, sexual health and pregnancy in 13 languages, see: https://www.zanzu.nl/nl/taalkeuze|Q: Where can I get medication? A: In case a PA needs medicine, they need a recipe from the doctor. So first check if the person has this. In case the person has a prescription, they can go to a pharmacy that has a contract with the CAK. They have to pay €5,- for the medicine.

Check which pharmacies are contracted with the CAK. You can find the list here: https://www.hetcak.nl/zakelijk/onverzekerbare-vreemdelingen/overige-informatie/#item_15340 

Please see HIA for an overview of the listed pharmacies per city: https://helpfulinformation.redcross.nl/ (health & wellbeing - medication)|Q: How can I get a repeat prescription? A: If somebody needs a repeat prescription, but doesn’t have the prescription anymore or used to get it in their home country, it can help to contact a contracted pharmacy directly to discuss this with them. Maybe they are willing to give it or they know a doctor where this person can go to. 

You can find the list of pharmacies contracted with the CAK here: https://www.hetcak.nl/zakelijk/onverzekerbare-vreemdelingen/overige-informatie/#item_15340|Q: Where can I go to for psychosocial support? A: For an overview of where to go for psychosocial support, please see HIA (Mental Wellbeing): https://helpfulinformation.redcross.nl/ 

In addition, you can send them this folder about mental wellbeing (it's available in multiple languages): https://www.pharos.nl/kennisbank/als-je-stress-hebt-veel-denkt-en-slecht-slaapt-engels/

**IMPORTANT** In general when somebody is saying that he feels depressed, it is important that the PA receives good help from us. It can be important that they are helped by only one person and don’t get answers from different helpdesk agents. When you have the feeling that somebody is not feeling well, inform the Team Captain or piket about it, to see if she should take over the case.|Q: Do people have the right to get legal assistance? A: Everyone has the right to legal assistance, including people without a residence permit. A Juridisch Loket (legal help desk) can help with legal issues. Some cities have legal aid centres that provide assistance. Other relief organisations, such as VluchtelingenWerk (the Dutch Refugee Council), ASKV Refugee Support and Stek, also help people without residence permits.|Q: Where can somebody go if they want to request asylum for the first time? A: People that are looking for asylum can best go to VluchtelingenWerk for advice. VluchtelingenWerk also has a 
website where people can get information or get into contact with VluchtelingenWerk: www.refugeehelp.nl|Q: Who can help someone who has been rejected for asylum, but wants to try it again? A: People that have a negative decision on their asylum, might be able to get juridical help and in some cases temporary shelter. It is good to check with them what kind of help they already received, and where they are staying. In most cities there are organizations that can give juridical advice to people that are undocumented (and received a negative decision).
You can find information about this on HIA: https://helpfulinformation.redcross.nl/. In case there is no specialized organization close by, then it is best to send them to VluchtelingenWerk.",
"If physiotherapy isn’t covered, how can special orgs assist with payment and finding providers?",,"Special organizations can help with payment for physiotherapy and assist in finding providers. For an overview of physiotherapists and which organizations can help with payment, please see HIA: https://helpfulinformation.redcross.nl/","Q: Where can I go when I am pregnant? A: People who are undocumented have the right to see a midwife after they are pregnant for three months. Women who are pregnant also have the right to get shelter for the period of 6 weeks before the birth and 6 weeks after the birth. For a midwife, somebody doesn’t have to first see a doctor. So they can contact a midwife directly.

For an overview of where to go when you are pregnant, please see HIA (Pregnancy & Sexual Health): https://helpfulinformation.redcross.nl/ 

For more information about pregnancy in 13 different languages, see:
https://www.zanzu.de/nl/gezinsplanning-en-zwangerschap/|Q: Where can I go when I want to get an abortion? A: If your pregnancy wasn’t planned and you’re considering your options, abortion is a possibility. How abortion can be carried out depends on how far you are in the pregnancy. The costs are usually not reimbursed but there are options for you if you are unable to pay for it yourself. Please check HIA for more information (women) - https://helpfulinformation.redcross.nl/ |Q: Where can I go for physiotherapy? A: Since physiotherapy is in not in the basic health insurence, it is not compensated. This means somebody has to pay for it themselves. Somethimes special organizations can help. 

For an overview of where to find a physiotherapist and which special organizations can help with payment, please see HIA: https://helpfulinformation.redcross.nl/ 
|Q: Where can I go for information about or help with HIV, STD and birth control? A: For an overview of where to go to get more information or help with HIV, STD or birthcontrol, please see HIA (Health & Wellbeing): https://helpfulinformation.redcross.nl/ 

For more information about relationships, sexual health and pregnancy in 13 languages, see: https://www.zanzu.nl/nl/taalkeuze|Q: Where can I get medication? A: In case a PA needs medicine, they need a recipe from the doctor. So first check if the person has this. In case the person has a prescription, they can go to a pharmacy that has a contract with the CAK. They have to pay €5,- for the medicine.

Check which pharmacies are contracted with the CAK. You can find the list here: https://www.hetcak.nl/zakelijk/onverzekerbare-vreemdelingen/overige-informatie/#item_15340 

Please see HIA for an overview of the listed pharmacies per city: https://helpfulinformation.redcross.nl/ (health & wellbeing - medication)|Q: How can I get a repeat prescription? A: If somebody needs a repeat prescription, but doesn’t have the prescription anymore or used to get it in their home country, it can help to contact a contracted pharmacy directly to discuss this with them. Maybe they are willing to give it or they know a doctor where this person can go to. 

You can find the list of pharmacies contracted with the CAK here: https://www.hetcak.nl/zakelijk/onverzekerbare-vreemdelingen/overige-informatie/#item_15340|Q: Where can I go to for psychosocial support? A: For an overview of where to go for psychosocial support, please see HIA (Mental Wellbeing): https://helpfulinformation.redcross.nl/ 

In addition, you can send them this folder about mental wellbeing (it's available in multiple languages): https://www.pharos.nl/kennisbank/als-je-stress-hebt-veel-denkt-en-slecht-slaapt-engels/

**IMPORTANT** In general when somebody is saying that he feels depressed, it is important that the PA receives good help from us. It can be important that they are helped by only one person and don’t get answers from different helpdesk agents. When you have the feeling that somebody is not feeling well, inform the Team Captain or piket about it, to see if she should take over the case.|Q: Do people have the right to get legal assistance? A: Everyone has the right to legal assistance, including people without a residence permit. A Juridisch Loket (legal help desk) can help with legal issues. Some cities have legal aid centres that provide assistance. Other relief organisations, such as VluchtelingenWerk (the Dutch Refugee Council), ASKV Refugee Support and Stek, also help people without residence permits.|Q: Where can somebody go if they want to request asylum for the first time? A: People that are looking for asylum can best go to VluchtelingenWerk for advice. VluchtelingenWerk also has a 
website where people can get information or get into contact with VluchtelingenWerk: www.refugeehelp.nl|Q: Who can help someone who has been rejected for asylum, but wants to try it again? A: People that have a negative decision on their asylum, might be able to get juridical help and in some cases temporary shelter. It is good to check with them what kind of help they already received, and where they are staying. In most cities there are organizations that can give juridical advice to people that are undocumented (and received a negative decision).
You can find information about this on HIA: https://helpfulinformation.redcross.nl/. In case there is no specialized organization close by, then it is best to send them to VluchtelingenWerk.",
On which website can I find a city-wise list of CAK-contracted pharmacies for uninsured migrants’ medication?,,You can find a city-wise list of CAK-contracted pharmacies for uninsured migrants’ medication on https://helpfulinformation.redcross.nl/ (health & wellbeing - medication).,"Q: Where can I go when I am pregnant? A: People who are undocumented have the right to see a midwife after they are pregnant for three months. Women who are pregnant also have the right to get shelter for the period of 6 weeks before the birth and 6 weeks after the birth. For a midwife, somebody doesn’t have to first see a doctor. So they can contact a midwife directly.

For an overview of where to go when you are pregnant, please see HIA (Pregnancy & Sexual Health): https://helpfulinformation.redcross.nl/ 

For more information about pregnancy in 13 different languages, see:
https://www.zanzu.de/nl/gezinsplanning-en-zwangerschap/|Q: Where can I go when I want to get an abortion? A: If your pregnancy wasn’t planned and you’re considering your options, abortion is a possibility. How abortion can be carried out depends on how far you are in the pregnancy. The costs are usually not reimbursed but there are options for you if you are unable to pay for it yourself. Please check HIA for more information (women) - https://helpfulinformation.redcross.nl/ |Q: Where can I go for physiotherapy? A: Since physiotherapy is in not in the basic health insurence, it is not compensated. This means somebody has to pay for it themselves. Somethimes special organizations can help. 

For an overview of where to find a physiotherapist and which special organizations can help with payment, please see HIA: https://helpfulinformation.redcross.nl/ 
|Q: Where can I go for information about or help with HIV, STD and birth control? A: For an overview of where to go to get more information or help with HIV, STD or birthcontrol, please see HIA (Health & Wellbeing): https://helpfulinformation.redcross.nl/ 

For more information about relationships, sexual health and pregnancy in 13 languages, see: https://www.zanzu.nl/nl/taalkeuze|Q: Where can I get medication? A: In case a PA needs medicine, they need a recipe from the doctor. So first check if the person has this. In case the person has a prescription, they can go to a pharmacy that has a contract with the CAK. They have to pay €5,- for the medicine.

Check which pharmacies are contracted with the CAK. You can find the list here: https://www.hetcak.nl/zakelijk/onverzekerbare-vreemdelingen/overige-informatie/#item_15340 

Please see HIA for an overview of the listed pharmacies per city: https://helpfulinformation.redcross.nl/ (health & wellbeing - medication)|Q: How can I get a repeat prescription? A: If somebody needs a repeat prescription, but doesn’t have the prescription anymore or used to get it in their home country, it can help to contact a contracted pharmacy directly to discuss this with them. Maybe they are willing to give it or they know a doctor where this person can go to. 

You can find the list of pharmacies contracted with the CAK here: https://www.hetcak.nl/zakelijk/onverzekerbare-vreemdelingen/overige-informatie/#item_15340|Q: Where can I go to for psychosocial support? A: For an overview of where to go for psychosocial support, please see HIA (Mental Wellbeing): https://helpfulinformation.redcross.nl/ 

In addition, you can send them this folder about mental wellbeing (it's available in multiple languages): https://www.pharos.nl/kennisbank/als-je-stress-hebt-veel-denkt-en-slecht-slaapt-engels/

**IMPORTANT** In general when somebody is saying that he feels depressed, it is important that the PA receives good help from us. It can be important that they are helped by only one person and don’t get answers from different helpdesk agents. When you have the feeling that somebody is not feeling well, inform the Team Captain or piket about it, to see if she should take over the case.|Q: Do people have the right to get legal assistance? A: Everyone has the right to legal assistance, including people without a residence permit. A Juridisch Loket (legal help desk) can help with legal issues. Some cities have legal aid centres that provide assistance. Other relief organisations, such as VluchtelingenWerk (the Dutch Refugee Council), ASKV Refugee Support and Stek, also help people without residence permits.|Q: Where can somebody go if they want to request asylum for the first time? A: People that are looking for asylum can best go to VluchtelingenWerk for advice. VluchtelingenWerk also has a 
website where people can get information or get into contact with VluchtelingenWerk: www.refugeehelp.nl|Q: Who can help someone who has been rejected for asylum, but wants to try it again? A: People that have a negative decision on their asylum, might be able to get juridical help and in some cases temporary shelter. It is good to check with them what kind of help they already received, and where they are staying. In most cities there are organizations that can give juridical advice to people that are undocumented (and received a negative decision).
You can find information about this on HIA: https://helpfulinformation.redcross.nl/. In case there is no specialized organization close by, then it is best to send them to VluchtelingenWerk.",
Suppose a pregnant person speaks only Turkish. How could they access info about pregnancy?,,"A pregnant person who speaks only Turkish can access information about pregnancy in Turkish at https://www.zanzu.de/nl/gezinsplanning-en-zwangerschap/, which provides resources in 13 different languages.","Q: Where can I go when I am pregnant? A: People who are undocumented have the right to see a midwife after they are pregnant for three months. Women who are pregnant also have the right to get shelter for the period of 6 weeks before the birth and 6 weeks after the birth. For a midwife, somebody doesn’t have to first see a doctor. So they can contact a midwife directly.

For an overview of where to go when you are pregnant, please see HIA (Pregnancy & Sexual Health): https://helpfulinformation.redcross.nl/ 

For more information about pregnancy in 13 different languages, see:
https://www.zanzu.de/nl/gezinsplanning-en-zwangerschap/|Q: Where can I go when I want to get an abortion? A: If your pregnancy wasn’t planned and you’re considering your options, abortion is a possibility. How abortion can be carried out depends on how far you are in the pregnancy. The costs are usually not reimbursed but there are options for you if you are unable to pay for it yourself. Please check HIA for more information (women) - https://helpfulinformation.redcross.nl/ |Q: Where can I go for physiotherapy? A: Since physiotherapy is in not in the basic health insurence, it is not compensated. This means somebody has to pay for it themselves. Somethimes special organizations can help. 

For an overview of where to find a physiotherapist and which special organizations can help with payment, please see HIA: https://helpfulinformation.redcross.nl/ 
|Q: Where can I go for information about or help with HIV, STD and birth control? A: For an overview of where to go to get more information or help with HIV, STD or birthcontrol, please see HIA (Health & Wellbeing): https://helpfulinformation.redcross.nl/ 

For more information about relationships, sexual health and pregnancy in 13 languages, see: https://www.zanzu.nl/nl/taalkeuze|Q: Where can I get medication? A: In case a PA needs medicine, they need a recipe from the doctor. So first check if the person has this. In case the person has a prescription, they can go to a pharmacy that has a contract with the CAK. They have to pay €5,- for the medicine.

Check which pharmacies are contracted with the CAK. You can find the list here: https://www.hetcak.nl/zakelijk/onverzekerbare-vreemdelingen/overige-informatie/#item_15340 

Please see HIA for an overview of the listed pharmacies per city: https://helpfulinformation.redcross.nl/ (health & wellbeing - medication)|Q: How can I get a repeat prescription? A: If somebody needs a repeat prescription, but doesn’t have the prescription anymore or used to get it in their home country, it can help to contact a contracted pharmacy directly to discuss this with them. Maybe they are willing to give it or they know a doctor where this person can go to. 

You can find the list of pharmacies contracted with the CAK here: https://www.hetcak.nl/zakelijk/onverzekerbare-vreemdelingen/overige-informatie/#item_15340|Q: Where can I go to for psychosocial support? A: For an overview of where to go for psychosocial support, please see HIA (Mental Wellbeing): https://helpfulinformation.redcross.nl/ 

In addition, you can send them this folder about mental wellbeing (it's available in multiple languages): https://www.pharos.nl/kennisbank/als-je-stress-hebt-veel-denkt-en-slecht-slaapt-engels/

**IMPORTANT** In general when somebody is saying that he feels depressed, it is important that the PA receives good help from us. It can be important that they are helped by only one person and don’t get answers from different helpdesk agents. When you have the feeling that somebody is not feeling well, inform the Team Captain or piket about it, to see if she should take over the case.|Q: Do people have the right to get legal assistance? A: Everyone has the right to legal assistance, including people without a residence permit. A Juridisch Loket (legal help desk) can help with legal issues. Some cities have legal aid centres that provide assistance. Other relief organisations, such as VluchtelingenWerk (the Dutch Refugee Council), ASKV Refugee Support and Stek, also help people without residence permits.|Q: Where can somebody go if they want to request asylum for the first time? A: People that are looking for asylum can best go to VluchtelingenWerk for advice. VluchtelingenWerk also has a 
website where people can get information or get into contact with VluchtelingenWerk: www.refugeehelp.nl|Q: Who can help someone who has been rejected for asylum, but wants to try it again? A: People that have a negative decision on their asylum, might be able to get juridical help and in some cases temporary shelter. It is good to check with them what kind of help they already received, and where they are staying. In most cities there are organizations that can give juridical advice to people that are undocumented (and received a negative decision).
You can find information about this on HIA: https://helpfulinformation.redcross.nl/. In case there is no specialized organization close by, then it is best to send them to VluchtelingenWerk.",
What steps should be taken if a PA reports feeling depressed and requires psychosocial support?,,"If a PA reports feeling depressed and requires psychosocial support, it is important they receive good help from us. Ideally, they should be helped by only one person to avoid confusion. If you feel the PA is not well, inform the Team Captain or piket to see if they should take over the case. For psychosocial support resources, refer them to HIA (Mental Wellbeing): https://helpfulinformation.redcross.nl/ and share the mental wellbeing folder available in multiple languages: https://www.pharos.nl/kennisbank/als-je-stress-hebt-veel-denkt-en-slecht-slaapt-engels/","Q: Where can I go when I am pregnant? A: People who are undocumented have the right to see a midwife after they are pregnant for three months. Women who are pregnant also have the right to get shelter for the period of 6 weeks before the birth and 6 weeks after the birth. For a midwife, somebody doesn’t have to first see a doctor. So they can contact a midwife directly.

For an overview of where to go when you are pregnant, please see HIA (Pregnancy & Sexual Health): https://helpfulinformation.redcross.nl/ 

For more information about pregnancy in 13 different languages, see:
https://www.zanzu.de/nl/gezinsplanning-en-zwangerschap/|Q: Where can I go when I want to get an abortion? A: If your pregnancy wasn’t planned and you’re considering your options, abortion is a possibility. How abortion can be carried out depends on how far you are in the pregnancy. The costs are usually not reimbursed but there are options for you if you are unable to pay for it yourself. Please check HIA for more information (women) - https://helpfulinformation.redcross.nl/ |Q: Where can I go for physiotherapy? A: Since physiotherapy is in not in the basic health insurence, it is not compensated. This means somebody has to pay for it themselves. Somethimes special organizations can help. 

For an overview of where to find a physiotherapist and which special organizations can help with payment, please see HIA: https://helpfulinformation.redcross.nl/ 
|Q: Where can I go for information about or help with HIV, STD and birth control? A: For an overview of where to go to get more information or help with HIV, STD or birthcontrol, please see HIA (Health & Wellbeing): https://helpfulinformation.redcross.nl/ 

For more information about relationships, sexual health and pregnancy in 13 languages, see: https://www.zanzu.nl/nl/taalkeuze|Q: Where can I get medication? A: In case a PA needs medicine, they need a recipe from the doctor. So first check if the person has this. In case the person has a prescription, they can go to a pharmacy that has a contract with the CAK. They have to pay €5,- for the medicine.

Check which pharmacies are contracted with the CAK. You can find the list here: https://www.hetcak.nl/zakelijk/onverzekerbare-vreemdelingen/overige-informatie/#item_15340 

Please see HIA for an overview of the listed pharmacies per city: https://helpfulinformation.redcross.nl/ (health & wellbeing - medication)|Q: How can I get a repeat prescription? A: If somebody needs a repeat prescription, but doesn’t have the prescription anymore or used to get it in their home country, it can help to contact a contracted pharmacy directly to discuss this with them. Maybe they are willing to give it or they know a doctor where this person can go to. 

You can find the list of pharmacies contracted with the CAK here: https://www.hetcak.nl/zakelijk/onverzekerbare-vreemdelingen/overige-informatie/#item_15340|Q: Where can I go to for psychosocial support? A: For an overview of where to go for psychosocial support, please see HIA (Mental Wellbeing): https://helpfulinformation.redcross.nl/ 

In addition, you can send them this folder about mental wellbeing (it's available in multiple languages): https://www.pharos.nl/kennisbank/als-je-stress-hebt-veel-denkt-en-slecht-slaapt-engels/

**IMPORTANT** In general when somebody is saying that he feels depressed, it is important that the PA receives good help from us. It can be important that they are helped by only one person and don’t get answers from different helpdesk agents. When you have the feeling that somebody is not feeling well, inform the Team Captain or piket about it, to see if she should take over the case.|Q: Do people have the right to get legal assistance? A: Everyone has the right to legal assistance, including people without a residence permit. A Juridisch Loket (legal help desk) can help with legal issues. Some cities have legal aid centres that provide assistance. Other relief organisations, such as VluchtelingenWerk (the Dutch Refugee Council), ASKV Refugee Support and Stek, also help people without residence permits.|Q: Where can somebody go if they want to request asylum for the first time? A: People that are looking for asylum can best go to VluchtelingenWerk for advice. VluchtelingenWerk also has a 
website where people can get information or get into contact with VluchtelingenWerk: www.refugeehelp.nl|Q: Who can help someone who has been rejected for asylum, but wants to try it again? A: People that have a negative decision on their asylum, might be able to get juridical help and in some cases temporary shelter. It is good to check with them what kind of help they already received, and where they are staying. In most cities there are organizations that can give juridical advice to people that are undocumented (and received a negative decision).
You can find information about this on HIA: https://helpfulinformation.redcross.nl/. In case there is no specialized organization close by, then it is best to send them to VluchtelingenWerk.",
Which specialized NGOs assist undocumented minors with complex cross-border legal disputes?,,"Specialized NGOs that assist undocumented minors with complex cross-border legal disputes include VluchtelingenWerk (the Dutch Refugee Council), ASKV Refugee Support, and Stek. These organizations provide legal assistance to people without residence permits, including minors. For more information, you can check HIA: https://helpfulinformation.redcross.nl/","Q: Where can I go when I am pregnant? A: People who are undocumented have the right to see a midwife after they are pregnant for three months. Women who are pregnant also have the right to get shelter for the period of 6 weeks before the birth and 6 weeks after the birth. For a midwife, somebody doesn’t have to first see a doctor. So they can contact a midwife directly.

For an overview of where to go when you are pregnant, please see HIA (Pregnancy & Sexual Health): https://helpfulinformation.redcross.nl/ 

For more information about pregnancy in 13 different languages, see:
https://www.zanzu.de/nl/gezinsplanning-en-zwangerschap/|Q: Where can I go when I want to get an abortion? A: If your pregnancy wasn’t planned and you’re considering your options, abortion is a possibility. How abortion can be carried out depends on how far you are in the pregnancy. The costs are usually not reimbursed but there are options for you if you are unable to pay for it yourself. Please check HIA for more information (women) - https://helpfulinformation.redcross.nl/ |Q: Where can I go for physiotherapy? A: Since physiotherapy is in not in the basic health insurence, it is not compensated. This means somebody has to pay for it themselves. Somethimes special organizations can help. 

For an overview of where to find a physiotherapist and which special organizations can help with payment, please see HIA: https://helpfulinformation.redcross.nl/ 
|Q: Where can I go for information about or help with HIV, STD and birth control? A: For an overview of where to go to get more information or help with HIV, STD or birthcontrol, please see HIA (Health & Wellbeing): https://helpfulinformation.redcross.nl/ 

For more information about relationships, sexual health and pregnancy in 13 languages, see: https://www.zanzu.nl/nl/taalkeuze|Q: Where can I get medication? A: In case a PA needs medicine, they need a recipe from the doctor. So first check if the person has this. In case the person has a prescription, they can go to a pharmacy that has a contract with the CAK. They have to pay €5,- for the medicine.

Check which pharmacies are contracted with the CAK. You can find the list here: https://www.hetcak.nl/zakelijk/onverzekerbare-vreemdelingen/overige-informatie/#item_15340 

Please see HIA for an overview of the listed pharmacies per city: https://helpfulinformation.redcross.nl/ (health & wellbeing - medication)|Q: How can I get a repeat prescription? A: If somebody needs a repeat prescription, but doesn’t have the prescription anymore or used to get it in their home country, it can help to contact a contracted pharmacy directly to discuss this with them. Maybe they are willing to give it or they know a doctor where this person can go to. 

You can find the list of pharmacies contracted with the CAK here: https://www.hetcak.nl/zakelijk/onverzekerbare-vreemdelingen/overige-informatie/#item_15340|Q: Where can I go to for psychosocial support? A: For an overview of where to go for psychosocial support, please see HIA (Mental Wellbeing): https://helpfulinformation.redcross.nl/ 

In addition, you can send them this folder about mental wellbeing (it's available in multiple languages): https://www.pharos.nl/kennisbank/als-je-stress-hebt-veel-denkt-en-slecht-slaapt-engels/

**IMPORTANT** In general when somebody is saying that he feels depressed, it is important that the PA receives good help from us. It can be important that they are helped by only one person and don’t get answers from different helpdesk agents. When you have the feeling that somebody is not feeling well, inform the Team Captain or piket about it, to see if she should take over the case.|Q: Do people have the right to get legal assistance? A: Everyone has the right to legal assistance, including people without a residence permit. A Juridisch Loket (legal help desk) can help with legal issues. Some cities have legal aid centres that provide assistance. Other relief organisations, such as VluchtelingenWerk (the Dutch Refugee Council), ASKV Refugee Support and Stek, also help people without residence permits.|Q: Where can somebody go if they want to request asylum for the first time? A: People that are looking for asylum can best go to VluchtelingenWerk for advice. VluchtelingenWerk also has a 
website where people can get information or get into contact with VluchtelingenWerk: www.refugeehelp.nl|Q: Who can help someone who has been rejected for asylum, but wants to try it again? A: People that have a negative decision on their asylum, might be able to get juridical help and in some cases temporary shelter. It is good to check with them what kind of help they already received, and where they are staying. In most cities there are organizations that can give juridical advice to people that are undocumented (and received a negative decision).
You can find information about this on HIA: https://helpfulinformation.redcross.nl/. In case there is no specialized organization close by, then it is best to send them to VluchtelingenWerk.",
"Which website offers multilingual info on relationships, sexual health, and pregnancy, including birth control?",,"The website https://www.zanzu.nl/nl/taalkeuze offers multilingual information on relationships, sexual health, pregnancy, and birth control.","Q: Where can I go when I am pregnant? A: People who are undocumented have the right to see a midwife after they are pregnant for three months. Women who are pregnant also have the right to get shelter for the period of 6 weeks before the birth and 6 weeks after the birth. For a midwife, somebody doesn’t have to first see a doctor. So they can contact a midwife directly.

For an overview of where to go when you are pregnant, please see HIA (Pregnancy & Sexual Health): https://helpfulinformation.redcross.nl/ 

For more information about pregnancy in 13 different languages, see:
https://www.zanzu.de/nl/gezinsplanning-en-zwangerschap/|Q: Where can I go when I want to get an abortion? A: If your pregnancy wasn’t planned and you’re considering your options, abortion is a possibility. How abortion can be carried out depends on how far you are in the pregnancy. The costs are usually not reimbursed but there are options for you if you are unable to pay for it yourself. Please check HIA for more information (women) - https://helpfulinformation.redcross.nl/ |Q: Where can I go for physiotherapy? A: Since physiotherapy is in not in the basic health insurence, it is not compensated. This means somebody has to pay for it themselves. Somethimes special organizations can help. 

For an overview of where to find a physiotherapist and which special organizations can help with payment, please see HIA: https://helpfulinformation.redcross.nl/ 
|Q: Where can I go for information about or help with HIV, STD and birth control? A: For an overview of where to go to get more information or help with HIV, STD or birthcontrol, please see HIA (Health & Wellbeing): https://helpfulinformation.redcross.nl/ 

For more information about relationships, sexual health and pregnancy in 13 languages, see: https://www.zanzu.nl/nl/taalkeuze|Q: Where can I get medication? A: In case a PA needs medicine, they need a recipe from the doctor. So first check if the person has this. In case the person has a prescription, they can go to a pharmacy that has a contract with the CAK. They have to pay €5,- for the medicine.

Check which pharmacies are contracted with the CAK. You can find the list here: https://www.hetcak.nl/zakelijk/onverzekerbare-vreemdelingen/overige-informatie/#item_15340 

Please see HIA for an overview of the listed pharmacies per city: https://helpfulinformation.redcross.nl/ (health & wellbeing - medication)|Q: How can I get a repeat prescription? A: If somebody needs a repeat prescription, but doesn’t have the prescription anymore or used to get it in their home country, it can help to contact a contracted pharmacy directly to discuss this with them. Maybe they are willing to give it or they know a doctor where this person can go to. 

You can find the list of pharmacies contracted with the CAK here: https://www.hetcak.nl/zakelijk/onverzekerbare-vreemdelingen/overige-informatie/#item_15340|Q: Where can I go to for psychosocial support? A: For an overview of where to go for psychosocial support, please see HIA (Mental Wellbeing): https://helpfulinformation.redcross.nl/ 

In addition, you can send them this folder about mental wellbeing (it's available in multiple languages): https://www.pharos.nl/kennisbank/als-je-stress-hebt-veel-denkt-en-slecht-slaapt-engels/

**IMPORTANT** In general when somebody is saying that he feels depressed, it is important that the PA receives good help from us. It can be important that they are helped by only one person and don’t get answers from different helpdesk agents. When you have the feeling that somebody is not feeling well, inform the Team Captain or piket about it, to see if she should take over the case.|Q: Do people have the right to get legal assistance? A: Everyone has the right to legal assistance, including people without a residence permit. A Juridisch Loket (legal help desk) can help with legal issues. Some cities have legal aid centres that provide assistance. Other relief organisations, such as VluchtelingenWerk (the Dutch Refugee Council), ASKV Refugee Support and Stek, also help people without residence permits.|Q: Where can somebody go if they want to request asylum for the first time? A: People that are looking for asylum can best go to VluchtelingenWerk for advice. VluchtelingenWerk also has a 
website where people can get information or get into contact with VluchtelingenWerk: www.refugeehelp.nl|Q: Who can help someone who has been rejected for asylum, but wants to try it again? A: People that have a negative decision on their asylum, might be able to get juridical help and in some cases temporary shelter. It is good to check with them what kind of help they already received, and where they are staying. In most cities there are organizations that can give juridical advice to people that are undocumented (and received a negative decision).
You can find information about this on HIA: https://helpfulinformation.redcross.nl/. In case there is no specialized organization close by, then it is best to send them to VluchtelingenWerk.",
"Identify multiple orgs and resources assisting with return, including info access and referral processes.",,"Several organizations and resources can assist with returning to your country of origin:

- **HIA (Red Cross Information Platform):** Provides information about support organizations for return. Visit https://helpfulinformation.redcross.nl/ for details.
- **Red Cross:** While the Red Cross does not provide legal support, they can refer you to organizations with expertise in legal procedures.
- **Stichting LOS:** For juridical advice, you can contact their helpdesk: https://www.stichtinglos.nl/content/contact.
- **Juridisch Loket:** For non-residence permit/legal stay questions, contact them at https://www.juridischloket.nl/contact/.

The Red Cross and other organizations mainly offer information and referrals to specialized support services.","Q: What are important support organizations for returning back to country of origin? A: There are different organizations that can help with return back to country of origin. You can find information about this on HIA: https://helpfulinformation.redcross.nl/|Q: What can the Red Cross do? A: The Red Cross does not provide legal support. We can only refer people to the right organizations that have more knowledge about the legal procedures.|Q: Which other organizations can be helpful? A: People can also contact the helpdesk of Stichting LOS if they want juridical advise: https://www.stichtinglos.nl/content/contact . For questions that have nothing to do with their residence permit / legal stay, they can also go to a Juridisch Loket: https://www.juridischloket.nl/contact/. |Q: Can I contact the police? A: Even without a residence permit or passport, you have the right to report a crime in the Netherlands without being deported immediately. If you are the victim of a crime in the Netherlands, you can always report it. The police are obliged to deal with every report.

**For internal use only:** Make sure that you stress that PA has the right to go to the police without being deported. Sometimes people don't know this, while they are a vulnerable group that can be a victim of crime more easily.

**Please note: the police also have the task of deporting undocumented migrants. Therefore, it is advisable for undocumented migrants to make an appointment with the police together with an aid worker. This is to avoid misunderstandings or unjustified deportation.**|Q: What does human trafficking entail? A: Human traffickers take advantage of the dependency of undocumented migrants. They are a vulnerable target group. Their lack of knowledge about their rights, precautions and available assistance makes them particularly vulnerable. Victims of human trafficking have often experienced degrading living and/or working conditions and a loss of control over their lives. This often leads to long-term psychological and physical problems.|Q: How can you spot human trafficking? A: * If people are forced to work in unsafe conditions, are paid far too little, or have to work extremely long hours, then this is exploitation.
* If exploitation is accompanied by coercion or is a result of deception, it may also be a case of human trafficking.
* Even if you do not have a residence permit or passport, you have rights in the Netherlands. You have the right to a fair wage and to file a report with the police if you are getting exploited.|Q: Who to contact if you think somebody is victim of Human trafficking? A: In case you think somebody is victim of human trafficking, then always discuss the case with piket or with your Team Captain.|Q: I have work problems (for example, I am not payed, I am not treated well) A: Also when people are undocumented, they still have work rights. 

For questions about labour rights you can share the flyer 'Know your rights when you work' with the person affected:
- [English](https://www.comensha.nl/media/rtbj5ggv/2026-know-your-rights-flyer-geen-verblijfsstatus-eng.pdf) 
- [Dutch](https://www.comensha.nl/media/lwvbm1sm/2026-know-your-rights-flyer-geen-verblijfsstatus-nl.pdf) 
- [Arabic](https://www.comensha.nl/media/y52f42oz/2026-know-your-rights-flyer-geen-verblijfsstatus-ar.pdf) 
- [Portuguese](https://www.comensha.nl/media/igqeeotx/2026-know-your-rights-flyer-geen-verblijfsstatus-po.pdf) 
- [French](https://www.comensha.nl/media/g5zl4y2t/2026-know-your-rights-flyer-geen-verblijfsstatus-fr.pdf) 
- [Spanish](https://www.comensha.nl/media/obpfh0nt/2026-know-your-rights-flyer-geen-verblijfsstatus-esp.pdf) 
- [Indonesian](https://www.comensha.nl/media/hablxzvb/2026-know-your-rights-flyer-geen-verblijfsstatus-bahasa.pdf) 
- [Tagalog](https://www.comensha.nl/media/skdj3gdb/2026-know-your-rights-flyer-geen-verblijfsstatus-tag.pdf)

An important organization that can help when people are mistreated is FairWork.FairWork is specialized in helping people who have problems at work and/or people who are affected by labour exploitation or human trafficking. If the PA shows signs of labour exploitation/human trafficking, you can ask the following questions:

- Can you tell me more about your work environment?
- Are the work conditions as you expected?
- Do you feel safe at work?
- Does your employer treat you badly?
- Are you being forced to do work against your will?

1. If the situation **does not seem urgent:** Send the contact information of FairWork as well as the flyer below. 
2. If the situation is serious and **needs a follow up:** You can make a warm referral: ask for permission to share the phone number of the PA with FairWork, so that the organisation can reach out to the PA directly. Explain to the PA what FairWork does and that someone from the organisation will reach out to them in the following days. If they give approval, contact your TC and explain the situation. They can contact FairWork.
3. If the situation **needs immediate attention:** Inform the TC and they will call FairWork themselves to request help for the PA immediately.

https://www.fairwork.nu/en/homepage/ 
Phone: +31 20 760 08 09
|Q: What can I do if I want to do volunteer work? A: Also volunteer work is complicated when somebody is undocumented. The Red Cross doesn’t provide this service in general for people that are undocumented (for example becoming a Ready 2 Helper is not possible), but sometimes districts can have ideas, especially when they are more familiar with giving support to people that are undocumented. Therefore, first check what kind of volunteer work somebody is looking for. See if there is information on HIA under the category 'Activities'. If not, send somebody to day shelters, because there they work with volunteers or can advise somebody. Or you can also check with a district if they have ideas. 

Example of a message:

*It is really great that you want to do volunteer work. Unfortunately the Red Cross cannot work with volunteers without BSN. I am sorry about that. But I can think with you about what options there are. Can you therefore tell me a bit more about the work you would like to do? And where you are staying?*|Q: Do childeren that are UM have the right to get education? A: Children are even required to attend school until the age of 18! Children aged 5 to 18 must go to school until they have achieved a basic qualification (havo, vwo or mbo diploma level 2 or higher [Dutch school certificates]). Even if your child does not have a residence permit, they are still required to attend school. Children can register at all schools. Public schools are not allowed to refuse them. Special schools (such as Christian or Islamic schools) can. School education is free. In some cities, the Leergeld foundation (https://www.leergeld.nl/) provides assistance in paying for tutoring, laptops and school trips.",
Identify multiple orgs offering legal/logistical help for returnees; how do their roles differ?,,"Several organizations offer legal and logistical help for people returning to their country of origin:

1. **HIA (Red Cross platform):** Provides general information and referrals to organizations that can assist with return. See: https://helpfulinformation.redcross.nl/
2. **Stichting LOS:** Offers juridical (legal) advice, especially regarding residence permits and legal stay. Contact: https://www.stichtinglos.nl/content/contact
3. **Juridisch Loket:** Provides legal advice for issues not related to residence permits or legal stay. Contact: https://www.juridischloket.nl/contact/

**Role differences:**  
- HIA/Red Cross mainly refers and provides information, but does not give legal support.
- Stichting LOS specializes in legal advice about residence status.
- Juridisch Loket helps with other legal questions (not about residence permits).

Each organization has a specific focus, so it’s important to contact the one that matches your needs.","Q: What are important support organizations for returning back to country of origin? A: There are different organizations that can help with return back to country of origin. You can find information about this on HIA: https://helpfulinformation.redcross.nl/|Q: What can the Red Cross do? A: The Red Cross does not provide legal support. We can only refer people to the right organizations that have more knowledge about the legal procedures.|Q: Which other organizations can be helpful? A: People can also contact the helpdesk of Stichting LOS if they want juridical advise: https://www.stichtinglos.nl/content/contact . For questions that have nothing to do with their residence permit / legal stay, they can also go to a Juridisch Loket: https://www.juridischloket.nl/contact/. |Q: Can I contact the police? A: Even without a residence permit or passport, you have the right to report a crime in the Netherlands without being deported immediately. If you are the victim of a crime in the Netherlands, you can always report it. The police are obliged to deal with every report.

**For internal use only:** Make sure that you stress that PA has the right to go to the police without being deported. Sometimes people don't know this, while they are a vulnerable group that can be a victim of crime more easily.

**Please note: the police also have the task of deporting undocumented migrants. Therefore, it is advisable for undocumented migrants to make an appointment with the police together with an aid worker. This is to avoid misunderstandings or unjustified deportation.**|Q: What does human trafficking entail? A: Human traffickers take advantage of the dependency of undocumented migrants. They are a vulnerable target group. Their lack of knowledge about their rights, precautions and available assistance makes them particularly vulnerable. Victims of human trafficking have often experienced degrading living and/or working conditions and a loss of control over their lives. This often leads to long-term psychological and physical problems.|Q: How can you spot human trafficking? A: * If people are forced to work in unsafe conditions, are paid far too little, or have to work extremely long hours, then this is exploitation.
* If exploitation is accompanied by coercion or is a result of deception, it may also be a case of human trafficking.
* Even if you do not have a residence permit or passport, you have rights in the Netherlands. You have the right to a fair wage and to file a report with the police if you are getting exploited.|Q: Who to contact if you think somebody is victim of Human trafficking? A: In case you think somebody is victim of human trafficking, then always discuss the case with piket or with your Team Captain.|Q: I have work problems (for example, I am not payed, I am not treated well) A: Also when people are undocumented, they still have work rights. 

For questions about labour rights you can share the flyer 'Know your rights when you work' with the person affected:
- [English](https://www.comensha.nl/media/rtbj5ggv/2026-know-your-rights-flyer-geen-verblijfsstatus-eng.pdf) 
- [Dutch](https://www.comensha.nl/media/lwvbm1sm/2026-know-your-rights-flyer-geen-verblijfsstatus-nl.pdf) 
- [Arabic](https://www.comensha.nl/media/y52f42oz/2026-know-your-rights-flyer-geen-verblijfsstatus-ar.pdf) 
- [Portuguese](https://www.comensha.nl/media/igqeeotx/2026-know-your-rights-flyer-geen-verblijfsstatus-po.pdf) 
- [French](https://www.comensha.nl/media/g5zl4y2t/2026-know-your-rights-flyer-geen-verblijfsstatus-fr.pdf) 
- [Spanish](https://www.comensha.nl/media/obpfh0nt/2026-know-your-rights-flyer-geen-verblijfsstatus-esp.pdf) 
- [Indonesian](https://www.comensha.nl/media/hablxzvb/2026-know-your-rights-flyer-geen-verblijfsstatus-bahasa.pdf) 
- [Tagalog](https://www.comensha.nl/media/skdj3gdb/2026-know-your-rights-flyer-geen-verblijfsstatus-tag.pdf)

An important organization that can help when people are mistreated is FairWork.FairWork is specialized in helping people who have problems at work and/or people who are affected by labour exploitation or human trafficking. If the PA shows signs of labour exploitation/human trafficking, you can ask the following questions:

- Can you tell me more about your work environment?
- Are the work conditions as you expected?
- Do you feel safe at work?
- Does your employer treat you badly?
- Are you being forced to do work against your will?

1. If the situation **does not seem urgent:** Send the contact information of FairWork as well as the flyer below. 
2. If the situation is serious and **needs a follow up:** You can make a warm referral: ask for permission to share the phone number of the PA with FairWork, so that the organisation can reach out to the PA directly. Explain to the PA what FairWork does and that someone from the organisation will reach out to them in the following days. If they give approval, contact your TC and explain the situation. They can contact FairWork.
3. If the situation **needs immediate attention:** Inform the TC and they will call FairWork themselves to request help for the PA immediately.

https://www.fairwork.nu/en/homepage/ 
Phone: +31 20 760 08 09
|Q: What can I do if I want to do volunteer work? A: Also volunteer work is complicated when somebody is undocumented. The Red Cross doesn’t provide this service in general for people that are undocumented (for example becoming a Ready 2 Helper is not possible), but sometimes districts can have ideas, especially when they are more familiar with giving support to people that are undocumented. Therefore, first check what kind of volunteer work somebody is looking for. See if there is information on HIA under the category 'Activities'. If not, send somebody to day shelters, because there they work with volunteers or can advise somebody. Or you can also check with a district if they have ideas. 

Example of a message:

*It is really great that you want to do volunteer work. Unfortunately the Red Cross cannot work with volunteers without BSN. I am sorry about that. But I can think with you about what options there are. Can you therefore tell me a bit more about the work you would like to do? And where you are staying?*|Q: Do childeren that are UM have the right to get education? A: Children are even required to attend school until the age of 18! Children aged 5 to 18 must go to school until they have achieved a basic qualification (havo, vwo or mbo diploma level 2 or higher [Dutch school certificates]). Even if your child does not have a residence permit, they are still required to attend school. Children can register at all schools. Public schools are not allowed to refuse them. Special schools (such as Christian or Islamic schools) can. School education is free. In some cities, the Leergeld foundation (https://www.leergeld.nl/) provides assistance in paying for tutoring, laptops and school trips.",
"If Red Cross referred you for legal help, which orgs could assist with migration issues?",,"If the Red Cross referred you for legal help, you can contact Stichting LOS for juridical advice about migration issues: https://www.stichtinglos.nl/content/contact. For other legal questions not related to residence permits or legal stay, you can also contact the Juridisch Loket: https://www.juridischloket.nl/contact/.","Q: What are important support organizations for returning back to country of origin? A: There are different organizations that can help with return back to country of origin. You can find information about this on HIA: https://helpfulinformation.redcross.nl/|Q: What can the Red Cross do? A: The Red Cross does not provide legal support. We can only refer people to the right organizations that have more knowledge about the legal procedures.|Q: Which other organizations can be helpful? A: People can also contact the helpdesk of Stichting LOS if they want juridical advise: https://www.stichtinglos.nl/content/contact . For questions that have nothing to do with their residence permit / legal stay, they can also go to a Juridisch Loket: https://www.juridischloket.nl/contact/. |Q: Can I contact the police? A: Even without a residence permit or passport, you have the right to report a crime in the Netherlands without being deported immediately. If you are the victim of a crime in the Netherlands, you can always report it. The police are obliged to deal with every report.

**For internal use only:** Make sure that you stress that PA has the right to go to the police without being deported. Sometimes people don't know this, while they are a vulnerable group that can be a victim of crime more easily.

**Please note: the police also have the task of deporting undocumented migrants. Therefore, it is advisable for undocumented migrants to make an appointment with the police together with an aid worker. This is to avoid misunderstandings or unjustified deportation.**|Q: What does human trafficking entail? A: Human traffickers take advantage of the dependency of undocumented migrants. They are a vulnerable target group. Their lack of knowledge about their rights, precautions and available assistance makes them particularly vulnerable. Victims of human trafficking have often experienced degrading living and/or working conditions and a loss of control over their lives. This often leads to long-term psychological and physical problems.|Q: How can you spot human trafficking? A: * If people are forced to work in unsafe conditions, are paid far too little, or have to work extremely long hours, then this is exploitation.
* If exploitation is accompanied by coercion or is a result of deception, it may also be a case of human trafficking.
* Even if you do not have a residence permit or passport, you have rights in the Netherlands. You have the right to a fair wage and to file a report with the police if you are getting exploited.|Q: Who to contact if you think somebody is victim of Human trafficking? A: In case you think somebody is victim of human trafficking, then always discuss the case with piket or with your Team Captain.|Q: I have work problems (for example, I am not payed, I am not treated well) A: Also when people are undocumented, they still have work rights. 

For questions about labour rights you can share the flyer 'Know your rights when you work' with the person affected:
- [English](https://www.comensha.nl/media/rtbj5ggv/2026-know-your-rights-flyer-geen-verblijfsstatus-eng.pdf) 
- [Dutch](https://www.comensha.nl/media/lwvbm1sm/2026-know-your-rights-flyer-geen-verblijfsstatus-nl.pdf) 
- [Arabic](https://www.comensha.nl/media/y52f42oz/2026-know-your-rights-flyer-geen-verblijfsstatus-ar.pdf) 
- [Portuguese](https://www.comensha.nl/media/igqeeotx/2026-know-your-rights-flyer-geen-verblijfsstatus-po.pdf) 
- [French](https://www.comensha.nl/media/g5zl4y2t/2026-know-your-rights-flyer-geen-verblijfsstatus-fr.pdf) 
- [Spanish](https://www.comensha.nl/media/obpfh0nt/2026-know-your-rights-flyer-geen-verblijfsstatus-esp.pdf) 
- [Indonesian](https://www.comensha.nl/media/hablxzvb/2026-know-your-rights-flyer-geen-verblijfsstatus-bahasa.pdf) 
- [Tagalog](https://www.comensha.nl/media/skdj3gdb/2026-know-your-rights-flyer-geen-verblijfsstatus-tag.pdf)

An important organization that can help when people are mistreated is FairWork.FairWork is specialized in helping people who have problems at work and/or people who are affected by labour exploitation or human trafficking. If the PA shows signs of labour exploitation/human trafficking, you can ask the following questions:

- Can you tell me more about your work environment?
- Are the work conditions as you expected?
- Do you feel safe at work?
- Does your employer treat you badly?
- Are you being forced to do work against your will?

1. If the situation **does not seem urgent:** Send the contact information of FairWork as well as the flyer below. 
2. If the situation is serious and **needs a follow up:** You can make a warm referral: ask for permission to share the phone number of the PA with FairWork, so that the organisation can reach out to the PA directly. Explain to the PA what FairWork does and that someone from the organisation will reach out to them in the following days. If they give approval, contact your TC and explain the situation. They can contact FairWork.
3. If the situation **needs immediate attention:** Inform the TC and they will call FairWork themselves to request help for the PA immediately.

https://www.fairwork.nu/en/homepage/ 
Phone: +31 20 760 08 09
|Q: What can I do if I want to do volunteer work? A: Also volunteer work is complicated when somebody is undocumented. The Red Cross doesn’t provide this service in general for people that are undocumented (for example becoming a Ready 2 Helper is not possible), but sometimes districts can have ideas, especially when they are more familiar with giving support to people that are undocumented. Therefore, first check what kind of volunteer work somebody is looking for. See if there is information on HIA under the category 'Activities'. If not, send somebody to day shelters, because there they work with volunteers or can advise somebody. Or you can also check with a district if they have ideas. 

Example of a message:

*It is really great that you want to do volunteer work. Unfortunately the Red Cross cannot work with volunteers without BSN. I am sorry about that. But I can think with you about what options there are. Can you therefore tell me a bit more about the work you would like to do? And where you are staying?*|Q: Do childeren that are UM have the right to get education? A: Children are even required to attend school until the age of 18! Children aged 5 to 18 must go to school until they have achieved a basic qualification (havo, vwo or mbo diploma level 2 or higher [Dutch school certificates]). Even if your child does not have a residence permit, they are still required to attend school. Children can register at all schools. Public schools are not allowed to refuse them. Special schools (such as Christian or Islamic schools) can. School education is free. In some cities, the Leergeld foundation (https://www.leergeld.nl/) provides assistance in paying for tutoring, laptops and school trips.",
List rare NGOs aiding stateless persons with complex cross-border legal status and repatriation issues.,,"Some rare NGOs that can assist stateless persons with complex cross-border legal status and repatriation issues include FairWork (specialized in labour exploitation and human trafficking cases, including for undocumented and stateless persons: https://www.fairwork.nu/en/homepage/), Stichting LOS (for juridical advice: https://www.stichtinglos.nl/content/contact), and the Red Cross, which can refer individuals to specialized organizations and provide information via HIA: https://helpfulinformation.redcross.nl/. For additional support, day shelters and local aid organizations may also have experience with complex cases.","Q: What are important support organizations for returning back to country of origin? A: There are different organizations that can help with return back to country of origin. You can find information about this on HIA: https://helpfulinformation.redcross.nl/|Q: What can the Red Cross do? A: The Red Cross does not provide legal support. We can only refer people to the right organizations that have more knowledge about the legal procedures.|Q: Which other organizations can be helpful? A: People can also contact the helpdesk of Stichting LOS if they want juridical advise: https://www.stichtinglos.nl/content/contact . For questions that have nothing to do with their residence permit / legal stay, they can also go to a Juridisch Loket: https://www.juridischloket.nl/contact/. |Q: Can I contact the police? A: Even without a residence permit or passport, you have the right to report a crime in the Netherlands without being deported immediately. If you are the victim of a crime in the Netherlands, you can always report it. The police are obliged to deal with every report.

**For internal use only:** Make sure that you stress that PA has the right to go to the police without being deported. Sometimes people don't know this, while they are a vulnerable group that can be a victim of crime more easily.

**Please note: the police also have the task of deporting undocumented migrants. Therefore, it is advisable for undocumented migrants to make an appointment with the police together with an aid worker. This is to avoid misunderstandings or unjustified deportation.**|Q: What does human trafficking entail? A: Human traffickers take advantage of the dependency of undocumented migrants. They are a vulnerable target group. Their lack of knowledge about their rights, precautions and available assistance makes them particularly vulnerable. Victims of human trafficking have often experienced degrading living and/or working conditions and a loss of control over their lives. This often leads to long-term psychological and physical problems.|Q: How can you spot human trafficking? A: * If people are forced to work in unsafe conditions, are paid far too little, or have to work extremely long hours, then this is exploitation.
* If exploitation is accompanied by coercion or is a result of deception, it may also be a case of human trafficking.
* Even if you do not have a residence permit or passport, you have rights in the Netherlands. You have the right to a fair wage and to file a report with the police if you are getting exploited.|Q: Who to contact if you think somebody is victim of Human trafficking? A: In case you think somebody is victim of human trafficking, then always discuss the case with piket or with your Team Captain.|Q: I have work problems (for example, I am not payed, I am not treated well) A: Also when people are undocumented, they still have work rights. 

For questions about labour rights you can share the flyer 'Know your rights when you work' with the person affected:
- [English](https://www.comensha.nl/media/rtbj5ggv/2026-know-your-rights-flyer-geen-verblijfsstatus-eng.pdf) 
- [Dutch](https://www.comensha.nl/media/lwvbm1sm/2026-know-your-rights-flyer-geen-verblijfsstatus-nl.pdf) 
- [Arabic](https://www.comensha.nl/media/y52f42oz/2026-know-your-rights-flyer-geen-verblijfsstatus-ar.pdf) 
- [Portuguese](https://www.comensha.nl/media/igqeeotx/2026-know-your-rights-flyer-geen-verblijfsstatus-po.pdf) 
- [French](https://www.comensha.nl/media/g5zl4y2t/2026-know-your-rights-flyer-geen-verblijfsstatus-fr.pdf) 
- [Spanish](https://www.comensha.nl/media/obpfh0nt/2026-know-your-rights-flyer-geen-verblijfsstatus-esp.pdf) 
- [Indonesian](https://www.comensha.nl/media/hablxzvb/2026-know-your-rights-flyer-geen-verblijfsstatus-bahasa.pdf) 
- [Tagalog](https://www.comensha.nl/media/skdj3gdb/2026-know-your-rights-flyer-geen-verblijfsstatus-tag.pdf)

An important organization that can help when people are mistreated is FairWork.FairWork is specialized in helping people who have problems at work and/or people who are affected by labour exploitation or human trafficking. If the PA shows signs of labour exploitation/human trafficking, you can ask the following questions:

- Can you tell me more about your work environment?
- Are the work conditions as you expected?
- Do you feel safe at work?
- Does your employer treat you badly?
- Are you being forced to do work against your will?

1. If the situation **does not seem urgent:** Send the contact information of FairWork as well as the flyer below. 
2. If the situation is serious and **needs a follow up:** You can make a warm referral: ask for permission to share the phone number of the PA with FairWork, so that the organisation can reach out to the PA directly. Explain to the PA what FairWork does and that someone from the organisation will reach out to them in the following days. If they give approval, contact your TC and explain the situation. They can contact FairWork.
3. If the situation **needs immediate attention:** Inform the TC and they will call FairWork themselves to request help for the PA immediately.

https://www.fairwork.nu/en/homepage/ 
Phone: +31 20 760 08 09
|Q: What can I do if I want to do volunteer work? A: Also volunteer work is complicated when somebody is undocumented. The Red Cross doesn’t provide this service in general for people that are undocumented (for example becoming a Ready 2 Helper is not possible), but sometimes districts can have ideas, especially when they are more familiar with giving support to people that are undocumented. Therefore, first check what kind of volunteer work somebody is looking for. See if there is information on HIA under the category 'Activities'. If not, send somebody to day shelters, because there they work with volunteers or can advise somebody. Or you can also check with a district if they have ideas. 

Example of a message:

*It is really great that you want to do volunteer work. Unfortunately the Red Cross cannot work with volunteers without BSN. I am sorry about that. But I can think with you about what options there are. Can you therefore tell me a bit more about the work you would like to do? And where you are staying?*|Q: Do childeren that are UM have the right to get education? A: Children are even required to attend school until the age of 18! Children aged 5 to 18 must go to school until they have achieved a basic qualification (havo, vwo or mbo diploma level 2 or higher [Dutch school certificates]). Even if your child does not have a residence permit, they are still required to attend school. Children can register at all schools. Public schools are not allowed to refuse them. Special schools (such as Christian or Islamic schools) can. School education is free. In some cities, the Leergeld foundation (https://www.leergeld.nl/) provides assistance in paying for tutoring, laptops and school trips.",
"Which orgs offer juridical advice for residence permit issues, and when is Juridisch Loket appropriate?",,"For juridical advice about residence permit issues, people can contact the helpdesk of Stichting LOS: https://www.stichtinglos.nl/content/contact. The Juridisch Loket is only appropriate for questions that do not concern residence permits or legal stay: https://www.juridischloket.nl/contact/.","Q: What are important support organizations for returning back to country of origin? A: There are different organizations that can help with return back to country of origin. You can find information about this on HIA: https://helpfulinformation.redcross.nl/|Q: What can the Red Cross do? A: The Red Cross does not provide legal support. We can only refer people to the right organizations that have more knowledge about the legal procedures.|Q: Which other organizations can be helpful? A: People can also contact the helpdesk of Stichting LOS if they want juridical advise: https://www.stichtinglos.nl/content/contact . For questions that have nothing to do with their residence permit / legal stay, they can also go to a Juridisch Loket: https://www.juridischloket.nl/contact/. |Q: Can I contact the police? A: Even without a residence permit or passport, you have the right to report a crime in the Netherlands without being deported immediately. If you are the victim of a crime in the Netherlands, you can always report it. The police are obliged to deal with every report.

**For internal use only:** Make sure that you stress that PA has the right to go to the police without being deported. Sometimes people don't know this, while they are a vulnerable group that can be a victim of crime more easily.

**Please note: the police also have the task of deporting undocumented migrants. Therefore, it is advisable for undocumented migrants to make an appointment with the police together with an aid worker. This is to avoid misunderstandings or unjustified deportation.**|Q: What does human trafficking entail? A: Human traffickers take advantage of the dependency of undocumented migrants. They are a vulnerable target group. Their lack of knowledge about their rights, precautions and available assistance makes them particularly vulnerable. Victims of human trafficking have often experienced degrading living and/or working conditions and a loss of control over their lives. This often leads to long-term psychological and physical problems.|Q: How can you spot human trafficking? A: * If people are forced to work in unsafe conditions, are paid far too little, or have to work extremely long hours, then this is exploitation.
* If exploitation is accompanied by coercion or is a result of deception, it may also be a case of human trafficking.
* Even if you do not have a residence permit or passport, you have rights in the Netherlands. You have the right to a fair wage and to file a report with the police if you are getting exploited.|Q: Who to contact if you think somebody is victim of Human trafficking? A: In case you think somebody is victim of human trafficking, then always discuss the case with piket or with your Team Captain.|Q: I have work problems (for example, I am not payed, I am not treated well) A: Also when people are undocumented, they still have work rights. 

For questions about labour rights you can share the flyer 'Know your rights when you work' with the person affected:
- [English](https://www.comensha.nl/media/rtbj5ggv/2026-know-your-rights-flyer-geen-verblijfsstatus-eng.pdf) 
- [Dutch](https://www.comensha.nl/media/lwvbm1sm/2026-know-your-rights-flyer-geen-verblijfsstatus-nl.pdf) 
- [Arabic](https://www.comensha.nl/media/y52f42oz/2026-know-your-rights-flyer-geen-verblijfsstatus-ar.pdf) 
- [Portuguese](https://www.comensha.nl/media/igqeeotx/2026-know-your-rights-flyer-geen-verblijfsstatus-po.pdf) 
- [French](https://www.comensha.nl/media/g5zl4y2t/2026-know-your-rights-flyer-geen-verblijfsstatus-fr.pdf) 
- [Spanish](https://www.comensha.nl/media/obpfh0nt/2026-know-your-rights-flyer-geen-verblijfsstatus-esp.pdf) 
- [Indonesian](https://www.comensha.nl/media/hablxzvb/2026-know-your-rights-flyer-geen-verblijfsstatus-bahasa.pdf) 
- [Tagalog](https://www.comensha.nl/media/skdj3gdb/2026-know-your-rights-flyer-geen-verblijfsstatus-tag.pdf)

An important organization that can help when people are mistreated is FairWork.FairWork is specialized in helping people who have problems at work and/or people who are affected by labour exploitation or human trafficking. If the PA shows signs of labour exploitation/human trafficking, you can ask the following questions:

- Can you tell me more about your work environment?
- Are the work conditions as you expected?
- Do you feel safe at work?
- Does your employer treat you badly?
- Are you being forced to do work against your will?

1. If the situation **does not seem urgent:** Send the contact information of FairWork as well as the flyer below. 
2. If the situation is serious and **needs a follow up:** You can make a warm referral: ask for permission to share the phone number of the PA with FairWork, so that the organisation can reach out to the PA directly. Explain to the PA what FairWork does and that someone from the organisation will reach out to them in the following days. If they give approval, contact your TC and explain the situation. They can contact FairWork.
3. If the situation **needs immediate attention:** Inform the TC and they will call FairWork themselves to request help for the PA immediately.

https://www.fairwork.nu/en/homepage/ 
Phone: +31 20 760 08 09
|Q: What can I do if I want to do volunteer work? A: Also volunteer work is complicated when somebody is undocumented. The Red Cross doesn’t provide this service in general for people that are undocumented (for example becoming a Ready 2 Helper is not possible), but sometimes districts can have ideas, especially when they are more familiar with giving support to people that are undocumented. Therefore, first check what kind of volunteer work somebody is looking for. See if there is information on HIA under the category 'Activities'. If not, send somebody to day shelters, because there they work with volunteers or can advise somebody. Or you can also check with a district if they have ideas. 

Example of a message:

*It is really great that you want to do volunteer work. Unfortunately the Red Cross cannot work with volunteers without BSN. I am sorry about that. But I can think with you about what options there are. Can you therefore tell me a bit more about the work you would like to do? And where you are staying?*|Q: Do childeren that are UM have the right to get education? A: Children are even required to attend school until the age of 18! Children aged 5 to 18 must go to school until they have achieved a basic qualification (havo, vwo or mbo diploma level 2 or higher [Dutch school certificates]). Even if your child does not have a residence permit, they are still required to attend school. Children can register at all schools. Public schools are not allowed to refuse them. Special schools (such as Christian or Islamic schools) can. School education is free. In some cities, the Leergeld foundation (https://www.leergeld.nl/) provides assistance in paying for tutoring, laptops and school trips.",
Compare Juridisch Loket’s support with Stichting LOS for non-residence permit-related legal issues.,,"For non-residence permit-related legal issues, Juridisch Loket is the appropriate organization to contact. Juridisch Loket provides legal advice on matters not related to residence permits or legal stay. In contrast, Stichting LOS specializes in juridical advice specifically about residence permits and legal stay. So, for general legal questions (not about residence status), contact Juridisch Loket; for questions about residence permits, contact Stichting LOS.","Q: What are important support organizations for returning back to country of origin? A: There are different organizations that can help with return back to country of origin. You can find information about this on HIA: https://helpfulinformation.redcross.nl/|Q: What can the Red Cross do? A: The Red Cross does not provide legal support. We can only refer people to the right organizations that have more knowledge about the legal procedures.|Q: Which other organizations can be helpful? A: People can also contact the helpdesk of Stichting LOS if they want juridical advise: https://www.stichtinglos.nl/content/contact . For questions that have nothing to do with their residence permit / legal stay, they can also go to a Juridisch Loket: https://www.juridischloket.nl/contact/. |Q: Can I contact the police? A: Even without a residence permit or passport, you have the right to report a crime in the Netherlands without being deported immediately. If you are the victim of a crime in the Netherlands, you can always report it. The police are obliged to deal with every report.

**For internal use only:** Make sure that you stress that PA has the right to go to the police without being deported. Sometimes people don't know this, while they are a vulnerable group that can be a victim of crime more easily.

**Please note: the police also have the task of deporting undocumented migrants. Therefore, it is advisable for undocumented migrants to make an appointment with the police together with an aid worker. This is to avoid misunderstandings or unjustified deportation.**|Q: What does human trafficking entail? A: Human traffickers take advantage of the dependency of undocumented migrants. They are a vulnerable target group. Their lack of knowledge about their rights, precautions and available assistance makes them particularly vulnerable. Victims of human trafficking have often experienced degrading living and/or working conditions and a loss of control over their lives. This often leads to long-term psychological and physical problems.|Q: How can you spot human trafficking? A: * If people are forced to work in unsafe conditions, are paid far too little, or have to work extremely long hours, then this is exploitation.
* If exploitation is accompanied by coercion or is a result of deception, it may also be a case of human trafficking.
* Even if you do not have a residence permit or passport, you have rights in the Netherlands. You have the right to a fair wage and to file a report with the police if you are getting exploited.|Q: Who to contact if you think somebody is victim of Human trafficking? A: In case you think somebody is victim of human trafficking, then always discuss the case with piket or with your Team Captain.|Q: I have work problems (for example, I am not payed, I am not treated well) A: Also when people are undocumented, they still have work rights. 

For questions about labour rights you can share the flyer 'Know your rights when you work' with the person affected:
- [English](https://www.comensha.nl/media/rtbj5ggv/2026-know-your-rights-flyer-geen-verblijfsstatus-eng.pdf) 
- [Dutch](https://www.comensha.nl/media/lwvbm1sm/2026-know-your-rights-flyer-geen-verblijfsstatus-nl.pdf) 
- [Arabic](https://www.comensha.nl/media/y52f42oz/2026-know-your-rights-flyer-geen-verblijfsstatus-ar.pdf) 
- [Portuguese](https://www.comensha.nl/media/igqeeotx/2026-know-your-rights-flyer-geen-verblijfsstatus-po.pdf) 
- [French](https://www.comensha.nl/media/g5zl4y2t/2026-know-your-rights-flyer-geen-verblijfsstatus-fr.pdf) 
- [Spanish](https://www.comensha.nl/media/obpfh0nt/2026-know-your-rights-flyer-geen-verblijfsstatus-esp.pdf) 
- [Indonesian](https://www.comensha.nl/media/hablxzvb/2026-know-your-rights-flyer-geen-verblijfsstatus-bahasa.pdf) 
- [Tagalog](https://www.comensha.nl/media/skdj3gdb/2026-know-your-rights-flyer-geen-verblijfsstatus-tag.pdf)

An important organization that can help when people are mistreated is FairWork.FairWork is specialized in helping people who have problems at work and/or people who are affected by labour exploitation or human trafficking. If the PA shows signs of labour exploitation/human trafficking, you can ask the following questions:

- Can you tell me more about your work environment?
- Are the work conditions as you expected?
- Do you feel safe at work?
- Does your employer treat you badly?
- Are you being forced to do work against your will?

1. If the situation **does not seem urgent:** Send the contact information of FairWork as well as the flyer below. 
2. If the situation is serious and **needs a follow up:** You can make a warm referral: ask for permission to share the phone number of the PA with FairWork, so that the organisation can reach out to the PA directly. Explain to the PA what FairWork does and that someone from the organisation will reach out to them in the following days. If they give approval, contact your TC and explain the situation. They can contact FairWork.
3. If the situation **needs immediate attention:** Inform the TC and they will call FairWork themselves to request help for the PA immediately.

https://www.fairwork.nu/en/homepage/ 
Phone: +31 20 760 08 09
|Q: What can I do if I want to do volunteer work? A: Also volunteer work is complicated when somebody is undocumented. The Red Cross doesn’t provide this service in general for people that are undocumented (for example becoming a Ready 2 Helper is not possible), but sometimes districts can have ideas, especially when they are more familiar with giving support to people that are undocumented. Therefore, first check what kind of volunteer work somebody is looking for. See if there is information on HIA under the category 'Activities'. If not, send somebody to day shelters, because there they work with volunteers or can advise somebody. Or you can also check with a district if they have ideas. 

Example of a message:

*It is really great that you want to do volunteer work. Unfortunately the Red Cross cannot work with volunteers without BSN. I am sorry about that. But I can think with you about what options there are. Can you therefore tell me a bit more about the work you would like to do? And where you are staying?*|Q: Do childeren that are UM have the right to get education? A: Children are even required to attend school until the age of 18! Children aged 5 to 18 must go to school until they have achieved a basic qualification (havo, vwo or mbo diploma level 2 or higher [Dutch school certificates]). Even if your child does not have a residence permit, they are still required to attend school. Children can register at all schools. Public schools are not allowed to refuse them. Special schools (such as Christian or Islamic schools) can. School education is free. In some cities, the Leergeld foundation (https://www.leergeld.nl/) provides assistance in paying for tutoring, laptops and school trips.",
Suppose an undocumented migrant witnesses a crime. What steps can they take to report it safely?,,"An undocumented migrant has the right to report a crime in the Netherlands, even without a residence permit or passport, and will not be deported immediately for doing so. The police are obliged to handle every report. However, since the police also have the task of deporting undocumented migrants, it is advisable to make an appointment with the police together with an aid worker. This helps avoid misunderstandings or unjustified deportation and ensures the process is as safe as possible.","Q: What are important support organizations for returning back to country of origin? A: There are different organizations that can help with return back to country of origin. You can find information about this on HIA: https://helpfulinformation.redcross.nl/|Q: What can the Red Cross do? A: The Red Cross does not provide legal support. We can only refer people to the right organizations that have more knowledge about the legal procedures.|Q: Which other organizations can be helpful? A: People can also contact the helpdesk of Stichting LOS if they want juridical advise: https://www.stichtinglos.nl/content/contact . For questions that have nothing to do with their residence permit / legal stay, they can also go to a Juridisch Loket: https://www.juridischloket.nl/contact/. |Q: Can I contact the police? A: Even without a residence permit or passport, you have the right to report a crime in the Netherlands without being deported immediately. If you are the victim of a crime in the Netherlands, you can always report it. The police are obliged to deal with every report.

**For internal use only:** Make sure that you stress that PA has the right to go to the police without being deported. Sometimes people don't know this, while they are a vulnerable group that can be a victim of crime more easily.

**Please note: the police also have the task of deporting undocumented migrants. Therefore, it is advisable for undocumented migrants to make an appointment with the police together with an aid worker. This is to avoid misunderstandings or unjustified deportation.**|Q: What does human trafficking entail? A: Human traffickers take advantage of the dependency of undocumented migrants. They are a vulnerable target group. Their lack of knowledge about their rights, precautions and available assistance makes them particularly vulnerable. Victims of human trafficking have often experienced degrading living and/or working conditions and a loss of control over their lives. This often leads to long-term psychological and physical problems.|Q: How can you spot human trafficking? A: * If people are forced to work in unsafe conditions, are paid far too little, or have to work extremely long hours, then this is exploitation.
* If exploitation is accompanied by coercion or is a result of deception, it may also be a case of human trafficking.
* Even if you do not have a residence permit or passport, you have rights in the Netherlands. You have the right to a fair wage and to file a report with the police if you are getting exploited.|Q: Who to contact if you think somebody is victim of Human trafficking? A: In case you think somebody is victim of human trafficking, then always discuss the case with piket or with your Team Captain.|Q: I have work problems (for example, I am not payed, I am not treated well) A: Also when people are undocumented, they still have work rights. 

For questions about labour rights you can share the flyer 'Know your rights when you work' with the person affected:
- [English](https://www.comensha.nl/media/rtbj5ggv/2026-know-your-rights-flyer-geen-verblijfsstatus-eng.pdf) 
- [Dutch](https://www.comensha.nl/media/lwvbm1sm/2026-know-your-rights-flyer-geen-verblijfsstatus-nl.pdf) 
- [Arabic](https://www.comensha.nl/media/y52f42oz/2026-know-your-rights-flyer-geen-verblijfsstatus-ar.pdf) 
- [Portuguese](https://www.comensha.nl/media/igqeeotx/2026-know-your-rights-flyer-geen-verblijfsstatus-po.pdf) 
- [French](https://www.comensha.nl/media/g5zl4y2t/2026-know-your-rights-flyer-geen-verblijfsstatus-fr.pdf) 
- [Spanish](https://www.comensha.nl/media/obpfh0nt/2026-know-your-rights-flyer-geen-verblijfsstatus-esp.pdf) 
- [Indonesian](https://www.comensha.nl/media/hablxzvb/2026-know-your-rights-flyer-geen-verblijfsstatus-bahasa.pdf) 
- [Tagalog](https://www.comensha.nl/media/skdj3gdb/2026-know-your-rights-flyer-geen-verblijfsstatus-tag.pdf)

An important organization that can help when people are mistreated is FairWork.FairWork is specialized in helping people who have problems at work and/or people who are affected by labour exploitation or human trafficking. If the PA shows signs of labour exploitation/human trafficking, you can ask the following questions:

- Can you tell me more about your work environment?
- Are the work conditions as you expected?
- Do you feel safe at work?
- Does your employer treat you badly?
- Are you being forced to do work against your will?

1. If the situation **does not seem urgent:** Send the contact information of FairWork as well as the flyer below. 
2. If the situation is serious and **needs a follow up:** You can make a warm referral: ask for permission to share the phone number of the PA with FairWork, so that the organisation can reach out to the PA directly. Explain to the PA what FairWork does and that someone from the organisation will reach out to them in the following days. If they give approval, contact your TC and explain the situation. They can contact FairWork.
3. If the situation **needs immediate attention:** Inform the TC and they will call FairWork themselves to request help for the PA immediately.

https://www.fairwork.nu/en/homepage/ 
Phone: +31 20 760 08 09
|Q: What can I do if I want to do volunteer work? A: Also volunteer work is complicated when somebody is undocumented. The Red Cross doesn’t provide this service in general for people that are undocumented (for example becoming a Ready 2 Helper is not possible), but sometimes districts can have ideas, especially when they are more familiar with giving support to people that are undocumented. Therefore, first check what kind of volunteer work somebody is looking for. See if there is information on HIA under the category 'Activities'. If not, send somebody to day shelters, because there they work with volunteers or can advise somebody. Or you can also check with a district if they have ideas. 

Example of a message:

*It is really great that you want to do volunteer work. Unfortunately the Red Cross cannot work with volunteers without BSN. I am sorry about that. But I can think with you about what options there are. Can you therefore tell me a bit more about the work you would like to do? And where you are staying?*|Q: Do childeren that are UM have the right to get education? A: Children are even required to attend school until the age of 18! Children aged 5 to 18 must go to school until they have achieved a basic qualification (havo, vwo or mbo diploma level 2 or higher [Dutch school certificates]). Even if your child does not have a residence permit, they are still required to attend school. Children can register at all schools. Public schools are not allowed to refuse them. Special schools (such as Christian or Islamic schools) can. School education is free. In some cities, the Leergeld foundation (https://www.leergeld.nl/) provides assistance in paying for tutoring, laptops and school trips.",
"If an undocumented migrant witnesses a crime, what steps could they take to report it safely?",,"If an undocumented migrant witnesses a crime, they have the right to report it to the police in the Netherlands without being deported immediately. The police are obliged to handle every report, even if the person does not have a residence permit or passport. However, since the police also have the task of deporting undocumented migrants, it is advisable to make an appointment with the police together with an aid worker. This helps avoid misunderstandings or unjustified deportation and ensures the process is as safe as possible.","Q: What are important support organizations for returning back to country of origin? A: There are different organizations that can help with return back to country of origin. You can find information about this on HIA: https://helpfulinformation.redcross.nl/|Q: What can the Red Cross do? A: The Red Cross does not provide legal support. We can only refer people to the right organizations that have more knowledge about the legal procedures.|Q: Which other organizations can be helpful? A: People can also contact the helpdesk of Stichting LOS if they want juridical advise: https://www.stichtinglos.nl/content/contact . For questions that have nothing to do with their residence permit / legal stay, they can also go to a Juridisch Loket: https://www.juridischloket.nl/contact/. |Q: Can I contact the police? A: Even without a residence permit or passport, you have the right to report a crime in the Netherlands without being deported immediately. If you are the victim of a crime in the Netherlands, you can always report it. The police are obliged to deal with every report.

**For internal use only:** Make sure that you stress that PA has the right to go to the police without being deported. Sometimes people don't know this, while they are a vulnerable group that can be a victim of crime more easily.

**Please note: the police also have the task of deporting undocumented migrants. Therefore, it is advisable for undocumented migrants to make an appointment with the police together with an aid worker. This is to avoid misunderstandings or unjustified deportation.**|Q: What does human trafficking entail? A: Human traffickers take advantage of the dependency of undocumented migrants. They are a vulnerable target group. Their lack of knowledge about their rights, precautions and available assistance makes them particularly vulnerable. Victims of human trafficking have often experienced degrading living and/or working conditions and a loss of control over their lives. This often leads to long-term psychological and physical problems.|Q: How can you spot human trafficking? A: * If people are forced to work in unsafe conditions, are paid far too little, or have to work extremely long hours, then this is exploitation.
* If exploitation is accompanied by coercion or is a result of deception, it may also be a case of human trafficking.
* Even if you do not have a residence permit or passport, you have rights in the Netherlands. You have the right to a fair wage and to file a report with the police if you are getting exploited.|Q: Who to contact if you think somebody is victim of Human trafficking? A: In case you think somebody is victim of human trafficking, then always discuss the case with piket or with your Team Captain.|Q: I have work problems (for example, I am not payed, I am not treated well) A: Also when people are undocumented, they still have work rights. 

For questions about labour rights you can share the flyer 'Know your rights when you work' with the person affected:
- [English](https://www.comensha.nl/media/rtbj5ggv/2026-know-your-rights-flyer-geen-verblijfsstatus-eng.pdf) 
- [Dutch](https://www.comensha.nl/media/lwvbm1sm/2026-know-your-rights-flyer-geen-verblijfsstatus-nl.pdf) 
- [Arabic](https://www.comensha.nl/media/y52f42oz/2026-know-your-rights-flyer-geen-verblijfsstatus-ar.pdf) 
- [Portuguese](https://www.comensha.nl/media/igqeeotx/2026-know-your-rights-flyer-geen-verblijfsstatus-po.pdf) 
- [French](https://www.comensha.nl/media/g5zl4y2t/2026-know-your-rights-flyer-geen-verblijfsstatus-fr.pdf) 
- [Spanish](https://www.comensha.nl/media/obpfh0nt/2026-know-your-rights-flyer-geen-verblijfsstatus-esp.pdf) 
- [Indonesian](https://www.comensha.nl/media/hablxzvb/2026-know-your-rights-flyer-geen-verblijfsstatus-bahasa.pdf) 
- [Tagalog](https://www.comensha.nl/media/skdj3gdb/2026-know-your-rights-flyer-geen-verblijfsstatus-tag.pdf)

An important organization that can help when people are mistreated is FairWork.FairWork is specialized in helping people who have problems at work and/or people who are affected by labour exploitation or human trafficking. If the PA shows signs of labour exploitation/human trafficking, you can ask the following questions:

- Can you tell me more about your work environment?
- Are the work conditions as you expected?
- Do you feel safe at work?
- Does your employer treat you badly?
- Are you being forced to do work against your will?

1. If the situation **does not seem urgent:** Send the contact information of FairWork as well as the flyer below. 
2. If the situation is serious and **needs a follow up:** You can make a warm referral: ask for permission to share the phone number of the PA with FairWork, so that the organisation can reach out to the PA directly. Explain to the PA what FairWork does and that someone from the organisation will reach out to them in the following days. If they give approval, contact your TC and explain the situation. They can contact FairWork.
3. If the situation **needs immediate attention:** Inform the TC and they will call FairWork themselves to request help for the PA immediately.

https://www.fairwork.nu/en/homepage/ 
Phone: +31 20 760 08 09
|Q: What can I do if I want to do volunteer work? A: Also volunteer work is complicated when somebody is undocumented. The Red Cross doesn’t provide this service in general for people that are undocumented (for example becoming a Ready 2 Helper is not possible), but sometimes districts can have ideas, especially when they are more familiar with giving support to people that are undocumented. Therefore, first check what kind of volunteer work somebody is looking for. See if there is information on HIA under the category 'Activities'. If not, send somebody to day shelters, because there they work with volunteers or can advise somebody. Or you can also check with a district if they have ideas. 

Example of a message:

*It is really great that you want to do volunteer work. Unfortunately the Red Cross cannot work with volunteers without BSN. I am sorry about that. But I can think with you about what options there are. Can you therefore tell me a bit more about the work you would like to do? And where you are staying?*|Q: Do childeren that are UM have the right to get education? A: Children are even required to attend school until the age of 18! Children aged 5 to 18 must go to school until they have achieved a basic qualification (havo, vwo or mbo diploma level 2 or higher [Dutch school certificates]). Even if your child does not have a residence permit, they are still required to attend school. Children can register at all schools. Public schools are not allowed to refuse them. Special schools (such as Christian or Islamic schools) can. School education is free. In some cities, the Leergeld foundation (https://www.leergeld.nl/) provides assistance in paying for tutoring, laptops and school trips.",
How can undocumented migrants safely report crimes while minimizing deportation risk and ensuring proper support?,,"Undocumented migrants have the right to report a crime in the Netherlands without being deported immediately. The police are obliged to handle every report, even if you do not have a residence permit or passport. However, since the police also have the task of deporting undocumented migrants, it is strongly advised to make an appointment with the police together with an aid worker. This helps avoid misunderstandings or unjustified deportation and ensures proper support during the process.","Q: What are important support organizations for returning back to country of origin? A: There are different organizations that can help with return back to country of origin. You can find information about this on HIA: https://helpfulinformation.redcross.nl/|Q: What can the Red Cross do? A: The Red Cross does not provide legal support. We can only refer people to the right organizations that have more knowledge about the legal procedures.|Q: Which other organizations can be helpful? A: People can also contact the helpdesk of Stichting LOS if they want juridical advise: https://www.stichtinglos.nl/content/contact . For questions that have nothing to do with their residence permit / legal stay, they can also go to a Juridisch Loket: https://www.juridischloket.nl/contact/. |Q: Can I contact the police? A: Even without a residence permit or passport, you have the right to report a crime in the Netherlands without being deported immediately. If you are the victim of a crime in the Netherlands, you can always report it. The police are obliged to deal with every report.

**For internal use only:** Make sure that you stress that PA has the right to go to the police without being deported. Sometimes people don't know this, while they are a vulnerable group that can be a victim of crime more easily.

**Please note: the police also have the task of deporting undocumented migrants. Therefore, it is advisable for undocumented migrants to make an appointment with the police together with an aid worker. This is to avoid misunderstandings or unjustified deportation.**|Q: What does human trafficking entail? A: Human traffickers take advantage of the dependency of undocumented migrants. They are a vulnerable target group. Their lack of knowledge about their rights, precautions and available assistance makes them particularly vulnerable. Victims of human trafficking have often experienced degrading living and/or working conditions and a loss of control over their lives. This often leads to long-term psychological and physical problems.|Q: How can you spot human trafficking? A: * If people are forced to work in unsafe conditions, are paid far too little, or have to work extremely long hours, then this is exploitation.
* If exploitation is accompanied by coercion or is a result of deception, it may also be a case of human trafficking.
* Even if you do not have a residence permit or passport, you have rights in the Netherlands. You have the right to a fair wage and to file a report with the police if you are getting exploited.|Q: Who to contact if you think somebody is victim of Human trafficking? A: In case you think somebody is victim of human trafficking, then always discuss the case with piket or with your Team Captain.|Q: I have work problems (for example, I am not payed, I am not treated well) A: Also when people are undocumented, they still have work rights. 

For questions about labour rights you can share the flyer 'Know your rights when you work' with the person affected:
- [English](https://www.comensha.nl/media/rtbj5ggv/2026-know-your-rights-flyer-geen-verblijfsstatus-eng.pdf) 
- [Dutch](https://www.comensha.nl/media/lwvbm1sm/2026-know-your-rights-flyer-geen-verblijfsstatus-nl.pdf) 
- [Arabic](https://www.comensha.nl/media/y52f42oz/2026-know-your-rights-flyer-geen-verblijfsstatus-ar.pdf) 
- [Portuguese](https://www.comensha.nl/media/igqeeotx/2026-know-your-rights-flyer-geen-verblijfsstatus-po.pdf) 
- [French](https://www.comensha.nl/media/g5zl4y2t/2026-know-your-rights-flyer-geen-verblijfsstatus-fr.pdf) 
- [Spanish](https://www.comensha.nl/media/obpfh0nt/2026-know-your-rights-flyer-geen-verblijfsstatus-esp.pdf) 
- [Indonesian](https://www.comensha.nl/media/hablxzvb/2026-know-your-rights-flyer-geen-verblijfsstatus-bahasa.pdf) 
- [Tagalog](https://www.comensha.nl/media/skdj3gdb/2026-know-your-rights-flyer-geen-verblijfsstatus-tag.pdf)

An important organization that can help when people are mistreated is FairWork.FairWork is specialized in helping people who have problems at work and/or people who are affected by labour exploitation or human trafficking. If the PA shows signs of labour exploitation/human trafficking, you can ask the following questions:

- Can you tell me more about your work environment?
- Are the work conditions as you expected?
- Do you feel safe at work?
- Does your employer treat you badly?
- Are you being forced to do work against your will?

1. If the situation **does not seem urgent:** Send the contact information of FairWork as well as the flyer below. 
2. If the situation is serious and **needs a follow up:** You can make a warm referral: ask for permission to share the phone number of the PA with FairWork, so that the organisation can reach out to the PA directly. Explain to the PA what FairWork does and that someone from the organisation will reach out to them in the following days. If they give approval, contact your TC and explain the situation. They can contact FairWork.
3. If the situation **needs immediate attention:** Inform the TC and they will call FairWork themselves to request help for the PA immediately.

https://www.fairwork.nu/en/homepage/ 
Phone: +31 20 760 08 09
|Q: What can I do if I want to do volunteer work? A: Also volunteer work is complicated when somebody is undocumented. The Red Cross doesn’t provide this service in general for people that are undocumented (for example becoming a Ready 2 Helper is not possible), but sometimes districts can have ideas, especially when they are more familiar with giving support to people that are undocumented. Therefore, first check what kind of volunteer work somebody is looking for. See if there is information on HIA under the category 'Activities'. If not, send somebody to day shelters, because there they work with volunteers or can advise somebody. Or you can also check with a district if they have ideas. 

Example of a message:

*It is really great that you want to do volunteer work. Unfortunately the Red Cross cannot work with volunteers without BSN. I am sorry about that. But I can think with you about what options there are. Can you therefore tell me a bit more about the work you would like to do? And where you are staying?*|Q: Do childeren that are UM have the right to get education? A: Children are even required to attend school until the age of 18! Children aged 5 to 18 must go to school until they have achieved a basic qualification (havo, vwo or mbo diploma level 2 or higher [Dutch school certificates]). Even if your child does not have a residence permit, they are still required to attend school. Children can register at all schools. Public schools are not allowed to refuse them. Special schools (such as Christian or Islamic schools) can. School education is free. In some cities, the Leergeld foundation (https://www.leergeld.nl/) provides assistance in paying for tutoring, laptops and school trips.",
"How do traffickers exploit undocumented migrants, and what conditions do victims typically experience?",,"Human traffickers exploit undocumented migrants by taking advantage of their dependency and lack of knowledge about their rights and available assistance. Victims often experience degrading living and/or working conditions, loss of control over their lives, and are subjected to long-term psychological and physical problems. Exploitation can include being forced to work in unsafe conditions, being paid far too little, or working extremely long hours, often accompanied by coercion or deception.","Q: What are important support organizations for returning back to country of origin? A: There are different organizations that can help with return back to country of origin. You can find information about this on HIA: https://helpfulinformation.redcross.nl/|Q: What can the Red Cross do? A: The Red Cross does not provide legal support. We can only refer people to the right organizations that have more knowledge about the legal procedures.|Q: Which other organizations can be helpful? A: People can also contact the helpdesk of Stichting LOS if they want juridical advise: https://www.stichtinglos.nl/content/contact . For questions that have nothing to do with their residence permit / legal stay, they can also go to a Juridisch Loket: https://www.juridischloket.nl/contact/. |Q: Can I contact the police? A: Even without a residence permit or passport, you have the right to report a crime in the Netherlands without being deported immediately. If you are the victim of a crime in the Netherlands, you can always report it. The police are obliged to deal with every report.

**For internal use only:** Make sure that you stress that PA has the right to go to the police without being deported. Sometimes people don't know this, while they are a vulnerable group that can be a victim of crime more easily.

**Please note: the police also have the task of deporting undocumented migrants. Therefore, it is advisable for undocumented migrants to make an appointment with the police together with an aid worker. This is to avoid misunderstandings or unjustified deportation.**|Q: What does human trafficking entail? A: Human traffickers take advantage of the dependency of undocumented migrants. They are a vulnerable target group. Their lack of knowledge about their rights, precautions and available assistance makes them particularly vulnerable. Victims of human trafficking have often experienced degrading living and/or working conditions and a loss of control over their lives. This often leads to long-term psychological and physical problems.|Q: How can you spot human trafficking? A: * If people are forced to work in unsafe conditions, are paid far too little, or have to work extremely long hours, then this is exploitation.
* If exploitation is accompanied by coercion or is a result of deception, it may also be a case of human trafficking.
* Even if you do not have a residence permit or passport, you have rights in the Netherlands. You have the right to a fair wage and to file a report with the police if you are getting exploited.|Q: Who to contact if you think somebody is victim of Human trafficking? A: In case you think somebody is victim of human trafficking, then always discuss the case with piket or with your Team Captain.|Q: I have work problems (for example, I am not payed, I am not treated well) A: Also when people are undocumented, they still have work rights. 

For questions about labour rights you can share the flyer 'Know your rights when you work' with the person affected:
- [English](https://www.comensha.nl/media/rtbj5ggv/2026-know-your-rights-flyer-geen-verblijfsstatus-eng.pdf) 
- [Dutch](https://www.comensha.nl/media/lwvbm1sm/2026-know-your-rights-flyer-geen-verblijfsstatus-nl.pdf) 
- [Arabic](https://www.comensha.nl/media/y52f42oz/2026-know-your-rights-flyer-geen-verblijfsstatus-ar.pdf) 
- [Portuguese](https://www.comensha.nl/media/igqeeotx/2026-know-your-rights-flyer-geen-verblijfsstatus-po.pdf) 
- [French](https://www.comensha.nl/media/g5zl4y2t/2026-know-your-rights-flyer-geen-verblijfsstatus-fr.pdf) 
- [Spanish](https://www.comensha.nl/media/obpfh0nt/2026-know-your-rights-flyer-geen-verblijfsstatus-esp.pdf) 
- [Indonesian](https://www.comensha.nl/media/hablxzvb/2026-know-your-rights-flyer-geen-verblijfsstatus-bahasa.pdf) 
- [Tagalog](https://www.comensha.nl/media/skdj3gdb/2026-know-your-rights-flyer-geen-verblijfsstatus-tag.pdf)

An important organization that can help when people are mistreated is FairWork.FairWork is specialized in helping people who have problems at work and/or people who are affected by labour exploitation or human trafficking. If the PA shows signs of labour exploitation/human trafficking, you can ask the following questions:

- Can you tell me more about your work environment?
- Are the work conditions as you expected?
- Do you feel safe at work?
- Does your employer treat you badly?
- Are you being forced to do work against your will?

1. If the situation **does not seem urgent:** Send the contact information of FairWork as well as the flyer below. 
2. If the situation is serious and **needs a follow up:** You can make a warm referral: ask for permission to share the phone number of the PA with FairWork, so that the organisation can reach out to the PA directly. Explain to the PA what FairWork does and that someone from the organisation will reach out to them in the following days. If they give approval, contact your TC and explain the situation. They can contact FairWork.
3. If the situation **needs immediate attention:** Inform the TC and they will call FairWork themselves to request help for the PA immediately.

https://www.fairwork.nu/en/homepage/ 
Phone: +31 20 760 08 09
|Q: What can I do if I want to do volunteer work? A: Also volunteer work is complicated when somebody is undocumented. The Red Cross doesn’t provide this service in general for people that are undocumented (for example becoming a Ready 2 Helper is not possible), but sometimes districts can have ideas, especially when they are more familiar with giving support to people that are undocumented. Therefore, first check what kind of volunteer work somebody is looking for. See if there is information on HIA under the category 'Activities'. If not, send somebody to day shelters, because there they work with volunteers or can advise somebody. Or you can also check with a district if they have ideas. 

Example of a message:

*It is really great that you want to do volunteer work. Unfortunately the Red Cross cannot work with volunteers without BSN. I am sorry about that. But I can think with you about what options there are. Can you therefore tell me a bit more about the work you would like to do? And where you are staying?*|Q: Do childeren that are UM have the right to get education? A: Children are even required to attend school until the age of 18! Children aged 5 to 18 must go to school until they have achieved a basic qualification (havo, vwo or mbo diploma level 2 or higher [Dutch school certificates]). Even if your child does not have a residence permit, they are still required to attend school. Children can register at all schools. Public schools are not allowed to refuse them. Special schools (such as Christian or Islamic schools) can. School education is free. In some cities, the Leergeld foundation (https://www.leergeld.nl/) provides assistance in paying for tutoring, laptops and school trips.",
"If an undocumented worker faces coercion and unsafe conditions, could this indicate human trafficking?",,"Yes, if an undocumented worker faces coercion and unsafe conditions, this could indicate human trafficking. Exploitation combined with coercion or deception is a sign of human trafficking. Even without a residence permit, the worker has rights in the Netherlands, including the right to a fair wage and to report exploitation to the police. If you suspect human trafficking, always discuss the case with your Team Captain or piket.","Q: What are important support organizations for returning back to country of origin? A: There are different organizations that can help with return back to country of origin. You can find information about this on HIA: https://helpfulinformation.redcross.nl/|Q: What can the Red Cross do? A: The Red Cross does not provide legal support. We can only refer people to the right organizations that have more knowledge about the legal procedures.|Q: Which other organizations can be helpful? A: People can also contact the helpdesk of Stichting LOS if they want juridical advise: https://www.stichtinglos.nl/content/contact . For questions that have nothing to do with their residence permit / legal stay, they can also go to a Juridisch Loket: https://www.juridischloket.nl/contact/. |Q: Can I contact the police? A: Even without a residence permit or passport, you have the right to report a crime in the Netherlands without being deported immediately. If you are the victim of a crime in the Netherlands, you can always report it. The police are obliged to deal with every report.

**For internal use only:** Make sure that you stress that PA has the right to go to the police without being deported. Sometimes people don't know this, while they are a vulnerable group that can be a victim of crime more easily.

**Please note: the police also have the task of deporting undocumented migrants. Therefore, it is advisable for undocumented migrants to make an appointment with the police together with an aid worker. This is to avoid misunderstandings or unjustified deportation.**|Q: What does human trafficking entail? A: Human traffickers take advantage of the dependency of undocumented migrants. They are a vulnerable target group. Their lack of knowledge about their rights, precautions and available assistance makes them particularly vulnerable. Victims of human trafficking have often experienced degrading living and/or working conditions and a loss of control over their lives. This often leads to long-term psychological and physical problems.|Q: How can you spot human trafficking? A: * If people are forced to work in unsafe conditions, are paid far too little, or have to work extremely long hours, then this is exploitation.
* If exploitation is accompanied by coercion or is a result of deception, it may also be a case of human trafficking.
* Even if you do not have a residence permit or passport, you have rights in the Netherlands. You have the right to a fair wage and to file a report with the police if you are getting exploited.|Q: Who to contact if you think somebody is victim of Human trafficking? A: In case you think somebody is victim of human trafficking, then always discuss the case with piket or with your Team Captain.|Q: I have work problems (for example, I am not payed, I am not treated well) A: Also when people are undocumented, they still have work rights. 

For questions about labour rights you can share the flyer 'Know your rights when you work' with the person affected:
- [English](https://www.comensha.nl/media/rtbj5ggv/2026-know-your-rights-flyer-geen-verblijfsstatus-eng.pdf) 
- [Dutch](https://www.comensha.nl/media/lwvbm1sm/2026-know-your-rights-flyer-geen-verblijfsstatus-nl.pdf) 
- [Arabic](https://www.comensha.nl/media/y52f42oz/2026-know-your-rights-flyer-geen-verblijfsstatus-ar.pdf) 
- [Portuguese](https://www.comensha.nl/media/igqeeotx/2026-know-your-rights-flyer-geen-verblijfsstatus-po.pdf) 
- [French](https://www.comensha.nl/media/g5zl4y2t/2026-know-your-rights-flyer-geen-verblijfsstatus-fr.pdf) 
- [Spanish](https://www.comensha.nl/media/obpfh0nt/2026-know-your-rights-flyer-geen-verblijfsstatus-esp.pdf) 
- [Indonesian](https://www.comensha.nl/media/hablxzvb/2026-know-your-rights-flyer-geen-verblijfsstatus-bahasa.pdf) 
- [Tagalog](https://www.comensha.nl/media/skdj3gdb/2026-know-your-rights-flyer-geen-verblijfsstatus-tag.pdf)

An important organization that can help when people are mistreated is FairWork.FairWork is specialized in helping people who have problems at work and/or people who are affected by labour exploitation or human trafficking. If the PA shows signs of labour exploitation/human trafficking, you can ask the following questions:

- Can you tell me more about your work environment?
- Are the work conditions as you expected?
- Do you feel safe at work?
- Does your employer treat you badly?
- Are you being forced to do work against your will?

1. If the situation **does not seem urgent:** Send the contact information of FairWork as well as the flyer below. 
2. If the situation is serious and **needs a follow up:** You can make a warm referral: ask for permission to share the phone number of the PA with FairWork, so that the organisation can reach out to the PA directly. Explain to the PA what FairWork does and that someone from the organisation will reach out to them in the following days. If they give approval, contact your TC and explain the situation. They can contact FairWork.
3. If the situation **needs immediate attention:** Inform the TC and they will call FairWork themselves to request help for the PA immediately.

https://www.fairwork.nu/en/homepage/ 
Phone: +31 20 760 08 09
|Q: What can I do if I want to do volunteer work? A: Also volunteer work is complicated when somebody is undocumented. The Red Cross doesn’t provide this service in general for people that are undocumented (for example becoming a Ready 2 Helper is not possible), but sometimes districts can have ideas, especially when they are more familiar with giving support to people that are undocumented. Therefore, first check what kind of volunteer work somebody is looking for. See if there is information on HIA under the category 'Activities'. If not, send somebody to day shelters, because there they work with volunteers or can advise somebody. Or you can also check with a district if they have ideas. 

Example of a message:

*It is really great that you want to do volunteer work. Unfortunately the Red Cross cannot work with volunteers without BSN. I am sorry about that. But I can think with you about what options there are. Can you therefore tell me a bit more about the work you would like to do? And where you are staying?*|Q: Do childeren that are UM have the right to get education? A: Children are even required to attend school until the age of 18! Children aged 5 to 18 must go to school until they have achieved a basic qualification (havo, vwo or mbo diploma level 2 or higher [Dutch school certificates]). Even if your child does not have a residence permit, they are still required to attend school. Children can register at all schools. Public schools are not allowed to refuse them. Special schools (such as Christian or Islamic schools) can. School education is free. In some cities, the Leergeld foundation (https://www.leergeld.nl/) provides assistance in paying for tutoring, laptops and school trips.",
"If exploitation, coercion, or deception is suspected, whom should you consult and inform within your team?",,"If you suspect exploitation, coercion, or deception (possible human trafficking), you should always discuss the case with piket or your Team Captain.","Q: What are important support organizations for returning back to country of origin? A: There are different organizations that can help with return back to country of origin. You can find information about this on HIA: https://helpfulinformation.redcross.nl/|Q: What can the Red Cross do? A: The Red Cross does not provide legal support. We can only refer people to the right organizations that have more knowledge about the legal procedures.|Q: Which other organizations can be helpful? A: People can also contact the helpdesk of Stichting LOS if they want juridical advise: https://www.stichtinglos.nl/content/contact . For questions that have nothing to do with their residence permit / legal stay, they can also go to a Juridisch Loket: https://www.juridischloket.nl/contact/. |Q: Can I contact the police? A: Even without a residence permit or passport, you have the right to report a crime in the Netherlands without being deported immediately. If you are the victim of a crime in the Netherlands, you can always report it. The police are obliged to deal with every report.

**For internal use only:** Make sure that you stress that PA has the right to go to the police without being deported. Sometimes people don't know this, while they are a vulnerable group that can be a victim of crime more easily.

**Please note: the police also have the task of deporting undocumented migrants. Therefore, it is advisable for undocumented migrants to make an appointment with the police together with an aid worker. This is to avoid misunderstandings or unjustified deportation.**|Q: What does human trafficking entail? A: Human traffickers take advantage of the dependency of undocumented migrants. They are a vulnerable target group. Their lack of knowledge about their rights, precautions and available assistance makes them particularly vulnerable. Victims of human trafficking have often experienced degrading living and/or working conditions and a loss of control over their lives. This often leads to long-term psychological and physical problems.|Q: How can you spot human trafficking? A: * If people are forced to work in unsafe conditions, are paid far too little, or have to work extremely long hours, then this is exploitation.
* If exploitation is accompanied by coercion or is a result of deception, it may also be a case of human trafficking.
* Even if you do not have a residence permit or passport, you have rights in the Netherlands. You have the right to a fair wage and to file a report with the police if you are getting exploited.|Q: Who to contact if you think somebody is victim of Human trafficking? A: In case you think somebody is victim of human trafficking, then always discuss the case with piket or with your Team Captain.|Q: I have work problems (for example, I am not payed, I am not treated well) A: Also when people are undocumented, they still have work rights. 

For questions about labour rights you can share the flyer 'Know your rights when you work' with the person affected:
- [English](https://www.comensha.nl/media/rtbj5ggv/2026-know-your-rights-flyer-geen-verblijfsstatus-eng.pdf) 
- [Dutch](https://www.comensha.nl/media/lwvbm1sm/2026-know-your-rights-flyer-geen-verblijfsstatus-nl.pdf) 
- [Arabic](https://www.comensha.nl/media/y52f42oz/2026-know-your-rights-flyer-geen-verblijfsstatus-ar.pdf) 
- [Portuguese](https://www.comensha.nl/media/igqeeotx/2026-know-your-rights-flyer-geen-verblijfsstatus-po.pdf) 
- [French](https://www.comensha.nl/media/g5zl4y2t/2026-know-your-rights-flyer-geen-verblijfsstatus-fr.pdf) 
- [Spanish](https://www.comensha.nl/media/obpfh0nt/2026-know-your-rights-flyer-geen-verblijfsstatus-esp.pdf) 
- [Indonesian](https://www.comensha.nl/media/hablxzvb/2026-know-your-rights-flyer-geen-verblijfsstatus-bahasa.pdf) 
- [Tagalog](https://www.comensha.nl/media/skdj3gdb/2026-know-your-rights-flyer-geen-verblijfsstatus-tag.pdf)

An important organization that can help when people are mistreated is FairWork.FairWork is specialized in helping people who have problems at work and/or people who are affected by labour exploitation or human trafficking. If the PA shows signs of labour exploitation/human trafficking, you can ask the following questions:

- Can you tell me more about your work environment?
- Are the work conditions as you expected?
- Do you feel safe at work?
- Does your employer treat you badly?
- Are you being forced to do work against your will?

1. If the situation **does not seem urgent:** Send the contact information of FairWork as well as the flyer below. 
2. If the situation is serious and **needs a follow up:** You can make a warm referral: ask for permission to share the phone number of the PA with FairWork, so that the organisation can reach out to the PA directly. Explain to the PA what FairWork does and that someone from the organisation will reach out to them in the following days. If they give approval, contact your TC and explain the situation. They can contact FairWork.
3. If the situation **needs immediate attention:** Inform the TC and they will call FairWork themselves to request help for the PA immediately.

https://www.fairwork.nu/en/homepage/ 
Phone: +31 20 760 08 09
|Q: What can I do if I want to do volunteer work? A: Also volunteer work is complicated when somebody is undocumented. The Red Cross doesn’t provide this service in general for people that are undocumented (for example becoming a Ready 2 Helper is not possible), but sometimes districts can have ideas, especially when they are more familiar with giving support to people that are undocumented. Therefore, first check what kind of volunteer work somebody is looking for. See if there is information on HIA under the category 'Activities'. If not, send somebody to day shelters, because there they work with volunteers or can advise somebody. Or you can also check with a district if they have ideas. 

Example of a message:

*It is really great that you want to do volunteer work. Unfortunately the Red Cross cannot work with volunteers without BSN. I am sorry about that. But I can think with you about what options there are. Can you therefore tell me a bit more about the work you would like to do? And where you are staying?*|Q: Do childeren that are UM have the right to get education? A: Children are even required to attend school until the age of 18! Children aged 5 to 18 must go to school until they have achieved a basic qualification (havo, vwo or mbo diploma level 2 or higher [Dutch school certificates]). Even if your child does not have a residence permit, they are still required to attend school. Children can register at all schools. Public schools are not allowed to refuse them. Special schools (such as Christian or Islamic schools) can. School education is free. In some cities, the Leergeld foundation (https://www.leergeld.nl/) provides assistance in paying for tutoring, laptops and school trips.",
"If an undocumented worker faces exploitation, what protections and support could they access in NL?",,"Undocumented workers in the Netherlands still have rights and protections, even without a residence permit. If they face exploitation, they have the right to a fair wage and can report exploitation to the police without being deported immediately. It is recommended to go to the police together with an aid worker to avoid misunderstandings.

For support, they can contact FairWork, an organization specialized in helping people with work problems, labour exploitation, or human trafficking (https://www.fairwork.nu/en/homepage/, phone: +31 20 760 08 09). They can also access information about their labour rights in multiple languages through the 'Know your rights when you work' flyer. If the situation is urgent, a warm referral to FairWork can be made with the help of a team captain.","Q: What are important support organizations for returning back to country of origin? A: There are different organizations that can help with return back to country of origin. You can find information about this on HIA: https://helpfulinformation.redcross.nl/|Q: What can the Red Cross do? A: The Red Cross does not provide legal support. We can only refer people to the right organizations that have more knowledge about the legal procedures.|Q: Which other organizations can be helpful? A: People can also contact the helpdesk of Stichting LOS if they want juridical advise: https://www.stichtinglos.nl/content/contact . For questions that have nothing to do with their residence permit / legal stay, they can also go to a Juridisch Loket: https://www.juridischloket.nl/contact/. |Q: Can I contact the police? A: Even without a residence permit or passport, you have the right to report a crime in the Netherlands without being deported immediately. If you are the victim of a crime in the Netherlands, you can always report it. The police are obliged to deal with every report.

**For internal use only:** Make sure that you stress that PA has the right to go to the police without being deported. Sometimes people don't know this, while they are a vulnerable group that can be a victim of crime more easily.

**Please note: the police also have the task of deporting undocumented migrants. Therefore, it is advisable for undocumented migrants to make an appointment with the police together with an aid worker. This is to avoid misunderstandings or unjustified deportation.**|Q: What does human trafficking entail? A: Human traffickers take advantage of the dependency of undocumented migrants. They are a vulnerable target group. Their lack of knowledge about their rights, precautions and available assistance makes them particularly vulnerable. Victims of human trafficking have often experienced degrading living and/or working conditions and a loss of control over their lives. This often leads to long-term psychological and physical problems.|Q: How can you spot human trafficking? A: * If people are forced to work in unsafe conditions, are paid far too little, or have to work extremely long hours, then this is exploitation.
* If exploitation is accompanied by coercion or is a result of deception, it may also be a case of human trafficking.
* Even if you do not have a residence permit or passport, you have rights in the Netherlands. You have the right to a fair wage and to file a report with the police if you are getting exploited.|Q: Who to contact if you think somebody is victim of Human trafficking? A: In case you think somebody is victim of human trafficking, then always discuss the case with piket or with your Team Captain.|Q: I have work problems (for example, I am not payed, I am not treated well) A: Also when people are undocumented, they still have work rights. 

For questions about labour rights you can share the flyer 'Know your rights when you work' with the person affected:
- [English](https://www.comensha.nl/media/rtbj5ggv/2026-know-your-rights-flyer-geen-verblijfsstatus-eng.pdf) 
- [Dutch](https://www.comensha.nl/media/lwvbm1sm/2026-know-your-rights-flyer-geen-verblijfsstatus-nl.pdf) 
- [Arabic](https://www.comensha.nl/media/y52f42oz/2026-know-your-rights-flyer-geen-verblijfsstatus-ar.pdf) 
- [Portuguese](https://www.comensha.nl/media/igqeeotx/2026-know-your-rights-flyer-geen-verblijfsstatus-po.pdf) 
- [French](https://www.comensha.nl/media/g5zl4y2t/2026-know-your-rights-flyer-geen-verblijfsstatus-fr.pdf) 
- [Spanish](https://www.comensha.nl/media/obpfh0nt/2026-know-your-rights-flyer-geen-verblijfsstatus-esp.pdf) 
- [Indonesian](https://www.comensha.nl/media/hablxzvb/2026-know-your-rights-flyer-geen-verblijfsstatus-bahasa.pdf) 
- [Tagalog](https://www.comensha.nl/media/skdj3gdb/2026-know-your-rights-flyer-geen-verblijfsstatus-tag.pdf)

An important organization that can help when people are mistreated is FairWork.FairWork is specialized in helping people who have problems at work and/or people who are affected by labour exploitation or human trafficking. If the PA shows signs of labour exploitation/human trafficking, you can ask the following questions:

- Can you tell me more about your work environment?
- Are the work conditions as you expected?
- Do you feel safe at work?
- Does your employer treat you badly?
- Are you being forced to do work against your will?

1. If the situation **does not seem urgent:** Send the contact information of FairWork as well as the flyer below. 
2. If the situation is serious and **needs a follow up:** You can make a warm referral: ask for permission to share the phone number of the PA with FairWork, so that the organisation can reach out to the PA directly. Explain to the PA what FairWork does and that someone from the organisation will reach out to them in the following days. If they give approval, contact your TC and explain the situation. They can contact FairWork.
3. If the situation **needs immediate attention:** Inform the TC and they will call FairWork themselves to request help for the PA immediately.

https://www.fairwork.nu/en/homepage/ 
Phone: +31 20 760 08 09
|Q: What can I do if I want to do volunteer work? A: Also volunteer work is complicated when somebody is undocumented. The Red Cross doesn’t provide this service in general for people that are undocumented (for example becoming a Ready 2 Helper is not possible), but sometimes districts can have ideas, especially when they are more familiar with giving support to people that are undocumented. Therefore, first check what kind of volunteer work somebody is looking for. See if there is information on HIA under the category 'Activities'. If not, send somebody to day shelters, because there they work with volunteers or can advise somebody. Or you can also check with a district if they have ideas. 

Example of a message:

*It is really great that you want to do volunteer work. Unfortunately the Red Cross cannot work with volunteers without BSN. I am sorry about that. But I can think with you about what options there are. Can you therefore tell me a bit more about the work you would like to do? And where you are staying?*|Q: Do childeren that are UM have the right to get education? A: Children are even required to attend school until the age of 18! Children aged 5 to 18 must go to school until they have achieved a basic qualification (havo, vwo or mbo diploma level 2 or higher [Dutch school certificates]). Even if your child does not have a residence permit, they are still required to attend school. Children can register at all schools. Public schools are not allowed to refuse them. Special schools (such as Christian or Islamic schools) can. School education is free. In some cities, the Leergeld foundation (https://www.leergeld.nl/) provides assistance in paying for tutoring, laptops and school trips.",
Where can undocumented PAs find multilingual labour rights info and support for exploitation or mistreatment?,,"Undocumented PAs can find multilingual information about their labour rights in the flyer 'Know your rights when you work,' available in several languages including English, Dutch, Arabic, Portuguese, French, Spanish, Indonesian, and Tagalog. The flyers can be accessed here:  
https://www.comensha.nl/ken-jouw-rechten

For support with exploitation or mistreatment at work, they can contact FairWork, an organization specialized in helping people with labour problems and exploitation. FairWork’s website is https://www.fairwork.nu/en/homepage/ and their phone number is +31 20 760 08 09.","Q: What are important support organizations for returning back to country of origin? A: There are different organizations that can help with return back to country of origin. You can find information about this on HIA: https://helpfulinformation.redcross.nl/|Q: What can the Red Cross do? A: The Red Cross does not provide legal support. We can only refer people to the right organizations that have more knowledge about the legal procedures.|Q: Which other organizations can be helpful? A: People can also contact the helpdesk of Stichting LOS if they want juridical advise: https://www.stichtinglos.nl/content/contact . For questions that have nothing to do with their residence permit / legal stay, they can also go to a Juridisch Loket: https://www.juridischloket.nl/contact/. |Q: Can I contact the police? A: Even without a residence permit or passport, you have the right to report a crime in the Netherlands without being deported immediately. If you are the victim of a crime in the Netherlands, you can always report it. The police are obliged to deal with every report.

**For internal use only:** Make sure that you stress that PA has the right to go to the police without being deported. Sometimes people don't know this, while they are a vulnerable group that can be a victim of crime more easily.

**Please note: the police also have the task of deporting undocumented migrants. Therefore, it is advisable for undocumented migrants to make an appointment with the police together with an aid worker. This is to avoid misunderstandings or unjustified deportation.**|Q: What does human trafficking entail? A: Human traffickers take advantage of the dependency of undocumented migrants. They are a vulnerable target group. Their lack of knowledge about their rights, precautions and available assistance makes them particularly vulnerable. Victims of human trafficking have often experienced degrading living and/or working conditions and a loss of control over their lives. This often leads to long-term psychological and physical problems.|Q: How can you spot human trafficking? A: * If people are forced to work in unsafe conditions, are paid far too little, or have to work extremely long hours, then this is exploitation.
* If exploitation is accompanied by coercion or is a result of deception, it may also be a case of human trafficking.
* Even if you do not have a residence permit or passport, you have rights in the Netherlands. You have the right to a fair wage and to file a report with the police if you are getting exploited.|Q: Who to contact if you think somebody is victim of Human trafficking? A: In case you think somebody is victim of human trafficking, then always discuss the case with piket or with your Team Captain.|Q: I have work problems (for example, I am not payed, I am not treated well) A: Also when people are undocumented, they still have work rights. 

For questions about labour rights you can share the flyer 'Know your rights when you work' with the person affected:
- [English](https://www.comensha.nl/media/rtbj5ggv/2026-know-your-rights-flyer-geen-verblijfsstatus-eng.pdf) 
- [Dutch](https://www.comensha.nl/media/lwvbm1sm/2026-know-your-rights-flyer-geen-verblijfsstatus-nl.pdf) 
- [Arabic](https://www.comensha.nl/media/y52f42oz/2026-know-your-rights-flyer-geen-verblijfsstatus-ar.pdf) 
- [Portuguese](https://www.comensha.nl/media/igqeeotx/2026-know-your-rights-flyer-geen-verblijfsstatus-po.pdf) 
- [French](https://www.comensha.nl/media/g5zl4y2t/2026-know-your-rights-flyer-geen-verblijfsstatus-fr.pdf) 
- [Spanish](https://www.comensha.nl/media/obpfh0nt/2026-know-your-rights-flyer-geen-verblijfsstatus-esp.pdf) 
- [Indonesian](https://www.comensha.nl/media/hablxzvb/2026-know-your-rights-flyer-geen-verblijfsstatus-bahasa.pdf) 
- [Tagalog](https://www.comensha.nl/media/skdj3gdb/2026-know-your-rights-flyer-geen-verblijfsstatus-tag.pdf)

An important organization that can help when people are mistreated is FairWork.FairWork is specialized in helping people who have problems at work and/or people who are affected by labour exploitation or human trafficking. If the PA shows signs of labour exploitation/human trafficking, you can ask the following questions:

- Can you tell me more about your work environment?
- Are the work conditions as you expected?
- Do you feel safe at work?
- Does your employer treat you badly?
- Are you being forced to do work against your will?

1. If the situation **does not seem urgent:** Send the contact information of FairWork as well as the flyer below. 
2. If the situation is serious and **needs a follow up:** You can make a warm referral: ask for permission to share the phone number of the PA with FairWork, so that the organisation can reach out to the PA directly. Explain to the PA what FairWork does and that someone from the organisation will reach out to them in the following days. If they give approval, contact your TC and explain the situation. They can contact FairWork.
3. If the situation **needs immediate attention:** Inform the TC and they will call FairWork themselves to request help for the PA immediately.

https://www.fairwork.nu/en/homepage/ 
Phone: +31 20 760 08 09
|Q: What can I do if I want to do volunteer work? A: Also volunteer work is complicated when somebody is undocumented. The Red Cross doesn’t provide this service in general for people that are undocumented (for example becoming a Ready 2 Helper is not possible), but sometimes districts can have ideas, especially when they are more familiar with giving support to people that are undocumented. Therefore, first check what kind of volunteer work somebody is looking for. See if there is information on HIA under the category 'Activities'. If not, send somebody to day shelters, because there they work with volunteers or can advise somebody. Or you can also check with a district if they have ideas. 

Example of a message:

*It is really great that you want to do volunteer work. Unfortunately the Red Cross cannot work with volunteers without BSN. I am sorry about that. But I can think with you about what options there are. Can you therefore tell me a bit more about the work you would like to do? And where you are staying?*|Q: Do childeren that are UM have the right to get education? A: Children are even required to attend school until the age of 18! Children aged 5 to 18 must go to school until they have achieved a basic qualification (havo, vwo or mbo diploma level 2 or higher [Dutch school certificates]). Even if your child does not have a residence permit, they are still required to attend school. Children can register at all schools. Public schools are not allowed to refuse them. Special schools (such as Christian or Islamic schools) can. School education is free. In some cities, the Leergeld foundation (https://www.leergeld.nl/) provides assistance in paying for tutoring, laptops and school trips.",
"If experiencing workplace exploitation, which orgs and steps address both urgent and non-urgent cases?",,"If you are experiencing workplace exploitation, FairWork is the main organization that can help. For non-urgent situations, share FairWork’s contact details and the “Know your rights when you work” flyer (available in multiple languages). For serious cases needing follow-up, ask for permission to share your contact details with FairWork so they can reach out directly, and inform your Team Captain (TC). For urgent cases, inform your TC immediately—they will contact FairWork for direct help. FairWork specializes in supporting people facing labour exploitation or human trafficking. More info: https://www.fairwork.nu/en/homepage/ Phone: +31 20 760 08 09.","Q: What are important support organizations for returning back to country of origin? A: There are different organizations that can help with return back to country of origin. You can find information about this on HIA: https://helpfulinformation.redcross.nl/|Q: What can the Red Cross do? A: The Red Cross does not provide legal support. We can only refer people to the right organizations that have more knowledge about the legal procedures.|Q: Which other organizations can be helpful? A: People can also contact the helpdesk of Stichting LOS if they want juridical advise: https://www.stichtinglos.nl/content/contact . For questions that have nothing to do with their residence permit / legal stay, they can also go to a Juridisch Loket: https://www.juridischloket.nl/contact/. |Q: Can I contact the police? A: Even without a residence permit or passport, you have the right to report a crime in the Netherlands without being deported immediately. If you are the victim of a crime in the Netherlands, you can always report it. The police are obliged to deal with every report.

**For internal use only:** Make sure that you stress that PA has the right to go to the police without being deported. Sometimes people don't know this, while they are a vulnerable group that can be a victim of crime more easily.

**Please note: the police also have the task of deporting undocumented migrants. Therefore, it is advisable for undocumented migrants to make an appointment with the police together with an aid worker. This is to avoid misunderstandings or unjustified deportation.**|Q: What does human trafficking entail? A: Human traffickers take advantage of the dependency of undocumented migrants. They are a vulnerable target group. Their lack of knowledge about their rights, precautions and available assistance makes them particularly vulnerable. Victims of human trafficking have often experienced degrading living and/or working conditions and a loss of control over their lives. This often leads to long-term psychological and physical problems.|Q: How can you spot human trafficking? A: * If people are forced to work in unsafe conditions, are paid far too little, or have to work extremely long hours, then this is exploitation.
* If exploitation is accompanied by coercion or is a result of deception, it may also be a case of human trafficking.
* Even if you do not have a residence permit or passport, you have rights in the Netherlands. You have the right to a fair wage and to file a report with the police if you are getting exploited.|Q: Who to contact if you think somebody is victim of Human trafficking? A: In case you think somebody is victim of human trafficking, then always discuss the case with piket or with your Team Captain.|Q: I have work problems (for example, I am not payed, I am not treated well) A: Also when people are undocumented, they still have work rights. 

For questions about labour rights you can share the flyer 'Know your rights when you work' with the person affected:
- [English](https://www.comensha.nl/media/rtbj5ggv/2026-know-your-rights-flyer-geen-verblijfsstatus-eng.pdf) 
- [Dutch](https://www.comensha.nl/media/lwvbm1sm/2026-know-your-rights-flyer-geen-verblijfsstatus-nl.pdf) 
- [Arabic](https://www.comensha.nl/media/y52f42oz/2026-know-your-rights-flyer-geen-verblijfsstatus-ar.pdf) 
- [Portuguese](https://www.comensha.nl/media/igqeeotx/2026-know-your-rights-flyer-geen-verblijfsstatus-po.pdf) 
- [French](https://www.comensha.nl/media/g5zl4y2t/2026-know-your-rights-flyer-geen-verblijfsstatus-fr.pdf) 
- [Spanish](https://www.comensha.nl/media/obpfh0nt/2026-know-your-rights-flyer-geen-verblijfsstatus-esp.pdf) 
- [Indonesian](https://www.comensha.nl/media/hablxzvb/2026-know-your-rights-flyer-geen-verblijfsstatus-bahasa.pdf) 
- [Tagalog](https://www.comensha.nl/media/skdj3gdb/2026-know-your-rights-flyer-geen-verblijfsstatus-tag.pdf)

An important organization that can help when people are mistreated is FairWork.FairWork is specialized in helping people who have problems at work and/or people who are affected by labour exploitation or human trafficking. If the PA shows signs of labour exploitation/human trafficking, you can ask the following questions:

- Can you tell me more about your work environment?
- Are the work conditions as you expected?
- Do you feel safe at work?
- Does your employer treat you badly?
- Are you being forced to do work against your will?

1. If the situation **does not seem urgent:** Send the contact information of FairWork as well as the flyer below. 
2. If the situation is serious and **needs a follow up:** You can make a warm referral: ask for permission to share the phone number of the PA with FairWork, so that the organisation can reach out to the PA directly. Explain to the PA what FairWork does and that someone from the organisation will reach out to them in the following days. If they give approval, contact your TC and explain the situation. They can contact FairWork.
3. If the situation **needs immediate attention:** Inform the TC and they will call FairWork themselves to request help for the PA immediately.

https://www.fairwork.nu/en/homepage/ 
Phone: +31 20 760 08 09
|Q: What can I do if I want to do volunteer work? A: Also volunteer work is complicated when somebody is undocumented. The Red Cross doesn’t provide this service in general for people that are undocumented (for example becoming a Ready 2 Helper is not possible), but sometimes districts can have ideas, especially when they are more familiar with giving support to people that are undocumented. Therefore, first check what kind of volunteer work somebody is looking for. See if there is information on HIA under the category 'Activities'. If not, send somebody to day shelters, because there they work with volunteers or can advise somebody. Or you can also check with a district if they have ideas. 

Example of a message:

*It is really great that you want to do volunteer work. Unfortunately the Red Cross cannot work with volunteers without BSN. I am sorry about that. But I can think with you about what options there are. Can you therefore tell me a bit more about the work you would like to do? And where you are staying?*|Q: Do childeren that are UM have the right to get education? A: Children are even required to attend school until the age of 18! Children aged 5 to 18 must go to school until they have achieved a basic qualification (havo, vwo or mbo diploma level 2 or higher [Dutch school certificates]). Even if your child does not have a residence permit, they are still required to attend school. Children can register at all schools. Public schools are not allowed to refuse them. Special schools (such as Christian or Islamic schools) can. School education is free. In some cities, the Leergeld foundation (https://www.leergeld.nl/) provides assistance in paying for tutoring, laptops and school trips.",
"Can undocumented ppl do volunteer work with the Red Cross, and are there district-specific exceptions/alternatives?",,"Undocumented people generally cannot do volunteer work with the Red Cross, as a BSN (citizen service number) is required. However, sometimes local districts may have ideas or alternatives, especially if they are experienced in supporting undocumented people. It’s best to ask what kind of volunteer work the person is interested in and where they are staying, then check with the district or refer them to day shelters, which often work with volunteers or can advise on options.","Q: What are important support organizations for returning back to country of origin? A: There are different organizations that can help with return back to country of origin. You can find information about this on HIA: https://helpfulinformation.redcross.nl/|Q: What can the Red Cross do? A: The Red Cross does not provide legal support. We can only refer people to the right organizations that have more knowledge about the legal procedures.|Q: Which other organizations can be helpful? A: People can also contact the helpdesk of Stichting LOS if they want juridical advise: https://www.stichtinglos.nl/content/contact . For questions that have nothing to do with their residence permit / legal stay, they can also go to a Juridisch Loket: https://www.juridischloket.nl/contact/. |Q: Can I contact the police? A: Even without a residence permit or passport, you have the right to report a crime in the Netherlands without being deported immediately. If you are the victim of a crime in the Netherlands, you can always report it. The police are obliged to deal with every report.

**For internal use only:** Make sure that you stress that PA has the right to go to the police without being deported. Sometimes people don't know this, while they are a vulnerable group that can be a victim of crime more easily.

**Please note: the police also have the task of deporting undocumented migrants. Therefore, it is advisable for undocumented migrants to make an appointment with the police together with an aid worker. This is to avoid misunderstandings or unjustified deportation.**|Q: What does human trafficking entail? A: Human traffickers take advantage of the dependency of undocumented migrants. They are a vulnerable target group. Their lack of knowledge about their rights, precautions and available assistance makes them particularly vulnerable. Victims of human trafficking have often experienced degrading living and/or working conditions and a loss of control over their lives. This often leads to long-term psychological and physical problems.|Q: How can you spot human trafficking? A: * If people are forced to work in unsafe conditions, are paid far too little, or have to work extremely long hours, then this is exploitation.
* If exploitation is accompanied by coercion or is a result of deception, it may also be a case of human trafficking.
* Even if you do not have a residence permit or passport, you have rights in the Netherlands. You have the right to a fair wage and to file a report with the police if you are getting exploited.|Q: Who to contact if you think somebody is victim of Human trafficking? A: In case you think somebody is victim of human trafficking, then always discuss the case with piket or with your Team Captain.|Q: I have work problems (for example, I am not payed, I am not treated well) A: Also when people are undocumented, they still have work rights. 

For questions about labour rights you can share the flyer 'Know your rights when you work' with the person affected:
- [English](https://www.comensha.nl/media/rtbj5ggv/2026-know-your-rights-flyer-geen-verblijfsstatus-eng.pdf) 
- [Dutch](https://www.comensha.nl/media/lwvbm1sm/2026-know-your-rights-flyer-geen-verblijfsstatus-nl.pdf) 
- [Arabic](https://www.comensha.nl/media/y52f42oz/2026-know-your-rights-flyer-geen-verblijfsstatus-ar.pdf) 
- [Portuguese](https://www.comensha.nl/media/igqeeotx/2026-know-your-rights-flyer-geen-verblijfsstatus-po.pdf) 
- [French](https://www.comensha.nl/media/g5zl4y2t/2026-know-your-rights-flyer-geen-verblijfsstatus-fr.pdf) 
- [Spanish](https://www.comensha.nl/media/obpfh0nt/2026-know-your-rights-flyer-geen-verblijfsstatus-esp.pdf) 
- [Indonesian](https://www.comensha.nl/media/hablxzvb/2026-know-your-rights-flyer-geen-verblijfsstatus-bahasa.pdf) 
- [Tagalog](https://www.comensha.nl/media/skdj3gdb/2026-know-your-rights-flyer-geen-verblijfsstatus-tag.pdf)

An important organization that can help when people are mistreated is FairWork.FairWork is specialized in helping people who have problems at work and/or people who are affected by labour exploitation or human trafficking. If the PA shows signs of labour exploitation/human trafficking, you can ask the following questions:

- Can you tell me more about your work environment?
- Are the work conditions as you expected?
- Do you feel safe at work?
- Does your employer treat you badly?
- Are you being forced to do work against your will?

1. If the situation **does not seem urgent:** Send the contact information of FairWork as well as the flyer below. 
2. If the situation is serious and **needs a follow up:** You can make a warm referral: ask for permission to share the phone number of the PA with FairWork, so that the organisation can reach out to the PA directly. Explain to the PA what FairWork does and that someone from the organisation will reach out to them in the following days. If they give approval, contact your TC and explain the situation. They can contact FairWork.
3. If the situation **needs immediate attention:** Inform the TC and they will call FairWork themselves to request help for the PA immediately.

https://www.fairwork.nu/en/homepage/ 
Phone: +31 20 760 08 09
|Q: What can I do if I want to do volunteer work? A: Also volunteer work is complicated when somebody is undocumented. The Red Cross doesn’t provide this service in general for people that are undocumented (for example becoming a Ready 2 Helper is not possible), but sometimes districts can have ideas, especially when they are more familiar with giving support to people that are undocumented. Therefore, first check what kind of volunteer work somebody is looking for. See if there is information on HIA under the category 'Activities'. If not, send somebody to day shelters, because there they work with volunteers or can advise somebody. Or you can also check with a district if they have ideas. 

Example of a message:

*It is really great that you want to do volunteer work. Unfortunately the Red Cross cannot work with volunteers without BSN. I am sorry about that. But I can think with you about what options there are. Can you therefore tell me a bit more about the work you would like to do? And where you are staying?*|Q: Do childeren that are UM have the right to get education? A: Children are even required to attend school until the age of 18! Children aged 5 to 18 must go to school until they have achieved a basic qualification (havo, vwo or mbo diploma level 2 or higher [Dutch school certificates]). Even if your child does not have a residence permit, they are still required to attend school. Children can register at all schools. Public schools are not allowed to refuse them. Special schools (such as Christian or Islamic schools) can. School education is free. In some cities, the Leergeld foundation (https://www.leergeld.nl/) provides assistance in paying for tutoring, laptops and school trips.",
"Are UM children without residence permit required to attend school, and can public schools refuse them?",,"Yes, children without a residence permit are required to attend school in the Netherlands until the age of 18 or until they obtain a basic qualification (havo, vwo, or mbo level 2 diploma). Public schools cannot refuse them; all children can register at public schools regardless of their residence status.","Q: What are important support organizations for returning back to country of origin? A: There are different organizations that can help with return back to country of origin. You can find information about this on HIA: https://helpfulinformation.redcross.nl/|Q: What can the Red Cross do? A: The Red Cross does not provide legal support. We can only refer people to the right organizations that have more knowledge about the legal procedures.|Q: Which other organizations can be helpful? A: People can also contact the helpdesk of Stichting LOS if they want juridical advise: https://www.stichtinglos.nl/content/contact . For questions that have nothing to do with their residence permit / legal stay, they can also go to a Juridisch Loket: https://www.juridischloket.nl/contact/. |Q: Can I contact the police? A: Even without a residence permit or passport, you have the right to report a crime in the Netherlands without being deported immediately. If you are the victim of a crime in the Netherlands, you can always report it. The police are obliged to deal with every report.

**For internal use only:** Make sure that you stress that PA has the right to go to the police without being deported. Sometimes people don't know this, while they are a vulnerable group that can be a victim of crime more easily.

**Please note: the police also have the task of deporting undocumented migrants. Therefore, it is advisable for undocumented migrants to make an appointment with the police together with an aid worker. This is to avoid misunderstandings or unjustified deportation.**|Q: What does human trafficking entail? A: Human traffickers take advantage of the dependency of undocumented migrants. They are a vulnerable target group. Their lack of knowledge about their rights, precautions and available assistance makes them particularly vulnerable. Victims of human trafficking have often experienced degrading living and/or working conditions and a loss of control over their lives. This often leads to long-term psychological and physical problems.|Q: How can you spot human trafficking? A: * If people are forced to work in unsafe conditions, are paid far too little, or have to work extremely long hours, then this is exploitation.
* If exploitation is accompanied by coercion or is a result of deception, it may also be a case of human trafficking.
* Even if you do not have a residence permit or passport, you have rights in the Netherlands. You have the right to a fair wage and to file a report with the police if you are getting exploited.|Q: Who to contact if you think somebody is victim of Human trafficking? A: In case you think somebody is victim of human trafficking, then always discuss the case with piket or with your Team Captain.|Q: I have work problems (for example, I am not payed, I am not treated well) A: Also when people are undocumented, they still have work rights. 

For questions about labour rights you can share the flyer 'Know your rights when you work' with the person affected:
- [English](https://www.comensha.nl/media/rtbj5ggv/2026-know-your-rights-flyer-geen-verblijfsstatus-eng.pdf) 
- [Dutch](https://www.comensha.nl/media/lwvbm1sm/2026-know-your-rights-flyer-geen-verblijfsstatus-nl.pdf) 
- [Arabic](https://www.comensha.nl/media/y52f42oz/2026-know-your-rights-flyer-geen-verblijfsstatus-ar.pdf) 
- [Portuguese](https://www.comensha.nl/media/igqeeotx/2026-know-your-rights-flyer-geen-verblijfsstatus-po.pdf) 
- [French](https://www.comensha.nl/media/g5zl4y2t/2026-know-your-rights-flyer-geen-verblijfsstatus-fr.pdf) 
- [Spanish](https://www.comensha.nl/media/obpfh0nt/2026-know-your-rights-flyer-geen-verblijfsstatus-esp.pdf) 
- [Indonesian](https://www.comensha.nl/media/hablxzvb/2026-know-your-rights-flyer-geen-verblijfsstatus-bahasa.pdf) 
- [Tagalog](https://www.comensha.nl/media/skdj3gdb/2026-know-your-rights-flyer-geen-verblijfsstatus-tag.pdf)

An important organization that can help when people are mistreated is FairWork.FairWork is specialized in helping people who have problems at work and/or people who are affected by labour exploitation or human trafficking. If the PA shows signs of labour exploitation/human trafficking, you can ask the following questions:

- Can you tell me more about your work environment?
- Are the work conditions as you expected?
- Do you feel safe at work?
- Does your employer treat you badly?
- Are you being forced to do work against your will?

1. If the situation **does not seem urgent:** Send the contact information of FairWork as well as the flyer below. 
2. If the situation is serious and **needs a follow up:** You can make a warm referral: ask for permission to share the phone number of the PA with FairWork, so that the organisation can reach out to the PA directly. Explain to the PA what FairWork does and that someone from the organisation will reach out to them in the following days. If they give approval, contact your TC and explain the situation. They can contact FairWork.
3. If the situation **needs immediate attention:** Inform the TC and they will call FairWork themselves to request help for the PA immediately.

https://www.fairwork.nu/en/homepage/ 
Phone: +31 20 760 08 09
|Q: What can I do if I want to do volunteer work? A: Also volunteer work is complicated when somebody is undocumented. The Red Cross doesn’t provide this service in general for people that are undocumented (for example becoming a Ready 2 Helper is not possible), but sometimes districts can have ideas, especially when they are more familiar with giving support to people that are undocumented. Therefore, first check what kind of volunteer work somebody is looking for. See if there is information on HIA under the category 'Activities'. If not, send somebody to day shelters, because there they work with volunteers or can advise somebody. Or you can also check with a district if they have ideas. 

Example of a message:

*It is really great that you want to do volunteer work. Unfortunately the Red Cross cannot work with volunteers without BSN. I am sorry about that. But I can think with you about what options there are. Can you therefore tell me a bit more about the work you would like to do? And where you are staying?*|Q: Do childeren that are UM have the right to get education? A: Children are even required to attend school until the age of 18! Children aged 5 to 18 must go to school until they have achieved a basic qualification (havo, vwo or mbo diploma level 2 or higher [Dutch school certificates]). Even if your child does not have a residence permit, they are still required to attend school. Children can register at all schools. Public schools are not allowed to refuse them. Special schools (such as Christian or Islamic schools) can. School education is free. In some cities, the Leergeld foundation (https://www.leergeld.nl/) provides assistance in paying for tutoring, laptops and school trips.",
"Does the Red Cross distribute clothing directly to individuals, or only to shelter locations?",,"The Red Cross only provides clothing to shelter locations, not directly to individuals. If someone needs clothing, they are referred to other options found on HIA or by searching online.","Q: Does the Red Cross provide clothing? A: We don't provide clohting to individuals, only to shelter locations. Therefore, we cannot help somebody on our helpline directly, but we can only refer them to options that are found on HIA or by googling. Always check where somebody lives so you can give them the option most closeby. Find a list of options per city on HIA: https://helpfulinformation.redcross.nl/ |Q: Can I donate clothing to the Red Cross? A: The Red Cross cooperates with Sympany for collection of clothing donations and repurposing them. Via this link you can find the closest donationcontainer: https://www.sympany.nl/",
How does Red Cross’s partnership with Sympany facilitate clothing donations and local container access?,,"The Red Cross partners with Sympany to collect and repurpose clothing donations. Through this cooperation, individuals can easily find and use local clothing donation containers by visiting https://www.sympany.nl/ to locate the nearest container.","Q: Does the Red Cross provide clothing? A: We don't provide clohting to individuals, only to shelter locations. Therefore, we cannot help somebody on our helpline directly, but we can only refer them to options that are found on HIA or by googling. Always check where somebody lives so you can give them the option most closeby. Find a list of options per city on HIA: https://helpfulinformation.redcross.nl/ |Q: Can I donate clothing to the Red Cross? A: The Red Cross cooperates with Sympany for collection of clothing donations and repurposing them. Via this link you can find the closest donationcontainer: https://www.sympany.nl/",
How does the Red Cross handle clothing donations vs. providing clothing directly to individuals?,,"The Red Cross does not provide clothing directly to individuals; instead, clothing is supplied only to shelter locations. For clothing donations, the Red Cross works with Sympany, which collects and repurposes donated clothing. Individuals seeking clothing are referred to local options found on HIA or by searching online.","Q: Does the Red Cross provide clothing? A: We don't provide clohting to individuals, only to shelter locations. Therefore, we cannot help somebody on our helpline directly, but we can only refer them to options that are found on HIA or by googling. Always check where somebody lives so you can give them the option most closeby. Find a list of options per city on HIA: https://helpfulinformation.redcross.nl/ |Q: Can I donate clothing to the Red Cross? A: The Red Cross cooperates with Sympany for collection of clothing donations and repurposing them. Via this link you can find the closest donationcontainer: https://www.sympany.nl/",
"Does the Red Cross distribute clothing directly to individuals, or exclusively to shelter locations?",,"The Red Cross distributes clothing exclusively to shelter locations, not directly to individuals. If someone needs clothing, they are referred to other options found on HIA or by searching online.","Q: Does the Red Cross provide clothing? A: We don't provide clohting to individuals, only to shelter locations. Therefore, we cannot help somebody on our helpline directly, but we can only refer them to options that are found on HIA or by googling. Always check where somebody lives so you can give them the option most closeby. Find a list of options per city on HIA: https://helpfulinformation.redcross.nl/ |Q: Can I donate clothing to the Red Cross? A: The Red Cross cooperates with Sympany for collection of clothing donations and repurposing them. Via this link you can find the closest donationcontainer: https://www.sympany.nl/",
What steps should I take to donate clothing via Red Cross and Sympany collection containers?,,"To donate clothing via the Red Cross and Sympany, use the following steps: Visit https://www.sympany.nl/ to find the closest Sympany collection container. Bring your clothing donations to the selected container for drop-off. The Red Cross cooperates with Sympany for collection and repurposing of donated clothing.","Q: Does the Red Cross provide clothing? A: We don't provide clohting to individuals, only to shelter locations. Therefore, we cannot help somebody on our helpline directly, but we can only refer them to options that are found on HIA or by googling. Always check where somebody lives so you can give them the option most closeby. Find a list of options per city on HIA: https://helpfulinformation.redcross.nl/ |Q: Can I donate clothing to the Red Cross? A: The Red Cross cooperates with Sympany for collection of clothing donations and repurposing them. Via this link you can find the closest donationcontainer: https://www.sympany.nl/",
"If someone calls the Red Cross helpline for clothing, how should location and referral options be handled?",,"If someone calls the Red Cross helpline for clothing, first check where they live so you can refer them to the closest available option. The Red Cross does not provide clothing directly to individuals, only to shelter locations. Use the HIA website (https://helpfulinformation.redcross.nl/) to find and suggest local options for clothing assistance.","Q: Does the Red Cross provide clothing? A: We don't provide clohting to individuals, only to shelter locations. Therefore, we cannot help somebody on our helpline directly, but we can only refer them to options that are found on HIA or by googling. Always check where somebody lives so you can give them the option most closeby. Find a list of options per city on HIA: https://helpfulinformation.redcross.nl/ |Q: Can I donate clothing to the Red Cross? A: The Red Cross cooperates with Sympany for collection of clothing donations and repurposing them. Via this link you can find the closest donationcontainer: https://www.sympany.nl/",
Are there emergency clothing provisions at Red Cross-operated disaster shelters for displaced individuals?,,"Yes, the Red Cross provides clothing at shelter locations for displaced individuals during emergencies, but not directly to individuals outside of these shelters.","Q: Does the Red Cross provide clothing? A: We don't provide clohting to individuals, only to shelter locations. Therefore, we cannot help somebody on our helpline directly, but we can only refer them to options that are found on HIA or by googling. Always check where somebody lives so you can give them the option most closeby. Find a list of options per city on HIA: https://helpfulinformation.redcross.nl/ |Q: Can I donate clothing to the Red Cross? A: The Red Cross cooperates with Sympany for collection of clothing donations and repurposing them. Via this link you can find the closest donationcontainer: https://www.sympany.nl/",
"If someone relocates to a new city, how could HIA help them find local clothing aid?",,"HIA provides a list of local clothing aid options per city, so someone relocating can use HIA to find the nearest available support. Always check their new location to give the most relevant options. Visit https://helpfulinformation.redcross.nl/ for city-specific resources.","Q: Does the Red Cross provide clothing? A: We don't provide clohting to individuals, only to shelter locations. Therefore, we cannot help somebody on our helpline directly, but we can only refer them to options that are found on HIA or by googling. Always check where somebody lives so you can give them the option most closeby. Find a list of options per city on HIA: https://helpfulinformation.redcross.nl/ |Q: Can I donate clothing to the Red Cross? A: The Red Cross cooperates with Sympany for collection of clothing donations and repurposing them. Via this link you can find the closest donationcontainer: https://www.sympany.nl/",
"How does the Red Cross assist individuals seeking clothing, given it only supplies shelters directly?",,"The Red Cross does not provide clothing directly to individuals, only to shelter locations. Individuals seeking clothing are referred to local options found on HIA (https://helpfulinformation.redcross.nl/) or by searching online for nearby resources. Always check the person's location to suggest the closest option.","Q: Does the Red Cross provide clothing? A: We don't provide clohting to individuals, only to shelter locations. Therefore, we cannot help somebody on our helpline directly, but we can only refer them to options that are found on HIA or by googling. Always check where somebody lives so you can give them the option most closeby. Find a list of options per city on HIA: https://helpfulinformation.redcross.nl/ |Q: Can I donate clothing to the Red Cross? A: The Red Cross cooperates with Sympany for collection of clothing donations and repurposing them. Via this link you can find the closest donationcontainer: https://www.sympany.nl/",
"If Sympany stopped collecting, how would Red Cross manage clothing donations and distribution?",,"If Sympany stopped collecting, the Red Cross would need to find an alternative partner for clothing collection and repurposing, as they do not handle clothing donations directly. They would likely refer people to other local options found on HIA or through online searches.","Q: Does the Red Cross provide clothing? A: We don't provide clohting to individuals, only to shelter locations. Therefore, we cannot help somebody on our helpline directly, but we can only refer them to options that are found on HIA or by googling. Always check where somebody lives so you can give them the option most closeby. Find a list of options per city on HIA: https://helpfulinformation.redcross.nl/ |Q: Can I donate clothing to the Red Cross? A: The Red Cross cooperates with Sympany for collection of clothing donations and repurposing them. Via this link you can find the closest donationcontainer: https://www.sympany.nl/",
"If Sympany stopped collecting clothes, how would Red Cross handle clothing donations?",,"If Sympany stopped collecting clothes, the Red Cross would not be able to accept clothing donations directly, as they do not handle clothing collection themselves. They would likely refer people to other local options for donating clothing, which can be found on HIA or by searching online for alternatives nearby.","Q: Does the Red Cross provide clothing? A: We don't provide clohting to individuals, only to shelter locations. Therefore, we cannot help somebody on our helpline directly, but we can only refer them to options that are found on HIA or by googling. Always check where somebody lives so you can give them the option most closeby. Find a list of options per city on HIA: https://helpfulinformation.redcross.nl/ |Q: Can I donate clothing to the Red Cross? A: The Red Cross cooperates with Sympany for collection of clothing donations and repurposing them. Via this link you can find the closest donationcontainer: https://www.sympany.nl/",
"If Sympany's containers were unavailable, how could Red Cross facilitate clothing donations locally?",,"If Sympany's containers are unavailable, the Red Cross does not directly collect clothing donations but can refer you to other local options for donating clothing. Check the HIA website (https://helpfulinformation.redcross.nl/) for alternative donation locations near you.","Q: Does the Red Cross provide clothing? A: We don't provide clohting to individuals, only to shelter locations. Therefore, we cannot help somebody on our helpline directly, but we can only refer them to options that are found on HIA or by googling. Always check where somebody lives so you can give them the option most closeby. Find a list of options per city on HIA: https://helpfulinformation.redcross.nl/ |Q: Can I donate clothing to the Red Cross? A: The Red Cross cooperates with Sympany for collection of clothing donations and repurposing them. Via this link you can find the closest donationcontainer: https://www.sympany.nl/",
"How does the Red Cross assist individuals in locating nearby clothing resources, considering their referral process?",,"The Red Cross does not provide clothing directly to individuals but assists by referring them to nearby options found on HIA or through online searches. They recommend checking where someone lives to offer the closest resource, and a list of options per city is available on HIA: https://helpfulinformation.redcross.nl/","Q: Does the Red Cross provide clothing? A: We don't provide clohting to individuals, only to shelter locations. Therefore, we cannot help somebody on our helpline directly, but we can only refer them to options that are found on HIA or by googling. Always check where somebody lives so you can give them the option most closeby. Find a list of options per city on HIA: https://helpfulinformation.redcross.nl/ |Q: Can I donate clothing to the Red Cross? A: The Red Cross cooperates with Sympany for collection of clothing donations and repurposing them. Via this link you can find the closest donationcontainer: https://www.sympany.nl/",
"Analyze why Red Cross limits clothing aid to shelters, and how individuals can access alternatives.",,"The Red Cross limits clothing aid to shelters to efficiently support groups in immediate need during emergencies, rather than distributing to individuals directly. Individuals seeking clothing assistance are referred to local options found on HIA (https://helpfulinformation.redcross.nl/) or by searching online, ensuring they can access help closest to their location.","Q: Does the Red Cross provide clothing? A: We don't provide clohting to individuals, only to shelter locations. Therefore, we cannot help somebody on our helpline directly, but we can only refer them to options that are found on HIA or by googling. Always check where somebody lives so you can give them the option most closeby. Find a list of options per city on HIA: https://helpfulinformation.redcross.nl/ |Q: Can I donate clothing to the Red Cross? A: The Red Cross cooperates with Sympany for collection of clothing donations and repurposing them. Via this link you can find the closest donationcontainer: https://www.sympany.nl/",
Where can I locate the nearest Sympany clothing donation container using their website?,,You can locate the nearest Sympany clothing donation container by visiting https://www.sympany.nl/ and using their search function to find the closest container to your location.,"Q: Does the Red Cross provide clothing? A: We don't provide clohting to individuals, only to shelter locations. Therefore, we cannot help somebody on our helpline directly, but we can only refer them to options that are found on HIA or by googling. Always check where somebody lives so you can give them the option most closeby. Find a list of options per city on HIA: https://helpfulinformation.redcross.nl/ |Q: Can I donate clothing to the Red Cross? A: The Red Cross cooperates with Sympany for collection of clothing donations and repurposing them. Via this link you can find the closest donationcontainer: https://www.sympany.nl/",
How can someone in a specific city locate the nearest Sympany clothing donation container via Sympany.nl?,,"To locate the nearest Sympany clothing donation container in a specific city, visit https://www.sympany.nl/ and use their search function to find the closest donation container by entering your city or postal code.","Q: Does the Red Cross provide clothing? A: We don't provide clohting to individuals, only to shelter locations. Therefore, we cannot help somebody on our helpline directly, but we can only refer them to options that are found on HIA or by googling. Always check where somebody lives so you can give them the option most closeby. Find a list of options per city on HIA: https://helpfulinformation.redcross.nl/ |Q: Can I donate clothing to the Red Cross? A: The Red Cross cooperates with Sympany for collection of clothing donations and repurposing them. Via this link you can find the closest donationcontainer: https://www.sympany.nl/",
How do Red Cross clothing donation and distribution practices differ from those of Sympany?,,"The Red Cross does not provide clothing directly to individuals but supplies clothing only to shelter locations. For clothing donations, the Red Cross partners with Sympany, which manages the collection and repurposing of donated clothing through their own donation containers. In summary, the Red Cross focuses on distribution to shelters, while Sympany handles public clothing donations and repurposing.","Q: Does the Red Cross provide clothing? A: We don't provide clohting to individuals, only to shelter locations. Therefore, we cannot help somebody on our helpline directly, but we can only refer them to options that are found on HIA or by googling. Always check where somebody lives so you can give them the option most closeby. Find a list of options per city on HIA: https://helpfulinformation.redcross.nl/ |Q: Can I donate clothing to the Red Cross? A: The Red Cross cooperates with Sympany for collection of clothing donations and repurposing them. Via this link you can find the closest donationcontainer: https://www.sympany.nl/",
