input,actual_output,expected_output,context,source_file
"Which websites list NL support orgs and shelters for undocumented migrants, e.g. LOS and Red Cross?",,"You can find information about support organizations and shelters for undocumented migrants in the Netherlands on the following websites:

- **Stichting LOS**: Lists support organizations (https://www.stichtinglos.nl/content/organisaties) and shelters (https://www.stichtinglos.nl/noodopvang).
- **Red Cross Helpful Information**: Provides information about local organizations in different cities (https://helpfulinformation.redcross.nl/).","Q: What are relevant websites with information about / for UM? A: 
* On the website of **LOS** you can find information about support organizations: https://www.stichtinglos.nl/content/organisaties and shelters in the Netherlands: https://www.stichtinglos.nl/noodopvang. 
* On the website **Helpful Information** from the Red Cross you can find information about local organizations in different cities: https://helpfulinformation.redcross.nl/|Q: Why is somebody that is undocumented often in a vulnerable position? A: Undocumented migrants are regarded as a vulnerable group within society. They do not have a residence permit and, because of their limited rights, they quickly find themselves in unsafe or unhealthy situations. Because of their vulnerable position, they are easy prey for exploitation at the hands of bad employers, slum landlords or human traffickers.

Also, they are not entitled to social benefits and cannot take out health insurance (the 1998 Dutch Benefit Entitlement (Residence Status) Act; Koppelingswet). They have only a very limited right to assistance and facilities from the government and other agencies. As a result, they can easily get into trouble. The Red Cross provides help to everyone, including undocumented migrants.|Q: When is somebody undocumented? A: An undocumented migrant is a person who has no right of residence in a country. They have no documents confirming a right of residence, such as a visa. Their work, residence or study visa has expired, or they may never have had one. 

They are mainly migrants who:
- have had their residence application rejected, for example asylum seekers whose application for asylum has been rejected;
- have not applied for a residence permit, either for regular residence or asylum;
- are victims of human trafficking;
- do not have a work permit, for example domestic workers.

EU citizens do not need to apply for a residence permit to be in the Netherlands legally. Migrants from the EU can therefore never be undocumented.""
|Q: What is a Dublin claim? A: When somebody asks asylum in the Netherlands, their finger prints will be checked in an EU database. If their fingerprint is registered in another EU country, that country is responsible for proceeding the asylum procedure. In that case somebody gets a Dublin claim and has to return to the EU country where the fingerprint was taken. They cannot get asylum in the Netherlands. This is because according to the EU’s Dublin Regulation, somebody's asylum procedure must be carried out in the first country of arrival. 

The Dublin claim ends after 18 months. So if somebody is capable of staying under the radar for 18 months, then he/ she can request asylum in the Netherlands.

It is very hard for people with a Dublin Claim to get support. For example often local shelter programs do not provide shelter to people with a Dublin claim.|Q: Where can I find information about the programs of the Red Cross for Undocumented Migrants? A: As Red Cross we provide workshops to UM about health care, working rights, healthy habits, clear communication and first aid. We also have a [website](https://helpfulinformation.redcross.nl) with information about local aid organizations and we help people through our WhatsApp Helpline. Besides that people that are UM can also be in our food program or shelter program. This is always through the connection with a partner organization. For more information on our programs, you can have a look at our website: https://www.rodekruis.nl/wat-doen-wij/hulp-in-nederland/ondersteuning-ongedocumenteerde-migranten/|Q: Where can I find information about the shelter rights for Undocumented Migrants? A: You can find information about different shelter rights on the website of Stichting Los: https://www.stichtinglos.nl/content/opvang-en-onderdak

In general people have the right to rent a house, but not from social corperate housing. There is no general right for shelter for people who are undocumented and most homeless shelters refuse people without residence permit. This means that housing is a very big challenge for people that are undocumented.

In some cities there are BBB (Bed, Bad, Brood) shelters for undocumeted migrants or municipality shelter programs for undocumented migrants. They often work with criteria, for example that they have a rejected asylum request and that there is a perspective on a new asylum request. You can find information on this on helpful information https://helpfulinformation.redcross.nl/ or on the website of LOS: https://www.stichtinglos.nl/noodopvang|Q: What is our role on the helpdesk with regard to shelter questions from UM? A: What is our role on the helpdesk with regard to shelter questions from UM? 
The Red Cross doesn’t have shelters ourselves. Therefore we cannot always help somebody. The Red Cross 
does have a shelter program, but this is only for 10 days and when there is a partner organization involved. 
Our goal on the helpdesk is to get a good understanding of the situation in order to: 
• make a right referral, to a local support organization or to the district so they can help somebody further with support and advice. 
• is known with day shelters (if he doesn’t know them yet).|Q: What does LVV stand for? A: LVV stands for Landelijke Vreemdelingen Voorziening. The LVV program was a government / municipality program where people who were rejected for asylum could get a place in a 24-hour shelter for a maximum of 18 months. If they were admitted to the program, they would have access to 24hour shelter, an allowance, professional guidance and different activities.

Social workers supported them to find a solution to their situation: a residence permit, migrating to another country or returning to their home country.

The Dutch government decided to end the finance for the LVV from 2025 onwards. For 2025 the cities Amsterdam, Utrecht, Eindhoven and Groningen have decided to continue the shelter program for Undocumented Migrants without the finance of the national government. Only Rotterdam decided to stop. Information on how to access the local municipality programs can be found on HIA.|Q: What does BBB stand for A: BBB stands for Bed, Bad, Brood. The local shelter locations for undocumented migrants are often called like this. Throughout the country there are several BBB's. You can find them on this website: https://www.stichtinglos.nl/noodopvang 

Often they are full or they work with stricked criteria, such as a legal perspective on a new asylum request. So never just send somebody to these locations, but check with the local organization or with the TC.|Q: How can people enter a BBB / municipality shelter program? 
 A: How can people enter a BBB / municipality shelter program?
Not everybody can access the municipality shelter programs or BBB's. There are certain criteria. For example people need to have asked asylum in the past. And people with a Dublin claim can often not enter the local shelter programs. In order to get access to the shelter, people should go to one of the screening locations or get into contact with the BBB's. They they can get more information, share their story and perhaps be admitted in the program.

Information on the local possibilities can be found on Helpful Information and on https://www.stichtinglos.nl/noodopvang. Never send somebody directly to a BBB, but always check first with TC.",
How does a Dublin claim restrict NL asylum seekers’ access to shelter and support services?,,"A Dublin claim restricts NL asylum seekers’ access to shelter and support services because people with a Dublin claim are usually not allowed to enter local shelter programs or BBBs. Most local shelters do not provide support to people with a Dublin claim, as their asylum procedure must be carried out in the first EU country where their fingerprints were registered. Therefore, it is very hard for people with a Dublin claim to get support or shelter in the Netherlands.","Q: What are relevant websites with information about / for UM? A: 
* On the website of **LOS** you can find information about support organizations: https://www.stichtinglos.nl/content/organisaties and shelters in the Netherlands: https://www.stichtinglos.nl/noodopvang. 
* On the website **Helpful Information** from the Red Cross you can find information about local organizations in different cities: https://helpfulinformation.redcross.nl/|Q: Why is somebody that is undocumented often in a vulnerable position? A: Undocumented migrants are regarded as a vulnerable group within society. They do not have a residence permit and, because of their limited rights, they quickly find themselves in unsafe or unhealthy situations. Because of their vulnerable position, they are easy prey for exploitation at the hands of bad employers, slum landlords or human traffickers.

Also, they are not entitled to social benefits and cannot take out health insurance (the 1998 Dutch Benefit Entitlement (Residence Status) Act; Koppelingswet). They have only a very limited right to assistance and facilities from the government and other agencies. As a result, they can easily get into trouble. The Red Cross provides help to everyone, including undocumented migrants.|Q: When is somebody undocumented? A: An undocumented migrant is a person who has no right of residence in a country. They have no documents confirming a right of residence, such as a visa. Their work, residence or study visa has expired, or they may never have had one. 

They are mainly migrants who:
- have had their residence application rejected, for example asylum seekers whose application for asylum has been rejected;
- have not applied for a residence permit, either for regular residence or asylum;
- are victims of human trafficking;
- do not have a work permit, for example domestic workers.

EU citizens do not need to apply for a residence permit to be in the Netherlands legally. Migrants from the EU can therefore never be undocumented.""
|Q: What is a Dublin claim? A: When somebody asks asylum in the Netherlands, their finger prints will be checked in an EU database. If their fingerprint is registered in another EU country, that country is responsible for proceeding the asylum procedure. In that case somebody gets a Dublin claim and has to return to the EU country where the fingerprint was taken. They cannot get asylum in the Netherlands. This is because according to the EU’s Dublin Regulation, somebody's asylum procedure must be carried out in the first country of arrival. 

The Dublin claim ends after 18 months. So if somebody is capable of staying under the radar for 18 months, then he/ she can request asylum in the Netherlands.

It is very hard for people with a Dublin Claim to get support. For example often local shelter programs do not provide shelter to people with a Dublin claim.|Q: Where can I find information about the programs of the Red Cross for Undocumented Migrants? A: As Red Cross we provide workshops to UM about health care, working rights, healthy habits, clear communication and first aid. We also have a [website](https://helpfulinformation.redcross.nl) with information about local aid organizations and we help people through our WhatsApp Helpline. Besides that people that are UM can also be in our food program or shelter program. This is always through the connection with a partner organization. For more information on our programs, you can have a look at our website: https://www.rodekruis.nl/wat-doen-wij/hulp-in-nederland/ondersteuning-ongedocumenteerde-migranten/|Q: Where can I find information about the shelter rights for Undocumented Migrants? A: You can find information about different shelter rights on the website of Stichting Los: https://www.stichtinglos.nl/content/opvang-en-onderdak

In general people have the right to rent a house, but not from social corperate housing. There is no general right for shelter for people who are undocumented and most homeless shelters refuse people without residence permit. This means that housing is a very big challenge for people that are undocumented.

In some cities there are BBB (Bed, Bad, Brood) shelters for undocumeted migrants or municipality shelter programs for undocumented migrants. They often work with criteria, for example that they have a rejected asylum request and that there is a perspective on a new asylum request. You can find information on this on helpful information https://helpfulinformation.redcross.nl/ or on the website of LOS: https://www.stichtinglos.nl/noodopvang|Q: What is our role on the helpdesk with regard to shelter questions from UM? A: What is our role on the helpdesk with regard to shelter questions from UM? 
The Red Cross doesn’t have shelters ourselves. Therefore we cannot always help somebody. The Red Cross 
does have a shelter program, but this is only for 10 days and when there is a partner organization involved. 
Our goal on the helpdesk is to get a good understanding of the situation in order to: 
• make a right referral, to a local support organization or to the district so they can help somebody further with support and advice. 
• is known with day shelters (if he doesn’t know them yet).|Q: What does LVV stand for? A: LVV stands for Landelijke Vreemdelingen Voorziening. The LVV program was a government / municipality program where people who were rejected for asylum could get a place in a 24-hour shelter for a maximum of 18 months. If they were admitted to the program, they would have access to 24hour shelter, an allowance, professional guidance and different activities.

Social workers supported them to find a solution to their situation: a residence permit, migrating to another country or returning to their home country.

The Dutch government decided to end the finance for the LVV from 2025 onwards. For 2025 the cities Amsterdam, Utrecht, Eindhoven and Groningen have decided to continue the shelter program for Undocumented Migrants without the finance of the national government. Only Rotterdam decided to stop. Information on how to access the local municipality programs can be found on HIA.|Q: What does BBB stand for A: BBB stands for Bed, Bad, Brood. The local shelter locations for undocumented migrants are often called like this. Throughout the country there are several BBB's. You can find them on this website: https://www.stichtinglos.nl/noodopvang 

Often they are full or they work with stricked criteria, such as a legal perspective on a new asylum request. So never just send somebody to these locations, but check with the local organization or with the TC.|Q: How can people enter a BBB / municipality shelter program? 
 A: How can people enter a BBB / municipality shelter program?
Not everybody can access the municipality shelter programs or BBB's. There are certain criteria. For example people need to have asked asylum in the past. And people with a Dublin claim can often not enter the local shelter programs. In order to get access to the shelter, people should go to one of the screening locations or get into contact with the BBB's. They they can get more information, share their story and perhaps be admitted in the program.

Information on the local possibilities can be found on Helpful Information and on https://www.stichtinglos.nl/noodopvang. Never send somebody directly to a BBB, but always check first with TC.",
Analyze the heightened exploitation risks faced by undocumented minors trafficked for labor in the Netherlands.,,,"Q: What are relevant websites with information about / for UM? A: 
* On the website of **LOS** you can find information about support organizations: https://www.stichtinglos.nl/content/organisaties and shelters in the Netherlands: https://www.stichtinglos.nl/noodopvang. 
* On the website **Helpful Information** from the Red Cross you can find information about local organizations in different cities: https://helpfulinformation.redcross.nl/|Q: Why is somebody that is undocumented often in a vulnerable position? A: Undocumented migrants are regarded as a vulnerable group within society. They do not have a residence permit and, because of their limited rights, they quickly find themselves in unsafe or unhealthy situations. Because of their vulnerable position, they are easy prey for exploitation at the hands of bad employers, slum landlords or human traffickers.

Also, they are not entitled to social benefits and cannot take out health insurance (the 1998 Dutch Benefit Entitlement (Residence Status) Act; Koppelingswet). They have only a very limited right to assistance and facilities from the government and other agencies. As a result, they can easily get into trouble. The Red Cross provides help to everyone, including undocumented migrants.|Q: When is somebody undocumented? A: An undocumented migrant is a person who has no right of residence in a country. They have no documents confirming a right of residence, such as a visa. Their work, residence or study visa has expired, or they may never have had one. 

They are mainly migrants who:
- have had their residence application rejected, for example asylum seekers whose application for asylum has been rejected;
- have not applied for a residence permit, either for regular residence or asylum;
- are victims of human trafficking;
- do not have a work permit, for example domestic workers.

EU citizens do not need to apply for a residence permit to be in the Netherlands legally. Migrants from the EU can therefore never be undocumented.""
|Q: What is a Dublin claim? A: When somebody asks asylum in the Netherlands, their finger prints will be checked in an EU database. If their fingerprint is registered in another EU country, that country is responsible for proceeding the asylum procedure. In that case somebody gets a Dublin claim and has to return to the EU country where the fingerprint was taken. They cannot get asylum in the Netherlands. This is because according to the EU’s Dublin Regulation, somebody's asylum procedure must be carried out in the first country of arrival. 

The Dublin claim ends after 18 months. So if somebody is capable of staying under the radar for 18 months, then he/ she can request asylum in the Netherlands.

It is very hard for people with a Dublin Claim to get support. For example often local shelter programs do not provide shelter to people with a Dublin claim.|Q: Where can I find information about the programs of the Red Cross for Undocumented Migrants? A: As Red Cross we provide workshops to UM about health care, working rights, healthy habits, clear communication and first aid. We also have a [website](https://helpfulinformation.redcross.nl) with information about local aid organizations and we help people through our WhatsApp Helpline. Besides that people that are UM can also be in our food program or shelter program. This is always through the connection with a partner organization. For more information on our programs, you can have a look at our website: https://www.rodekruis.nl/wat-doen-wij/hulp-in-nederland/ondersteuning-ongedocumenteerde-migranten/|Q: Where can I find information about the shelter rights for Undocumented Migrants? A: You can find information about different shelter rights on the website of Stichting Los: https://www.stichtinglos.nl/content/opvang-en-onderdak

In general people have the right to rent a house, but not from social corperate housing. There is no general right for shelter for people who are undocumented and most homeless shelters refuse people without residence permit. This means that housing is a very big challenge for people that are undocumented.

In some cities there are BBB (Bed, Bad, Brood) shelters for undocumeted migrants or municipality shelter programs for undocumented migrants. They often work with criteria, for example that they have a rejected asylum request and that there is a perspective on a new asylum request. You can find information on this on helpful information https://helpfulinformation.redcross.nl/ or on the website of LOS: https://www.stichtinglos.nl/noodopvang|Q: What is our role on the helpdesk with regard to shelter questions from UM? A: What is our role on the helpdesk with regard to shelter questions from UM? 
The Red Cross doesn’t have shelters ourselves. Therefore we cannot always help somebody. The Red Cross 
does have a shelter program, but this is only for 10 days and when there is a partner organization involved. 
Our goal on the helpdesk is to get a good understanding of the situation in order to: 
• make a right referral, to a local support organization or to the district so they can help somebody further with support and advice. 
• is known with day shelters (if he doesn’t know them yet).|Q: What does LVV stand for? A: LVV stands for Landelijke Vreemdelingen Voorziening. The LVV program was a government / municipality program where people who were rejected for asylum could get a place in a 24-hour shelter for a maximum of 18 months. If they were admitted to the program, they would have access to 24hour shelter, an allowance, professional guidance and different activities.

Social workers supported them to find a solution to their situation: a residence permit, migrating to another country or returning to their home country.

The Dutch government decided to end the finance for the LVV from 2025 onwards. For 2025 the cities Amsterdam, Utrecht, Eindhoven and Groningen have decided to continue the shelter program for Undocumented Migrants without the finance of the national government. Only Rotterdam decided to stop. Information on how to access the local municipality programs can be found on HIA.|Q: What does BBB stand for A: BBB stands for Bed, Bad, Brood. The local shelter locations for undocumented migrants are often called like this. Throughout the country there are several BBB's. You can find them on this website: https://www.stichtinglos.nl/noodopvang 

Often they are full or they work with stricked criteria, such as a legal perspective on a new asylum request. So never just send somebody to these locations, but check with the local organization or with the TC.|Q: How can people enter a BBB / municipality shelter program? 
 A: How can people enter a BBB / municipality shelter program?
Not everybody can access the municipality shelter programs or BBB's. There are certain criteria. For example people need to have asked asylum in the past. And people with a Dublin claim can often not enter the local shelter programs. In order to get access to the shelter, people should go to one of the screening locations or get into contact with the BBB's. They they can get more information, share their story and perhaps be admitted in the program.

Information on the local possibilities can be found on Helpful Information and on https://www.stichtinglos.nl/noodopvang. Never send somebody directly to a BBB, but always check first with TC.",
"Explain LVV’s full form, its 18-month shelter policy, and the impact of its 2025 funding cut.",,"LVV stands for Landelijke Vreemdelingen Voorziening. It was a government/municipality program offering 24-hour shelter for up to 18 months to people rejected for asylum, including an allowance, guidance, and activities. Social workers helped participants find solutions like a residence permit or return to their home country. The Dutch government will end LVV funding from 2025, but Amsterdam, Utrecht, Eindhoven, and Groningen will continue the program without national funding, while Rotterdam will stop.","Q: What are relevant websites with information about / for UM? A: 
* On the website of **LOS** you can find information about support organizations: https://www.stichtinglos.nl/content/organisaties and shelters in the Netherlands: https://www.stichtinglos.nl/noodopvang. 
* On the website **Helpful Information** from the Red Cross you can find information about local organizations in different cities: https://helpfulinformation.redcross.nl/|Q: Why is somebody that is undocumented often in a vulnerable position? A: Undocumented migrants are regarded as a vulnerable group within society. They do not have a residence permit and, because of their limited rights, they quickly find themselves in unsafe or unhealthy situations. Because of their vulnerable position, they are easy prey for exploitation at the hands of bad employers, slum landlords or human traffickers.

Also, they are not entitled to social benefits and cannot take out health insurance (the 1998 Dutch Benefit Entitlement (Residence Status) Act; Koppelingswet). They have only a very limited right to assistance and facilities from the government and other agencies. As a result, they can easily get into trouble. The Red Cross provides help to everyone, including undocumented migrants.|Q: When is somebody undocumented? A: An undocumented migrant is a person who has no right of residence in a country. They have no documents confirming a right of residence, such as a visa. Their work, residence or study visa has expired, or they may never have had one. 

They are mainly migrants who:
- have had their residence application rejected, for example asylum seekers whose application for asylum has been rejected;
- have not applied for a residence permit, either for regular residence or asylum;
- are victims of human trafficking;
- do not have a work permit, for example domestic workers.

EU citizens do not need to apply for a residence permit to be in the Netherlands legally. Migrants from the EU can therefore never be undocumented.""
|Q: What is a Dublin claim? A: When somebody asks asylum in the Netherlands, their finger prints will be checked in an EU database. If their fingerprint is registered in another EU country, that country is responsible for proceeding the asylum procedure. In that case somebody gets a Dublin claim and has to return to the EU country where the fingerprint was taken. They cannot get asylum in the Netherlands. This is because according to the EU’s Dublin Regulation, somebody's asylum procedure must be carried out in the first country of arrival. 

The Dublin claim ends after 18 months. So if somebody is capable of staying under the radar for 18 months, then he/ she can request asylum in the Netherlands.

It is very hard for people with a Dublin Claim to get support. For example often local shelter programs do not provide shelter to people with a Dublin claim.|Q: Where can I find information about the programs of the Red Cross for Undocumented Migrants? A: As Red Cross we provide workshops to UM about health care, working rights, healthy habits, clear communication and first aid. We also have a [website](https://helpfulinformation.redcross.nl) with information about local aid organizations and we help people through our WhatsApp Helpline. Besides that people that are UM can also be in our food program or shelter program. This is always through the connection with a partner organization. For more information on our programs, you can have a look at our website: https://www.rodekruis.nl/wat-doen-wij/hulp-in-nederland/ondersteuning-ongedocumenteerde-migranten/|Q: Where can I find information about the shelter rights for Undocumented Migrants? A: You can find information about different shelter rights on the website of Stichting Los: https://www.stichtinglos.nl/content/opvang-en-onderdak

In general people have the right to rent a house, but not from social corperate housing. There is no general right for shelter for people who are undocumented and most homeless shelters refuse people without residence permit. This means that housing is a very big challenge for people that are undocumented.

In some cities there are BBB (Bed, Bad, Brood) shelters for undocumeted migrants or municipality shelter programs for undocumented migrants. They often work with criteria, for example that they have a rejected asylum request and that there is a perspective on a new asylum request. You can find information on this on helpful information https://helpfulinformation.redcross.nl/ or on the website of LOS: https://www.stichtinglos.nl/noodopvang|Q: What is our role on the helpdesk with regard to shelter questions from UM? A: What is our role on the helpdesk with regard to shelter questions from UM? 
The Red Cross doesn’t have shelters ourselves. Therefore we cannot always help somebody. The Red Cross 
does have a shelter program, but this is only for 10 days and when there is a partner organization involved. 
Our goal on the helpdesk is to get a good understanding of the situation in order to: 
• make a right referral, to a local support organization or to the district so they can help somebody further with support and advice. 
• is known with day shelters (if he doesn’t know them yet).|Q: What does LVV stand for? A: LVV stands for Landelijke Vreemdelingen Voorziening. The LVV program was a government / municipality program where people who were rejected for asylum could get a place in a 24-hour shelter for a maximum of 18 months. If they were admitted to the program, they would have access to 24hour shelter, an allowance, professional guidance and different activities.

Social workers supported them to find a solution to their situation: a residence permit, migrating to another country or returning to their home country.

The Dutch government decided to end the finance for the LVV from 2025 onwards. For 2025 the cities Amsterdam, Utrecht, Eindhoven and Groningen have decided to continue the shelter program for Undocumented Migrants without the finance of the national government. Only Rotterdam decided to stop. Information on how to access the local municipality programs can be found on HIA.|Q: What does BBB stand for A: BBB stands for Bed, Bad, Brood. The local shelter locations for undocumented migrants are often called like this. Throughout the country there are several BBB's. You can find them on this website: https://www.stichtinglos.nl/noodopvang 

Often they are full or they work with stricked criteria, such as a legal perspective on a new asylum request. So never just send somebody to these locations, but check with the local organization or with the TC.|Q: How can people enter a BBB / municipality shelter program? 
 A: How can people enter a BBB / municipality shelter program?
Not everybody can access the municipality shelter programs or BBB's. There are certain criteria. For example people need to have asked asylum in the past. And people with a Dublin claim can often not enter the local shelter programs. In order to get access to the shelter, people should go to one of the screening locations or get into contact with the BBB's. They they can get more information, share their story and perhaps be admitted in the program.

Information on the local possibilities can be found on Helpful Information and on https://www.stichtinglos.nl/noodopvang. Never send somebody directly to a BBB, but always check first with TC.",
What are the eligibility criteria for undocumented migrants to access LVV shelters after 2025?,,"After 2025, access to LVV (Landelijke Vreemdelingen Voorziening) shelters will depend on local municipality programs, as national funding will end. The cities of Amsterdam, Utrecht, Eindhoven, and Groningen will continue their shelter programs for undocumented migrants. Eligibility criteria generally include having a rejected asylum application and being willing to work towards a solution (such as a new residence permit, migration to another country, or return to the home country). People with a Dublin claim are usually not eligible. For specific criteria and access procedures, check local information on Helpful Information or Stichting LOS: https://www.stichtinglos.nl/noodopvang. Always confirm eligibility with the local organization before making a referral.","Q: What are relevant websites with information about / for UM? A: 
* On the website of **LOS** you can find information about support organizations: https://www.stichtinglos.nl/content/organisaties and shelters in the Netherlands: https://www.stichtinglos.nl/noodopvang. 
* On the website **Helpful Information** from the Red Cross you can find information about local organizations in different cities: https://helpfulinformation.redcross.nl/|Q: Why is somebody that is undocumented often in a vulnerable position? A: Undocumented migrants are regarded as a vulnerable group within society. They do not have a residence permit and, because of their limited rights, they quickly find themselves in unsafe or unhealthy situations. Because of their vulnerable position, they are easy prey for exploitation at the hands of bad employers, slum landlords or human traffickers.

Also, they are not entitled to social benefits and cannot take out health insurance (the 1998 Dutch Benefit Entitlement (Residence Status) Act; Koppelingswet). They have only a very limited right to assistance and facilities from the government and other agencies. As a result, they can easily get into trouble. The Red Cross provides help to everyone, including undocumented migrants.|Q: When is somebody undocumented? A: An undocumented migrant is a person who has no right of residence in a country. They have no documents confirming a right of residence, such as a visa. Their work, residence or study visa has expired, or they may never have had one. 

They are mainly migrants who:
- have had their residence application rejected, for example asylum seekers whose application for asylum has been rejected;
- have not applied for a residence permit, either for regular residence or asylum;
- are victims of human trafficking;
- do not have a work permit, for example domestic workers.

EU citizens do not need to apply for a residence permit to be in the Netherlands legally. Migrants from the EU can therefore never be undocumented.""
|Q: What is a Dublin claim? A: When somebody asks asylum in the Netherlands, their finger prints will be checked in an EU database. If their fingerprint is registered in another EU country, that country is responsible for proceeding the asylum procedure. In that case somebody gets a Dublin claim and has to return to the EU country where the fingerprint was taken. They cannot get asylum in the Netherlands. This is because according to the EU’s Dublin Regulation, somebody's asylum procedure must be carried out in the first country of arrival. 

The Dublin claim ends after 18 months. So if somebody is capable of staying under the radar for 18 months, then he/ she can request asylum in the Netherlands.

It is very hard for people with a Dublin Claim to get support. For example often local shelter programs do not provide shelter to people with a Dublin claim.|Q: Where can I find information about the programs of the Red Cross for Undocumented Migrants? A: As Red Cross we provide workshops to UM about health care, working rights, healthy habits, clear communication and first aid. We also have a [website](https://helpfulinformation.redcross.nl) with information about local aid organizations and we help people through our WhatsApp Helpline. Besides that people that are UM can also be in our food program or shelter program. This is always through the connection with a partner organization. For more information on our programs, you can have a look at our website: https://www.rodekruis.nl/wat-doen-wij/hulp-in-nederland/ondersteuning-ongedocumenteerde-migranten/|Q: Where can I find information about the shelter rights for Undocumented Migrants? A: You can find information about different shelter rights on the website of Stichting Los: https://www.stichtinglos.nl/content/opvang-en-onderdak

In general people have the right to rent a house, but not from social corperate housing. There is no general right for shelter for people who are undocumented and most homeless shelters refuse people without residence permit. This means that housing is a very big challenge for people that are undocumented.

In some cities there are BBB (Bed, Bad, Brood) shelters for undocumeted migrants or municipality shelter programs for undocumented migrants. They often work with criteria, for example that they have a rejected asylum request and that there is a perspective on a new asylum request. You can find information on this on helpful information https://helpfulinformation.redcross.nl/ or on the website of LOS: https://www.stichtinglos.nl/noodopvang|Q: What is our role on the helpdesk with regard to shelter questions from UM? A: What is our role on the helpdesk with regard to shelter questions from UM? 
The Red Cross doesn’t have shelters ourselves. Therefore we cannot always help somebody. The Red Cross 
does have a shelter program, but this is only for 10 days and when there is a partner organization involved. 
Our goal on the helpdesk is to get a good understanding of the situation in order to: 
• make a right referral, to a local support organization or to the district so they can help somebody further with support and advice. 
• is known with day shelters (if he doesn’t know them yet).|Q: What does LVV stand for? A: LVV stands for Landelijke Vreemdelingen Voorziening. The LVV program was a government / municipality program where people who were rejected for asylum could get a place in a 24-hour shelter for a maximum of 18 months. If they were admitted to the program, they would have access to 24hour shelter, an allowance, professional guidance and different activities.

Social workers supported them to find a solution to their situation: a residence permit, migrating to another country or returning to their home country.

The Dutch government decided to end the finance for the LVV from 2025 onwards. For 2025 the cities Amsterdam, Utrecht, Eindhoven and Groningen have decided to continue the shelter program for Undocumented Migrants without the finance of the national government. Only Rotterdam decided to stop. Information on how to access the local municipality programs can be found on HIA.|Q: What does BBB stand for A: BBB stands for Bed, Bad, Brood. The local shelter locations for undocumented migrants are often called like this. Throughout the country there are several BBB's. You can find them on this website: https://www.stichtinglos.nl/noodopvang 

Often they are full or they work with stricked criteria, such as a legal perspective on a new asylum request. So never just send somebody to these locations, but check with the local organization or with the TC.|Q: How can people enter a BBB / municipality shelter program? 
 A: How can people enter a BBB / municipality shelter program?
Not everybody can access the municipality shelter programs or BBB's. There are certain criteria. For example people need to have asked asylum in the past. And people with a Dublin claim can often not enter the local shelter programs. In order to get access to the shelter, people should go to one of the screening locations or get into contact with the BBB's. They they can get more information, share their story and perhaps be admitted in the program.

Information on the local possibilities can be found on Helpful Information and on https://www.stichtinglos.nl/noodopvang. Never send somebody directly to a BBB, but always check first with TC.",
"What are the main housing challenges for UM in NL, considering shelter access restrictions and BBB criteria?",,"The main housing challenges for undocumented migrants (UM) in the Netherlands are:

- **No general right to shelter:** Most homeless shelters refuse people without a residence permit, and UM cannot access social corporate housing.
- **Strict access criteria for BBB/municipality shelters:** BBB (Bed, Bad, Brood) and municipality shelter programs often require that someone has previously applied for asylum and may exclude people with a Dublin claim. Shelters are often full and have strict admission criteria, such as having a legal perspective on a new asylum request.
- **Limited availability:** There are only a few BBB shelters, and access is not guaranteed.
- **Uncertainty and risk:** Without shelter, UM are at high risk of unsafe or unhealthy living situations and exploitation.

For up-to-date information on shelter options and criteria, check https://helpfulinformation.redcross.nl/ and https://www.stichtinglos.nl/noodopvang.","Q: What are relevant websites with information about / for UM? A: 
* On the website of **LOS** you can find information about support organizations: https://www.stichtinglos.nl/content/organisaties and shelters in the Netherlands: https://www.stichtinglos.nl/noodopvang. 
* On the website **Helpful Information** from the Red Cross you can find information about local organizations in different cities: https://helpfulinformation.redcross.nl/|Q: Why is somebody that is undocumented often in a vulnerable position? A: Undocumented migrants are regarded as a vulnerable group within society. They do not have a residence permit and, because of their limited rights, they quickly find themselves in unsafe or unhealthy situations. Because of their vulnerable position, they are easy prey for exploitation at the hands of bad employers, slum landlords or human traffickers.

Also, they are not entitled to social benefits and cannot take out health insurance (the 1998 Dutch Benefit Entitlement (Residence Status) Act; Koppelingswet). They have only a very limited right to assistance and facilities from the government and other agencies. As a result, they can easily get into trouble. The Red Cross provides help to everyone, including undocumented migrants.|Q: When is somebody undocumented? A: An undocumented migrant is a person who has no right of residence in a country. They have no documents confirming a right of residence, such as a visa. Their work, residence or study visa has expired, or they may never have had one. 

They are mainly migrants who:
- have had their residence application rejected, for example asylum seekers whose application for asylum has been rejected;
- have not applied for a residence permit, either for regular residence or asylum;
- are victims of human trafficking;
- do not have a work permit, for example domestic workers.

EU citizens do not need to apply for a residence permit to be in the Netherlands legally. Migrants from the EU can therefore never be undocumented.""
|Q: What is a Dublin claim? A: When somebody asks asylum in the Netherlands, their finger prints will be checked in an EU database. If their fingerprint is registered in another EU country, that country is responsible for proceeding the asylum procedure. In that case somebody gets a Dublin claim and has to return to the EU country where the fingerprint was taken. They cannot get asylum in the Netherlands. This is because according to the EU’s Dublin Regulation, somebody's asylum procedure must be carried out in the first country of arrival. 

The Dublin claim ends after 18 months. So if somebody is capable of staying under the radar for 18 months, then he/ she can request asylum in the Netherlands.

It is very hard for people with a Dublin Claim to get support. For example often local shelter programs do not provide shelter to people with a Dublin claim.|Q: Where can I find information about the programs of the Red Cross for Undocumented Migrants? A: As Red Cross we provide workshops to UM about health care, working rights, healthy habits, clear communication and first aid. We also have a [website](https://helpfulinformation.redcross.nl) with information about local aid organizations and we help people through our WhatsApp Helpline. Besides that people that are UM can also be in our food program or shelter program. This is always through the connection with a partner organization. For more information on our programs, you can have a look at our website: https://www.rodekruis.nl/wat-doen-wij/hulp-in-nederland/ondersteuning-ongedocumenteerde-migranten/|Q: Where can I find information about the shelter rights for Undocumented Migrants? A: You can find information about different shelter rights on the website of Stichting Los: https://www.stichtinglos.nl/content/opvang-en-onderdak

In general people have the right to rent a house, but not from social corperate housing. There is no general right for shelter for people who are undocumented and most homeless shelters refuse people without residence permit. This means that housing is a very big challenge for people that are undocumented.

In some cities there are BBB (Bed, Bad, Brood) shelters for undocumeted migrants or municipality shelter programs for undocumented migrants. They often work with criteria, for example that they have a rejected asylum request and that there is a perspective on a new asylum request. You can find information on this on helpful information https://helpfulinformation.redcross.nl/ or on the website of LOS: https://www.stichtinglos.nl/noodopvang|Q: What is our role on the helpdesk with regard to shelter questions from UM? A: What is our role on the helpdesk with regard to shelter questions from UM? 
The Red Cross doesn’t have shelters ourselves. Therefore we cannot always help somebody. The Red Cross 
does have a shelter program, but this is only for 10 days and when there is a partner organization involved. 
Our goal on the helpdesk is to get a good understanding of the situation in order to: 
• make a right referral, to a local support organization or to the district so they can help somebody further with support and advice. 
• is known with day shelters (if he doesn’t know them yet).|Q: What does LVV stand for? A: LVV stands for Landelijke Vreemdelingen Voorziening. The LVV program was a government / municipality program where people who were rejected for asylum could get a place in a 24-hour shelter for a maximum of 18 months. If they were admitted to the program, they would have access to 24hour shelter, an allowance, professional guidance and different activities.

Social workers supported them to find a solution to their situation: a residence permit, migrating to another country or returning to their home country.

The Dutch government decided to end the finance for the LVV from 2025 onwards. For 2025 the cities Amsterdam, Utrecht, Eindhoven and Groningen have decided to continue the shelter program for Undocumented Migrants without the finance of the national government. Only Rotterdam decided to stop. Information on how to access the local municipality programs can be found on HIA.|Q: What does BBB stand for A: BBB stands for Bed, Bad, Brood. The local shelter locations for undocumented migrants are often called like this. Throughout the country there are several BBB's. You can find them on this website: https://www.stichtinglos.nl/noodopvang 

Often they are full or they work with stricked criteria, such as a legal perspective on a new asylum request. So never just send somebody to these locations, but check with the local organization or with the TC.|Q: How can people enter a BBB / municipality shelter program? 
 A: How can people enter a BBB / municipality shelter program?
Not everybody can access the municipality shelter programs or BBB's. There are certain criteria. For example people need to have asked asylum in the past. And people with a Dublin claim can often not enter the local shelter programs. In order to get access to the shelter, people should go to one of the screening locations or get into contact with the BBB's. They they can get more information, share their story and perhaps be admitted in the program.

Information on the local possibilities can be found on Helpful Information and on https://www.stichtinglos.nl/noodopvang. Never send somebody directly to a BBB, but always check first with TC.",
"If UM faced sudden health crisis, which Red Cross workshops/support programs could assist them?",,"If an undocumented migrant (UM) faces a sudden health crisis, the Red Cross offers workshops on health care, first aid, and healthy habits that could assist them. Additionally, the Red Cross provides support through their WhatsApp Helpline and can refer UM to local aid organizations. More information about these programs is available at https://helpfulinformation.redcross.nl and https://www.rodekruis.nl/wat-doen-wij/hulp-in-nederland/ondersteuning-ongedocumenteerde-migranten/.","Q: What are relevant websites with information about / for UM? A: 
* On the website of **LOS** you can find information about support organizations: https://www.stichtinglos.nl/content/organisaties and shelters in the Netherlands: https://www.stichtinglos.nl/noodopvang. 
* On the website **Helpful Information** from the Red Cross you can find information about local organizations in different cities: https://helpfulinformation.redcross.nl/|Q: Why is somebody that is undocumented often in a vulnerable position? A: Undocumented migrants are regarded as a vulnerable group within society. They do not have a residence permit and, because of their limited rights, they quickly find themselves in unsafe or unhealthy situations. Because of their vulnerable position, they are easy prey for exploitation at the hands of bad employers, slum landlords or human traffickers.

Also, they are not entitled to social benefits and cannot take out health insurance (the 1998 Dutch Benefit Entitlement (Residence Status) Act; Koppelingswet). They have only a very limited right to assistance and facilities from the government and other agencies. As a result, they can easily get into trouble. The Red Cross provides help to everyone, including undocumented migrants.|Q: When is somebody undocumented? A: An undocumented migrant is a person who has no right of residence in a country. They have no documents confirming a right of residence, such as a visa. Their work, residence or study visa has expired, or they may never have had one. 

They are mainly migrants who:
- have had their residence application rejected, for example asylum seekers whose application for asylum has been rejected;
- have not applied for a residence permit, either for regular residence or asylum;
- are victims of human trafficking;
- do not have a work permit, for example domestic workers.

EU citizens do not need to apply for a residence permit to be in the Netherlands legally. Migrants from the EU can therefore never be undocumented.""
|Q: What is a Dublin claim? A: When somebody asks asylum in the Netherlands, their finger prints will be checked in an EU database. If their fingerprint is registered in another EU country, that country is responsible for proceeding the asylum procedure. In that case somebody gets a Dublin claim and has to return to the EU country where the fingerprint was taken. They cannot get asylum in the Netherlands. This is because according to the EU’s Dublin Regulation, somebody's asylum procedure must be carried out in the first country of arrival. 

The Dublin claim ends after 18 months. So if somebody is capable of staying under the radar for 18 months, then he/ she can request asylum in the Netherlands.

It is very hard for people with a Dublin Claim to get support. For example often local shelter programs do not provide shelter to people with a Dublin claim.|Q: Where can I find information about the programs of the Red Cross for Undocumented Migrants? A: As Red Cross we provide workshops to UM about health care, working rights, healthy habits, clear communication and first aid. We also have a [website](https://helpfulinformation.redcross.nl) with information about local aid organizations and we help people through our WhatsApp Helpline. Besides that people that are UM can also be in our food program or shelter program. This is always through the connection with a partner organization. For more information on our programs, you can have a look at our website: https://www.rodekruis.nl/wat-doen-wij/hulp-in-nederland/ondersteuning-ongedocumenteerde-migranten/|Q: Where can I find information about the shelter rights for Undocumented Migrants? A: You can find information about different shelter rights on the website of Stichting Los: https://www.stichtinglos.nl/content/opvang-en-onderdak

In general people have the right to rent a house, but not from social corperate housing. There is no general right for shelter for people who are undocumented and most homeless shelters refuse people without residence permit. This means that housing is a very big challenge for people that are undocumented.

In some cities there are BBB (Bed, Bad, Brood) shelters for undocumeted migrants or municipality shelter programs for undocumented migrants. They often work with criteria, for example that they have a rejected asylum request and that there is a perspective on a new asylum request. You can find information on this on helpful information https://helpfulinformation.redcross.nl/ or on the website of LOS: https://www.stichtinglos.nl/noodopvang|Q: What is our role on the helpdesk with regard to shelter questions from UM? A: What is our role on the helpdesk with regard to shelter questions from UM? 
The Red Cross doesn’t have shelters ourselves. Therefore we cannot always help somebody. The Red Cross 
does have a shelter program, but this is only for 10 days and when there is a partner organization involved. 
Our goal on the helpdesk is to get a good understanding of the situation in order to: 
• make a right referral, to a local support organization or to the district so they can help somebody further with support and advice. 
• is known with day shelters (if he doesn’t know them yet).|Q: What does LVV stand for? A: LVV stands for Landelijke Vreemdelingen Voorziening. The LVV program was a government / municipality program where people who were rejected for asylum could get a place in a 24-hour shelter for a maximum of 18 months. If they were admitted to the program, they would have access to 24hour shelter, an allowance, professional guidance and different activities.

Social workers supported them to find a solution to their situation: a residence permit, migrating to another country or returning to their home country.

The Dutch government decided to end the finance for the LVV from 2025 onwards. For 2025 the cities Amsterdam, Utrecht, Eindhoven and Groningen have decided to continue the shelter program for Undocumented Migrants without the finance of the national government. Only Rotterdam decided to stop. Information on how to access the local municipality programs can be found on HIA.|Q: What does BBB stand for A: BBB stands for Bed, Bad, Brood. The local shelter locations for undocumented migrants are often called like this. Throughout the country there are several BBB's. You can find them on this website: https://www.stichtinglos.nl/noodopvang 

Often they are full or they work with stricked criteria, such as a legal perspective on a new asylum request. So never just send somebody to these locations, but check with the local organization or with the TC.|Q: How can people enter a BBB / municipality shelter program? 
 A: How can people enter a BBB / municipality shelter program?
Not everybody can access the municipality shelter programs or BBB's. There are certain criteria. For example people need to have asked asylum in the past. And people with a Dublin claim can often not enter the local shelter programs. In order to get access to the shelter, people should go to one of the screening locations or get into contact with the BBB's. They they can get more information, share their story and perhaps be admitted in the program.

Information on the local possibilities can be found on Helpful Information and on https://www.stichtinglos.nl/noodopvang. Never send somebody directly to a BBB, but always check first with TC.",
"Which websites list Amsterdam-based aid orgs and shelters for undocumented migrants, incl. LOS and Red Cross?",,"You can find information about Amsterdam-based aid organizations and shelters for undocumented migrants on the following websites:

- **Stichting LOS**: Lists support organizations and shelters in the Netherlands, including Amsterdam. See: https://www.stichtinglos.nl/content/organisaties and https://www.stichtinglos.nl/noodopvang
- **Red Cross Helpful Information**: Provides information about local organizations in different cities, including Amsterdam. See: https://helpfulinformation.redcross.nl/","Q: What are relevant websites with information about / for UM? A: 
* On the website of **LOS** you can find information about support organizations: https://www.stichtinglos.nl/content/organisaties and shelters in the Netherlands: https://www.stichtinglos.nl/noodopvang. 
* On the website **Helpful Information** from the Red Cross you can find information about local organizations in different cities: https://helpfulinformation.redcross.nl/|Q: Why is somebody that is undocumented often in a vulnerable position? A: Undocumented migrants are regarded as a vulnerable group within society. They do not have a residence permit and, because of their limited rights, they quickly find themselves in unsafe or unhealthy situations. Because of their vulnerable position, they are easy prey for exploitation at the hands of bad employers, slum landlords or human traffickers.

Also, they are not entitled to social benefits and cannot take out health insurance (the 1998 Dutch Benefit Entitlement (Residence Status) Act; Koppelingswet). They have only a very limited right to assistance and facilities from the government and other agencies. As a result, they can easily get into trouble. The Red Cross provides help to everyone, including undocumented migrants.|Q: When is somebody undocumented? A: An undocumented migrant is a person who has no right of residence in a country. They have no documents confirming a right of residence, such as a visa. Their work, residence or study visa has expired, or they may never have had one. 

They are mainly migrants who:
- have had their residence application rejected, for example asylum seekers whose application for asylum has been rejected;
- have not applied for a residence permit, either for regular residence or asylum;
- are victims of human trafficking;
- do not have a work permit, for example domestic workers.

EU citizens do not need to apply for a residence permit to be in the Netherlands legally. Migrants from the EU can therefore never be undocumented.""
|Q: What is a Dublin claim? A: When somebody asks asylum in the Netherlands, their finger prints will be checked in an EU database. If their fingerprint is registered in another EU country, that country is responsible for proceeding the asylum procedure. In that case somebody gets a Dublin claim and has to return to the EU country where the fingerprint was taken. They cannot get asylum in the Netherlands. This is because according to the EU’s Dublin Regulation, somebody's asylum procedure must be carried out in the first country of arrival. 

The Dublin claim ends after 18 months. So if somebody is capable of staying under the radar for 18 months, then he/ she can request asylum in the Netherlands.

It is very hard for people with a Dublin Claim to get support. For example often local shelter programs do not provide shelter to people with a Dublin claim.|Q: Where can I find information about the programs of the Red Cross for Undocumented Migrants? A: As Red Cross we provide workshops to UM about health care, working rights, healthy habits, clear communication and first aid. We also have a [website](https://helpfulinformation.redcross.nl) with information about local aid organizations and we help people through our WhatsApp Helpline. Besides that people that are UM can also be in our food program or shelter program. This is always through the connection with a partner organization. For more information on our programs, you can have a look at our website: https://www.rodekruis.nl/wat-doen-wij/hulp-in-nederland/ondersteuning-ongedocumenteerde-migranten/|Q: Where can I find information about the shelter rights for Undocumented Migrants? A: You can find information about different shelter rights on the website of Stichting Los: https://www.stichtinglos.nl/content/opvang-en-onderdak

In general people have the right to rent a house, but not from social corperate housing. There is no general right for shelter for people who are undocumented and most homeless shelters refuse people without residence permit. This means that housing is a very big challenge for people that are undocumented.

In some cities there are BBB (Bed, Bad, Brood) shelters for undocumeted migrants or municipality shelter programs for undocumented migrants. They often work with criteria, for example that they have a rejected asylum request and that there is a perspective on a new asylum request. You can find information on this on helpful information https://helpfulinformation.redcross.nl/ or on the website of LOS: https://www.stichtinglos.nl/noodopvang|Q: What is our role on the helpdesk with regard to shelter questions from UM? A: What is our role on the helpdesk with regard to shelter questions from UM? 
The Red Cross doesn’t have shelters ourselves. Therefore we cannot always help somebody. The Red Cross 
does have a shelter program, but this is only for 10 days and when there is a partner organization involved. 
Our goal on the helpdesk is to get a good understanding of the situation in order to: 
• make a right referral, to a local support organization or to the district so they can help somebody further with support and advice. 
• is known with day shelters (if he doesn’t know them yet).|Q: What does LVV stand for? A: LVV stands for Landelijke Vreemdelingen Voorziening. The LVV program was a government / municipality program where people who were rejected for asylum could get a place in a 24-hour shelter for a maximum of 18 months. If they were admitted to the program, they would have access to 24hour shelter, an allowance, professional guidance and different activities.

Social workers supported them to find a solution to their situation: a residence permit, migrating to another country or returning to their home country.

The Dutch government decided to end the finance for the LVV from 2025 onwards. For 2025 the cities Amsterdam, Utrecht, Eindhoven and Groningen have decided to continue the shelter program for Undocumented Migrants without the finance of the national government. Only Rotterdam decided to stop. Information on how to access the local municipality programs can be found on HIA.|Q: What does BBB stand for A: BBB stands for Bed, Bad, Brood. The local shelter locations for undocumented migrants are often called like this. Throughout the country there are several BBB's. You can find them on this website: https://www.stichtinglos.nl/noodopvang 

Often they are full or they work with stricked criteria, such as a legal perspective on a new asylum request. So never just send somebody to these locations, but check with the local organization or with the TC.|Q: How can people enter a BBB / municipality shelter program? 
 A: How can people enter a BBB / municipality shelter program?
Not everybody can access the municipality shelter programs or BBB's. There are certain criteria. For example people need to have asked asylum in the past. And people with a Dublin claim can often not enter the local shelter programs. In order to get access to the shelter, people should go to one of the screening locations or get into contact with the BBB's. They they can get more information, share their story and perhaps be admitted in the program.

Information on the local possibilities can be found on Helpful Information and on https://www.stichtinglos.nl/noodopvang. Never send somebody directly to a BBB, but always check first with TC.",
How does the Red Cross helpdesk’s shelter support for UM compare to its partner organizations’ roles?,,"The Red Cross helpdesk does not provide shelter directly to undocumented migrants (UM), except for a limited 10-day shelter program and only when a partner organization is involved. The main role of the helpdesk is to assess the situation and refer UM to local support organizations or district teams for further support and advice. In contrast, partner organizations and local shelters (such as BBB or municipality programs) are the ones that actually provide shelter and ongoing support, though access is limited and based on specific criteria. The Red Cross focuses on making appropriate referrals rather than direct shelter provision.","Q: What are relevant websites with information about / for UM? A: 
* On the website of **LOS** you can find information about support organizations: https://www.stichtinglos.nl/content/organisaties and shelters in the Netherlands: https://www.stichtinglos.nl/noodopvang. 
* On the website **Helpful Information** from the Red Cross you can find information about local organizations in different cities: https://helpfulinformation.redcross.nl/|Q: Why is somebody that is undocumented often in a vulnerable position? A: Undocumented migrants are regarded as a vulnerable group within society. They do not have a residence permit and, because of their limited rights, they quickly find themselves in unsafe or unhealthy situations. Because of their vulnerable position, they are easy prey for exploitation at the hands of bad employers, slum landlords or human traffickers.

Also, they are not entitled to social benefits and cannot take out health insurance (the 1998 Dutch Benefit Entitlement (Residence Status) Act; Koppelingswet). They have only a very limited right to assistance and facilities from the government and other agencies. As a result, they can easily get into trouble. The Red Cross provides help to everyone, including undocumented migrants.|Q: When is somebody undocumented? A: An undocumented migrant is a person who has no right of residence in a country. They have no documents confirming a right of residence, such as a visa. Their work, residence or study visa has expired, or they may never have had one. 

They are mainly migrants who:
- have had their residence application rejected, for example asylum seekers whose application for asylum has been rejected;
- have not applied for a residence permit, either for regular residence or asylum;
- are victims of human trafficking;
- do not have a work permit, for example domestic workers.

EU citizens do not need to apply for a residence permit to be in the Netherlands legally. Migrants from the EU can therefore never be undocumented.""
|Q: What is a Dublin claim? A: When somebody asks asylum in the Netherlands, their finger prints will be checked in an EU database. If their fingerprint is registered in another EU country, that country is responsible for proceeding the asylum procedure. In that case somebody gets a Dublin claim and has to return to the EU country where the fingerprint was taken. They cannot get asylum in the Netherlands. This is because according to the EU’s Dublin Regulation, somebody's asylum procedure must be carried out in the first country of arrival. 

The Dublin claim ends after 18 months. So if somebody is capable of staying under the radar for 18 months, then he/ she can request asylum in the Netherlands.

It is very hard for people with a Dublin Claim to get support. For example often local shelter programs do not provide shelter to people with a Dublin claim.|Q: Where can I find information about the programs of the Red Cross for Undocumented Migrants? A: As Red Cross we provide workshops to UM about health care, working rights, healthy habits, clear communication and first aid. We also have a [website](https://helpfulinformation.redcross.nl) with information about local aid organizations and we help people through our WhatsApp Helpline. Besides that people that are UM can also be in our food program or shelter program. This is always through the connection with a partner organization. For more information on our programs, you can have a look at our website: https://www.rodekruis.nl/wat-doen-wij/hulp-in-nederland/ondersteuning-ongedocumenteerde-migranten/|Q: Where can I find information about the shelter rights for Undocumented Migrants? A: You can find information about different shelter rights on the website of Stichting Los: https://www.stichtinglos.nl/content/opvang-en-onderdak

In general people have the right to rent a house, but not from social corperate housing. There is no general right for shelter for people who are undocumented and most homeless shelters refuse people without residence permit. This means that housing is a very big challenge for people that are undocumented.

In some cities there are BBB (Bed, Bad, Brood) shelters for undocumeted migrants or municipality shelter programs for undocumented migrants. They often work with criteria, for example that they have a rejected asylum request and that there is a perspective on a new asylum request. You can find information on this on helpful information https://helpfulinformation.redcross.nl/ or on the website of LOS: https://www.stichtinglos.nl/noodopvang|Q: What is our role on the helpdesk with regard to shelter questions from UM? A: What is our role on the helpdesk with regard to shelter questions from UM? 
The Red Cross doesn’t have shelters ourselves. Therefore we cannot always help somebody. The Red Cross 
does have a shelter program, but this is only for 10 days and when there is a partner organization involved. 
Our goal on the helpdesk is to get a good understanding of the situation in order to: 
• make a right referral, to a local support organization or to the district so they can help somebody further with support and advice. 
• is known with day shelters (if he doesn’t know them yet).|Q: What does LVV stand for? A: LVV stands for Landelijke Vreemdelingen Voorziening. The LVV program was a government / municipality program where people who were rejected for asylum could get a place in a 24-hour shelter for a maximum of 18 months. If they were admitted to the program, they would have access to 24hour shelter, an allowance, professional guidance and different activities.

Social workers supported them to find a solution to their situation: a residence permit, migrating to another country or returning to their home country.

The Dutch government decided to end the finance for the LVV from 2025 onwards. For 2025 the cities Amsterdam, Utrecht, Eindhoven and Groningen have decided to continue the shelter program for Undocumented Migrants without the finance of the national government. Only Rotterdam decided to stop. Information on how to access the local municipality programs can be found on HIA.|Q: What does BBB stand for A: BBB stands for Bed, Bad, Brood. The local shelter locations for undocumented migrants are often called like this. Throughout the country there are several BBB's. You can find them on this website: https://www.stichtinglos.nl/noodopvang 

Often they are full or they work with stricked criteria, such as a legal perspective on a new asylum request. So never just send somebody to these locations, but check with the local organization or with the TC.|Q: How can people enter a BBB / municipality shelter program? 
 A: How can people enter a BBB / municipality shelter program?
Not everybody can access the municipality shelter programs or BBB's. There are certain criteria. For example people need to have asked asylum in the past. And people with a Dublin claim can often not enter the local shelter programs. In order to get access to the shelter, people should go to one of the screening locations or get into contact with the BBB's. They they can get more information, share their story and perhaps be admitted in the program.

Information on the local possibilities can be found on Helpful Information and on https://www.stichtinglos.nl/noodopvang. Never send somebody directly to a BBB, but always check first with TC.",
"What does BBB mean, and how do criteria affect UM access to these shelter programs?",,"BBB stands for Bed, Bad, Brood, which are local shelter locations for undocumented migrants in the Netherlands. Access to BBB or municipality shelter programs is limited by strict criteria—usually, only people who have previously applied for asylum are eligible, and those with a Dublin claim are often excluded. Because of these criteria and limited capacity, not everyone can access these shelters. Always check with the local organization or TC before referring someone. More information can be found at https://www.stichtinglos.nl/noodopvang.","Q: What are relevant websites with information about / for UM? A: 
* On the website of **LOS** you can find information about support organizations: https://www.stichtinglos.nl/content/organisaties and shelters in the Netherlands: https://www.stichtinglos.nl/noodopvang. 
* On the website **Helpful Information** from the Red Cross you can find information about local organizations in different cities: https://helpfulinformation.redcross.nl/|Q: Why is somebody that is undocumented often in a vulnerable position? A: Undocumented migrants are regarded as a vulnerable group within society. They do not have a residence permit and, because of their limited rights, they quickly find themselves in unsafe or unhealthy situations. Because of their vulnerable position, they are easy prey for exploitation at the hands of bad employers, slum landlords or human traffickers.

Also, they are not entitled to social benefits and cannot take out health insurance (the 1998 Dutch Benefit Entitlement (Residence Status) Act; Koppelingswet). They have only a very limited right to assistance and facilities from the government and other agencies. As a result, they can easily get into trouble. The Red Cross provides help to everyone, including undocumented migrants.|Q: When is somebody undocumented? A: An undocumented migrant is a person who has no right of residence in a country. They have no documents confirming a right of residence, such as a visa. Their work, residence or study visa has expired, or they may never have had one. 

They are mainly migrants who:
- have had their residence application rejected, for example asylum seekers whose application for asylum has been rejected;
- have not applied for a residence permit, either for regular residence or asylum;
- are victims of human trafficking;
- do not have a work permit, for example domestic workers.

EU citizens do not need to apply for a residence permit to be in the Netherlands legally. Migrants from the EU can therefore never be undocumented.""
|Q: What is a Dublin claim? A: When somebody asks asylum in the Netherlands, their finger prints will be checked in an EU database. If their fingerprint is registered in another EU country, that country is responsible for proceeding the asylum procedure. In that case somebody gets a Dublin claim and has to return to the EU country where the fingerprint was taken. They cannot get asylum in the Netherlands. This is because according to the EU’s Dublin Regulation, somebody's asylum procedure must be carried out in the first country of arrival. 

The Dublin claim ends after 18 months. So if somebody is capable of staying under the radar for 18 months, then he/ she can request asylum in the Netherlands.

It is very hard for people with a Dublin Claim to get support. For example often local shelter programs do not provide shelter to people with a Dublin claim.|Q: Where can I find information about the programs of the Red Cross for Undocumented Migrants? A: As Red Cross we provide workshops to UM about health care, working rights, healthy habits, clear communication and first aid. We also have a [website](https://helpfulinformation.redcross.nl) with information about local aid organizations and we help people through our WhatsApp Helpline. Besides that people that are UM can also be in our food program or shelter program. This is always through the connection with a partner organization. For more information on our programs, you can have a look at our website: https://www.rodekruis.nl/wat-doen-wij/hulp-in-nederland/ondersteuning-ongedocumenteerde-migranten/|Q: Where can I find information about the shelter rights for Undocumented Migrants? A: You can find information about different shelter rights on the website of Stichting Los: https://www.stichtinglos.nl/content/opvang-en-onderdak

In general people have the right to rent a house, but not from social corperate housing. There is no general right for shelter for people who are undocumented and most homeless shelters refuse people without residence permit. This means that housing is a very big challenge for people that are undocumented.

In some cities there are BBB (Bed, Bad, Brood) shelters for undocumeted migrants or municipality shelter programs for undocumented migrants. They often work with criteria, for example that they have a rejected asylum request and that there is a perspective on a new asylum request. You can find information on this on helpful information https://helpfulinformation.redcross.nl/ or on the website of LOS: https://www.stichtinglos.nl/noodopvang|Q: What is our role on the helpdesk with regard to shelter questions from UM? A: What is our role on the helpdesk with regard to shelter questions from UM? 
The Red Cross doesn’t have shelters ourselves. Therefore we cannot always help somebody. The Red Cross 
does have a shelter program, but this is only for 10 days and when there is a partner organization involved. 
Our goal on the helpdesk is to get a good understanding of the situation in order to: 
• make a right referral, to a local support organization or to the district so they can help somebody further with support and advice. 
• is known with day shelters (if he doesn’t know them yet).|Q: What does LVV stand for? A: LVV stands for Landelijke Vreemdelingen Voorziening. The LVV program was a government / municipality program where people who were rejected for asylum could get a place in a 24-hour shelter for a maximum of 18 months. If they were admitted to the program, they would have access to 24hour shelter, an allowance, professional guidance and different activities.

Social workers supported them to find a solution to their situation: a residence permit, migrating to another country or returning to their home country.

The Dutch government decided to end the finance for the LVV from 2025 onwards. For 2025 the cities Amsterdam, Utrecht, Eindhoven and Groningen have decided to continue the shelter program for Undocumented Migrants without the finance of the national government. Only Rotterdam decided to stop. Information on how to access the local municipality programs can be found on HIA.|Q: What does BBB stand for A: BBB stands for Bed, Bad, Brood. The local shelter locations for undocumented migrants are often called like this. Throughout the country there are several BBB's. You can find them on this website: https://www.stichtinglos.nl/noodopvang 

Often they are full or they work with stricked criteria, such as a legal perspective on a new asylum request. So never just send somebody to these locations, but check with the local organization or with the TC.|Q: How can people enter a BBB / municipality shelter program? 
 A: How can people enter a BBB / municipality shelter program?
Not everybody can access the municipality shelter programs or BBB's. There are certain criteria. For example people need to have asked asylum in the past. And people with a Dublin claim can often not enter the local shelter programs. In order to get access to the shelter, people should go to one of the screening locations or get into contact with the BBB's. They they can get more information, share their story and perhaps be admitted in the program.

Information on the local possibilities can be found on Helpful Information and on https://www.stichtinglos.nl/noodopvang. Never send somebody directly to a BBB, but always check first with TC.",
"Which websites provide city-specific listings of BBB (Bed, Bad, Brood) shelters for undocumented migrants?",,"You can find city-specific listings of BBB (Bed, Bad, Brood) shelters for undocumented migrants on the following websites:
- Stichting LOS: https://www.stichtinglos.nl/noodopvang
- Helpful Information (Red Cross): https://helpfulinformation.redcross.nl/

These sites provide up-to-date information about local shelter options and criteria.","Q: What are relevant websites with information about / for UM? A: 
* On the website of **LOS** you can find information about support organizations: https://www.stichtinglos.nl/content/organisaties and shelters in the Netherlands: https://www.stichtinglos.nl/noodopvang. 
* On the website **Helpful Information** from the Red Cross you can find information about local organizations in different cities: https://helpfulinformation.redcross.nl/|Q: Why is somebody that is undocumented often in a vulnerable position? A: Undocumented migrants are regarded as a vulnerable group within society. They do not have a residence permit and, because of their limited rights, they quickly find themselves in unsafe or unhealthy situations. Because of their vulnerable position, they are easy prey for exploitation at the hands of bad employers, slum landlords or human traffickers.

Also, they are not entitled to social benefits and cannot take out health insurance (the 1998 Dutch Benefit Entitlement (Residence Status) Act; Koppelingswet). They have only a very limited right to assistance and facilities from the government and other agencies. As a result, they can easily get into trouble. The Red Cross provides help to everyone, including undocumented migrants.|Q: When is somebody undocumented? A: An undocumented migrant is a person who has no right of residence in a country. They have no documents confirming a right of residence, such as a visa. Their work, residence or study visa has expired, or they may never have had one. 

They are mainly migrants who:
- have had their residence application rejected, for example asylum seekers whose application for asylum has been rejected;
- have not applied for a residence permit, either for regular residence or asylum;
- are victims of human trafficking;
- do not have a work permit, for example domestic workers.

EU citizens do not need to apply for a residence permit to be in the Netherlands legally. Migrants from the EU can therefore never be undocumented.""
|Q: What is a Dublin claim? A: When somebody asks asylum in the Netherlands, their finger prints will be checked in an EU database. If their fingerprint is registered in another EU country, that country is responsible for proceeding the asylum procedure. In that case somebody gets a Dublin claim and has to return to the EU country where the fingerprint was taken. They cannot get asylum in the Netherlands. This is because according to the EU’s Dublin Regulation, somebody's asylum procedure must be carried out in the first country of arrival. 

The Dublin claim ends after 18 months. So if somebody is capable of staying under the radar for 18 months, then he/ she can request asylum in the Netherlands.

It is very hard for people with a Dublin Claim to get support. For example often local shelter programs do not provide shelter to people with a Dublin claim.|Q: Where can I find information about the programs of the Red Cross for Undocumented Migrants? A: As Red Cross we provide workshops to UM about health care, working rights, healthy habits, clear communication and first aid. We also have a [website](https://helpfulinformation.redcross.nl) with information about local aid organizations and we help people through our WhatsApp Helpline. Besides that people that are UM can also be in our food program or shelter program. This is always through the connection with a partner organization. For more information on our programs, you can have a look at our website: https://www.rodekruis.nl/wat-doen-wij/hulp-in-nederland/ondersteuning-ongedocumenteerde-migranten/|Q: Where can I find information about the shelter rights for Undocumented Migrants? A: You can find information about different shelter rights on the website of Stichting Los: https://www.stichtinglos.nl/content/opvang-en-onderdak

In general people have the right to rent a house, but not from social corperate housing. There is no general right for shelter for people who are undocumented and most homeless shelters refuse people without residence permit. This means that housing is a very big challenge for people that are undocumented.

In some cities there are BBB (Bed, Bad, Brood) shelters for undocumeted migrants or municipality shelter programs for undocumented migrants. They often work with criteria, for example that they have a rejected asylum request and that there is a perspective on a new asylum request. You can find information on this on helpful information https://helpfulinformation.redcross.nl/ or on the website of LOS: https://www.stichtinglos.nl/noodopvang|Q: What is our role on the helpdesk with regard to shelter questions from UM? A: What is our role on the helpdesk with regard to shelter questions from UM? 
The Red Cross doesn’t have shelters ourselves. Therefore we cannot always help somebody. The Red Cross 
does have a shelter program, but this is only for 10 days and when there is a partner organization involved. 
Our goal on the helpdesk is to get a good understanding of the situation in order to: 
• make a right referral, to a local support organization or to the district so they can help somebody further with support and advice. 
• is known with day shelters (if he doesn’t know them yet).|Q: What does LVV stand for? A: LVV stands for Landelijke Vreemdelingen Voorziening. The LVV program was a government / municipality program where people who were rejected for asylum could get a place in a 24-hour shelter for a maximum of 18 months. If they were admitted to the program, they would have access to 24hour shelter, an allowance, professional guidance and different activities.

Social workers supported them to find a solution to their situation: a residence permit, migrating to another country or returning to their home country.

The Dutch government decided to end the finance for the LVV from 2025 onwards. For 2025 the cities Amsterdam, Utrecht, Eindhoven and Groningen have decided to continue the shelter program for Undocumented Migrants without the finance of the national government. Only Rotterdam decided to stop. Information on how to access the local municipality programs can be found on HIA.|Q: What does BBB stand for A: BBB stands for Bed, Bad, Brood. The local shelter locations for undocumented migrants are often called like this. Throughout the country there are several BBB's. You can find them on this website: https://www.stichtinglos.nl/noodopvang 

Often they are full or they work with stricked criteria, such as a legal perspective on a new asylum request. So never just send somebody to these locations, but check with the local organization or with the TC.|Q: How can people enter a BBB / municipality shelter program? 
 A: How can people enter a BBB / municipality shelter program?
Not everybody can access the municipality shelter programs or BBB's. There are certain criteria. For example people need to have asked asylum in the past. And people with a Dublin claim can often not enter the local shelter programs. In order to get access to the shelter, people should go to one of the screening locations or get into contact with the BBB's. They they can get more information, share their story and perhaps be admitted in the program.

Information on the local possibilities can be found on Helpful Information and on https://www.stichtinglos.nl/noodopvang. Never send somebody directly to a BBB, but always check first with TC.",
"If a UM with a Dublin claim seeks BBB shelter, what obstacles might they face during admission?",,"A UM (undocumented migrant) with a Dublin claim will face significant obstacles when seeking admission to a BBB (Bed, Bad, Brood) shelter. Most local shelter programs, including BBBs, often do not accept people with a Dublin claim. This is because these shelters typically have strict criteria, and people with a Dublin claim are usually excluded from admission. Therefore, it is important to check with the local organization or TC before referring someone, as access is very limited for this group.","Q: What are relevant websites with information about / for UM? A: 
* On the website of **LOS** you can find information about support organizations: https://www.stichtinglos.nl/content/organisaties and shelters in the Netherlands: https://www.stichtinglos.nl/noodopvang. 
* On the website **Helpful Information** from the Red Cross you can find information about local organizations in different cities: https://helpfulinformation.redcross.nl/|Q: Why is somebody that is undocumented often in a vulnerable position? A: Undocumented migrants are regarded as a vulnerable group within society. They do not have a residence permit and, because of their limited rights, they quickly find themselves in unsafe or unhealthy situations. Because of their vulnerable position, they are easy prey for exploitation at the hands of bad employers, slum landlords or human traffickers.

Also, they are not entitled to social benefits and cannot take out health insurance (the 1998 Dutch Benefit Entitlement (Residence Status) Act; Koppelingswet). They have only a very limited right to assistance and facilities from the government and other agencies. As a result, they can easily get into trouble. The Red Cross provides help to everyone, including undocumented migrants.|Q: When is somebody undocumented? A: An undocumented migrant is a person who has no right of residence in a country. They have no documents confirming a right of residence, such as a visa. Their work, residence or study visa has expired, or they may never have had one. 

They are mainly migrants who:
- have had their residence application rejected, for example asylum seekers whose application for asylum has been rejected;
- have not applied for a residence permit, either for regular residence or asylum;
- are victims of human trafficking;
- do not have a work permit, for example domestic workers.

EU citizens do not need to apply for a residence permit to be in the Netherlands legally. Migrants from the EU can therefore never be undocumented.""
|Q: What is a Dublin claim? A: When somebody asks asylum in the Netherlands, their finger prints will be checked in an EU database. If their fingerprint is registered in another EU country, that country is responsible for proceeding the asylum procedure. In that case somebody gets a Dublin claim and has to return to the EU country where the fingerprint was taken. They cannot get asylum in the Netherlands. This is because according to the EU’s Dublin Regulation, somebody's asylum procedure must be carried out in the first country of arrival. 

The Dublin claim ends after 18 months. So if somebody is capable of staying under the radar for 18 months, then he/ she can request asylum in the Netherlands.

It is very hard for people with a Dublin Claim to get support. For example often local shelter programs do not provide shelter to people with a Dublin claim.|Q: Where can I find information about the programs of the Red Cross for Undocumented Migrants? A: As Red Cross we provide workshops to UM about health care, working rights, healthy habits, clear communication and first aid. We also have a [website](https://helpfulinformation.redcross.nl) with information about local aid organizations and we help people through our WhatsApp Helpline. Besides that people that are UM can also be in our food program or shelter program. This is always through the connection with a partner organization. For more information on our programs, you can have a look at our website: https://www.rodekruis.nl/wat-doen-wij/hulp-in-nederland/ondersteuning-ongedocumenteerde-migranten/|Q: Where can I find information about the shelter rights for Undocumented Migrants? A: You can find information about different shelter rights on the website of Stichting Los: https://www.stichtinglos.nl/content/opvang-en-onderdak

In general people have the right to rent a house, but not from social corperate housing. There is no general right for shelter for people who are undocumented and most homeless shelters refuse people without residence permit. This means that housing is a very big challenge for people that are undocumented.

In some cities there are BBB (Bed, Bad, Brood) shelters for undocumeted migrants or municipality shelter programs for undocumented migrants. They often work with criteria, for example that they have a rejected asylum request and that there is a perspective on a new asylum request. You can find information on this on helpful information https://helpfulinformation.redcross.nl/ or on the website of LOS: https://www.stichtinglos.nl/noodopvang|Q: What is our role on the helpdesk with regard to shelter questions from UM? A: What is our role on the helpdesk with regard to shelter questions from UM? 
The Red Cross doesn’t have shelters ourselves. Therefore we cannot always help somebody. The Red Cross 
does have a shelter program, but this is only for 10 days and when there is a partner organization involved. 
Our goal on the helpdesk is to get a good understanding of the situation in order to: 
• make a right referral, to a local support organization or to the district so they can help somebody further with support and advice. 
• is known with day shelters (if he doesn’t know them yet).|Q: What does LVV stand for? A: LVV stands for Landelijke Vreemdelingen Voorziening. The LVV program was a government / municipality program where people who were rejected for asylum could get a place in a 24-hour shelter for a maximum of 18 months. If they were admitted to the program, they would have access to 24hour shelter, an allowance, professional guidance and different activities.

Social workers supported them to find a solution to their situation: a residence permit, migrating to another country or returning to their home country.

The Dutch government decided to end the finance for the LVV from 2025 onwards. For 2025 the cities Amsterdam, Utrecht, Eindhoven and Groningen have decided to continue the shelter program for Undocumented Migrants without the finance of the national government. Only Rotterdam decided to stop. Information on how to access the local municipality programs can be found on HIA.|Q: What does BBB stand for A: BBB stands for Bed, Bad, Brood. The local shelter locations for undocumented migrants are often called like this. Throughout the country there are several BBB's. You can find them on this website: https://www.stichtinglos.nl/noodopvang 

Often they are full or they work with stricked criteria, such as a legal perspective on a new asylum request. So never just send somebody to these locations, but check with the local organization or with the TC.|Q: How can people enter a BBB / municipality shelter program? 
 A: How can people enter a BBB / municipality shelter program?
Not everybody can access the municipality shelter programs or BBB's. There are certain criteria. For example people need to have asked asylum in the past. And people with a Dublin claim can often not enter the local shelter programs. In order to get access to the shelter, people should go to one of the screening locations or get into contact with the BBB's. They they can get more information, share their story and perhaps be admitted in the program.

Information on the local possibilities can be found on Helpful Information and on https://www.stichtinglos.nl/noodopvang. Never send somebody directly to a BBB, but always check first with TC.",
Assess the future of municipal 24-hour shelters for rejected asylum seekers post-LVV funding termination.,,"After the Dutch government ends LVV funding in 2025, the future of municipal 24-hour shelters for rejected asylum seekers will depend on local decisions. Amsterdam, Utrecht, Eindhoven, and Groningen have chosen to continue their shelter programs for undocumented migrants without national funding, while Rotterdam will stop its program. Access and criteria may vary by city, so up-to-date information should be checked on Helpful Information or Stichting LOS.","Q: What are relevant websites with information about / for UM? A: 
* On the website of **LOS** you can find information about support organizations: https://www.stichtinglos.nl/content/organisaties and shelters in the Netherlands: https://www.stichtinglos.nl/noodopvang. 
* On the website **Helpful Information** from the Red Cross you can find information about local organizations in different cities: https://helpfulinformation.redcross.nl/|Q: Why is somebody that is undocumented often in a vulnerable position? A: Undocumented migrants are regarded as a vulnerable group within society. They do not have a residence permit and, because of their limited rights, they quickly find themselves in unsafe or unhealthy situations. Because of their vulnerable position, they are easy prey for exploitation at the hands of bad employers, slum landlords or human traffickers.

Also, they are not entitled to social benefits and cannot take out health insurance (the 1998 Dutch Benefit Entitlement (Residence Status) Act; Koppelingswet). They have only a very limited right to assistance and facilities from the government and other agencies. As a result, they can easily get into trouble. The Red Cross provides help to everyone, including undocumented migrants.|Q: When is somebody undocumented? A: An undocumented migrant is a person who has no right of residence in a country. They have no documents confirming a right of residence, such as a visa. Their work, residence or study visa has expired, or they may never have had one. 

They are mainly migrants who:
- have had their residence application rejected, for example asylum seekers whose application for asylum has been rejected;
- have not applied for a residence permit, either for regular residence or asylum;
- are victims of human trafficking;
- do not have a work permit, for example domestic workers.

EU citizens do not need to apply for a residence permit to be in the Netherlands legally. Migrants from the EU can therefore never be undocumented.""
|Q: What is a Dublin claim? A: When somebody asks asylum in the Netherlands, their finger prints will be checked in an EU database. If their fingerprint is registered in another EU country, that country is responsible for proceeding the asylum procedure. In that case somebody gets a Dublin claim and has to return to the EU country where the fingerprint was taken. They cannot get asylum in the Netherlands. This is because according to the EU’s Dublin Regulation, somebody's asylum procedure must be carried out in the first country of arrival. 

The Dublin claim ends after 18 months. So if somebody is capable of staying under the radar for 18 months, then he/ she can request asylum in the Netherlands.

It is very hard for people with a Dublin Claim to get support. For example often local shelter programs do not provide shelter to people with a Dublin claim.|Q: Where can I find information about the programs of the Red Cross for Undocumented Migrants? A: As Red Cross we provide workshops to UM about health care, working rights, healthy habits, clear communication and first aid. We also have a [website](https://helpfulinformation.redcross.nl) with information about local aid organizations and we help people through our WhatsApp Helpline. Besides that people that are UM can also be in our food program or shelter program. This is always through the connection with a partner organization. For more information on our programs, you can have a look at our website: https://www.rodekruis.nl/wat-doen-wij/hulp-in-nederland/ondersteuning-ongedocumenteerde-migranten/|Q: Where can I find information about the shelter rights for Undocumented Migrants? A: You can find information about different shelter rights on the website of Stichting Los: https://www.stichtinglos.nl/content/opvang-en-onderdak

In general people have the right to rent a house, but not from social corperate housing. There is no general right for shelter for people who are undocumented and most homeless shelters refuse people without residence permit. This means that housing is a very big challenge for people that are undocumented.

In some cities there are BBB (Bed, Bad, Brood) shelters for undocumeted migrants or municipality shelter programs for undocumented migrants. They often work with criteria, for example that they have a rejected asylum request and that there is a perspective on a new asylum request. You can find information on this on helpful information https://helpfulinformation.redcross.nl/ or on the website of LOS: https://www.stichtinglos.nl/noodopvang|Q: What is our role on the helpdesk with regard to shelter questions from UM? A: What is our role on the helpdesk with regard to shelter questions from UM? 
The Red Cross doesn’t have shelters ourselves. Therefore we cannot always help somebody. The Red Cross 
does have a shelter program, but this is only for 10 days and when there is a partner organization involved. 
Our goal on the helpdesk is to get a good understanding of the situation in order to: 
• make a right referral, to a local support organization or to the district so they can help somebody further with support and advice. 
• is known with day shelters (if he doesn’t know them yet).|Q: What does LVV stand for? A: LVV stands for Landelijke Vreemdelingen Voorziening. The LVV program was a government / municipality program where people who were rejected for asylum could get a place in a 24-hour shelter for a maximum of 18 months. If they were admitted to the program, they would have access to 24hour shelter, an allowance, professional guidance and different activities.

Social workers supported them to find a solution to their situation: a residence permit, migrating to another country or returning to their home country.

The Dutch government decided to end the finance for the LVV from 2025 onwards. For 2025 the cities Amsterdam, Utrecht, Eindhoven and Groningen have decided to continue the shelter program for Undocumented Migrants without the finance of the national government. Only Rotterdam decided to stop. Information on how to access the local municipality programs can be found on HIA.|Q: What does BBB stand for A: BBB stands for Bed, Bad, Brood. The local shelter locations for undocumented migrants are often called like this. Throughout the country there are several BBB's. You can find them on this website: https://www.stichtinglos.nl/noodopvang 

Often they are full or they work with stricked criteria, such as a legal perspective on a new asylum request. So never just send somebody to these locations, but check with the local organization or with the TC.|Q: How can people enter a BBB / municipality shelter program? 
 A: How can people enter a BBB / municipality shelter program?
Not everybody can access the municipality shelter programs or BBB's. There are certain criteria. For example people need to have asked asylum in the past. And people with a Dublin claim can often not enter the local shelter programs. In order to get access to the shelter, people should go to one of the screening locations or get into contact with the BBB's. They they can get more information, share their story and perhaps be admitted in the program.

Information on the local possibilities can be found on Helpful Information and on https://www.stichtinglos.nl/noodopvang. Never send somebody directly to a BBB, but always check first with TC.",
Explain why individuals with a Dublin claim face barriers accessing BBB or municipality shelters.,,"Individuals with a Dublin claim face barriers accessing BBB or municipality shelters because these shelters often have strict criteria and usually do not accept people with a Dublin claim. This is because, under the EU’s Dublin Regulation, their asylum procedure must be carried out in the first EU country where their fingerprints were registered, not in the Netherlands. As a result, local shelter programs typically exclude people with a Dublin claim from their services.","Q: What are relevant websites with information about / for UM? A: 
* On the website of **LOS** you can find information about support organizations: https://www.stichtinglos.nl/content/organisaties and shelters in the Netherlands: https://www.stichtinglos.nl/noodopvang. 
* On the website **Helpful Information** from the Red Cross you can find information about local organizations in different cities: https://helpfulinformation.redcross.nl/|Q: Why is somebody that is undocumented often in a vulnerable position? A: Undocumented migrants are regarded as a vulnerable group within society. They do not have a residence permit and, because of their limited rights, they quickly find themselves in unsafe or unhealthy situations. Because of their vulnerable position, they are easy prey for exploitation at the hands of bad employers, slum landlords or human traffickers.

Also, they are not entitled to social benefits and cannot take out health insurance (the 1998 Dutch Benefit Entitlement (Residence Status) Act; Koppelingswet). They have only a very limited right to assistance and facilities from the government and other agencies. As a result, they can easily get into trouble. The Red Cross provides help to everyone, including undocumented migrants.|Q: When is somebody undocumented? A: An undocumented migrant is a person who has no right of residence in a country. They have no documents confirming a right of residence, such as a visa. Their work, residence or study visa has expired, or they may never have had one. 

They are mainly migrants who:
- have had their residence application rejected, for example asylum seekers whose application for asylum has been rejected;
- have not applied for a residence permit, either for regular residence or asylum;
- are victims of human trafficking;
- do not have a work permit, for example domestic workers.

EU citizens do not need to apply for a residence permit to be in the Netherlands legally. Migrants from the EU can therefore never be undocumented.""
|Q: What is a Dublin claim? A: When somebody asks asylum in the Netherlands, their finger prints will be checked in an EU database. If their fingerprint is registered in another EU country, that country is responsible for proceeding the asylum procedure. In that case somebody gets a Dublin claim and has to return to the EU country where the fingerprint was taken. They cannot get asylum in the Netherlands. This is because according to the EU’s Dublin Regulation, somebody's asylum procedure must be carried out in the first country of arrival. 

The Dublin claim ends after 18 months. So if somebody is capable of staying under the radar for 18 months, then he/ she can request asylum in the Netherlands.

It is very hard for people with a Dublin Claim to get support. For example often local shelter programs do not provide shelter to people with a Dublin claim.|Q: Where can I find information about the programs of the Red Cross for Undocumented Migrants? A: As Red Cross we provide workshops to UM about health care, working rights, healthy habits, clear communication and first aid. We also have a [website](https://helpfulinformation.redcross.nl) with information about local aid organizations and we help people through our WhatsApp Helpline. Besides that people that are UM can also be in our food program or shelter program. This is always through the connection with a partner organization. For more information on our programs, you can have a look at our website: https://www.rodekruis.nl/wat-doen-wij/hulp-in-nederland/ondersteuning-ongedocumenteerde-migranten/|Q: Where can I find information about the shelter rights for Undocumented Migrants? A: You can find information about different shelter rights on the website of Stichting Los: https://www.stichtinglos.nl/content/opvang-en-onderdak

In general people have the right to rent a house, but not from social corperate housing. There is no general right for shelter for people who are undocumented and most homeless shelters refuse people without residence permit. This means that housing is a very big challenge for people that are undocumented.

In some cities there are BBB (Bed, Bad, Brood) shelters for undocumeted migrants or municipality shelter programs for undocumented migrants. They often work with criteria, for example that they have a rejected asylum request and that there is a perspective on a new asylum request. You can find information on this on helpful information https://helpfulinformation.redcross.nl/ or on the website of LOS: https://www.stichtinglos.nl/noodopvang|Q: What is our role on the helpdesk with regard to shelter questions from UM? A: What is our role on the helpdesk with regard to shelter questions from UM? 
The Red Cross doesn’t have shelters ourselves. Therefore we cannot always help somebody. The Red Cross 
does have a shelter program, but this is only for 10 days and when there is a partner organization involved. 
Our goal on the helpdesk is to get a good understanding of the situation in order to: 
• make a right referral, to a local support organization or to the district so they can help somebody further with support and advice. 
• is known with day shelters (if he doesn’t know them yet).|Q: What does LVV stand for? A: LVV stands for Landelijke Vreemdelingen Voorziening. The LVV program was a government / municipality program where people who were rejected for asylum could get a place in a 24-hour shelter for a maximum of 18 months. If they were admitted to the program, they would have access to 24hour shelter, an allowance, professional guidance and different activities.

Social workers supported them to find a solution to their situation: a residence permit, migrating to another country or returning to their home country.

The Dutch government decided to end the finance for the LVV from 2025 onwards. For 2025 the cities Amsterdam, Utrecht, Eindhoven and Groningen have decided to continue the shelter program for Undocumented Migrants without the finance of the national government. Only Rotterdam decided to stop. Information on how to access the local municipality programs can be found on HIA.|Q: What does BBB stand for A: BBB stands for Bed, Bad, Brood. The local shelter locations for undocumented migrants are often called like this. Throughout the country there are several BBB's. You can find them on this website: https://www.stichtinglos.nl/noodopvang 

Often they are full or they work with stricked criteria, such as a legal perspective on a new asylum request. So never just send somebody to these locations, but check with the local organization or with the TC.|Q: How can people enter a BBB / municipality shelter program? 
 A: How can people enter a BBB / municipality shelter program?
Not everybody can access the municipality shelter programs or BBB's. There are certain criteria. For example people need to have asked asylum in the past. And people with a Dublin claim can often not enter the local shelter programs. In order to get access to the shelter, people should go to one of the screening locations or get into contact with the BBB's. They they can get more information, share their story and perhaps be admitted in the program.

Information on the local possibilities can be found on Helpful Information and on https://www.stichtinglos.nl/noodopvang. Never send somebody directly to a BBB, but always check first with TC.",
"What private rental options exist for undocumented migrants, excluding social housing and shelters, in NL?",,"Undocumented migrants in the Netherlands are allowed to rent privately from individual landlords, as there is no legal restriction against this. However, they cannot rent from social housing corporations. Finding private rental options can be challenging due to the lack of a residence permit and risk of exploitation by slum landlords. For more information about support organizations and possible housing options, you can check the LOS website: https://www.stichtinglos.nl/content/organisaties.","Q: What are relevant websites with information about / for UM? A: 
* On the website of **LOS** you can find information about support organizations: https://www.stichtinglos.nl/content/organisaties and shelters in the Netherlands: https://www.stichtinglos.nl/noodopvang. 
* On the website **Helpful Information** from the Red Cross you can find information about local organizations in different cities: https://helpfulinformation.redcross.nl/|Q: Why is somebody that is undocumented often in a vulnerable position? A: Undocumented migrants are regarded as a vulnerable group within society. They do not have a residence permit and, because of their limited rights, they quickly find themselves in unsafe or unhealthy situations. Because of their vulnerable position, they are easy prey for exploitation at the hands of bad employers, slum landlords or human traffickers.

Also, they are not entitled to social benefits and cannot take out health insurance (the 1998 Dutch Benefit Entitlement (Residence Status) Act; Koppelingswet). They have only a very limited right to assistance and facilities from the government and other agencies. As a result, they can easily get into trouble. The Red Cross provides help to everyone, including undocumented migrants.|Q: When is somebody undocumented? A: An undocumented migrant is a person who has no right of residence in a country. They have no documents confirming a right of residence, such as a visa. Their work, residence or study visa has expired, or they may never have had one. 

They are mainly migrants who:
- have had their residence application rejected, for example asylum seekers whose application for asylum has been rejected;
- have not applied for a residence permit, either for regular residence or asylum;
- are victims of human trafficking;
- do not have a work permit, for example domestic workers.

EU citizens do not need to apply for a residence permit to be in the Netherlands legally. Migrants from the EU can therefore never be undocumented.""
|Q: What is a Dublin claim? A: When somebody asks asylum in the Netherlands, their finger prints will be checked in an EU database. If their fingerprint is registered in another EU country, that country is responsible for proceeding the asylum procedure. In that case somebody gets a Dublin claim and has to return to the EU country where the fingerprint was taken. They cannot get asylum in the Netherlands. This is because according to the EU’s Dublin Regulation, somebody's asylum procedure must be carried out in the first country of arrival. 

The Dublin claim ends after 18 months. So if somebody is capable of staying under the radar for 18 months, then he/ she can request asylum in the Netherlands.

It is very hard for people with a Dublin Claim to get support. For example often local shelter programs do not provide shelter to people with a Dublin claim.|Q: Where can I find information about the programs of the Red Cross for Undocumented Migrants? A: As Red Cross we provide workshops to UM about health care, working rights, healthy habits, clear communication and first aid. We also have a [website](https://helpfulinformation.redcross.nl) with information about local aid organizations and we help people through our WhatsApp Helpline. Besides that people that are UM can also be in our food program or shelter program. This is always through the connection with a partner organization. For more information on our programs, you can have a look at our website: https://www.rodekruis.nl/wat-doen-wij/hulp-in-nederland/ondersteuning-ongedocumenteerde-migranten/|Q: Where can I find information about the shelter rights for Undocumented Migrants? A: You can find information about different shelter rights on the website of Stichting Los: https://www.stichtinglos.nl/content/opvang-en-onderdak

In general people have the right to rent a house, but not from social corperate housing. There is no general right for shelter for people who are undocumented and most homeless shelters refuse people without residence permit. This means that housing is a very big challenge for people that are undocumented.

In some cities there are BBB (Bed, Bad, Brood) shelters for undocumeted migrants or municipality shelter programs for undocumented migrants. They often work with criteria, for example that they have a rejected asylum request and that there is a perspective on a new asylum request. You can find information on this on helpful information https://helpfulinformation.redcross.nl/ or on the website of LOS: https://www.stichtinglos.nl/noodopvang|Q: What is our role on the helpdesk with regard to shelter questions from UM? A: What is our role on the helpdesk with regard to shelter questions from UM? 
The Red Cross doesn’t have shelters ourselves. Therefore we cannot always help somebody. The Red Cross 
does have a shelter program, but this is only for 10 days and when there is a partner organization involved. 
Our goal on the helpdesk is to get a good understanding of the situation in order to: 
• make a right referral, to a local support organization or to the district so they can help somebody further with support and advice. 
• is known with day shelters (if he doesn’t know them yet).|Q: What does LVV stand for? A: LVV stands for Landelijke Vreemdelingen Voorziening. The LVV program was a government / municipality program where people who were rejected for asylum could get a place in a 24-hour shelter for a maximum of 18 months. If they were admitted to the program, they would have access to 24hour shelter, an allowance, professional guidance and different activities.

Social workers supported them to find a solution to their situation: a residence permit, migrating to another country or returning to their home country.

The Dutch government decided to end the finance for the LVV from 2025 onwards. For 2025 the cities Amsterdam, Utrecht, Eindhoven and Groningen have decided to continue the shelter program for Undocumented Migrants without the finance of the national government. Only Rotterdam decided to stop. Information on how to access the local municipality programs can be found on HIA.|Q: What does BBB stand for A: BBB stands for Bed, Bad, Brood. The local shelter locations for undocumented migrants are often called like this. Throughout the country there are several BBB's. You can find them on this website: https://www.stichtinglos.nl/noodopvang 

Often they are full or they work with stricked criteria, such as a legal perspective on a new asylum request. So never just send somebody to these locations, but check with the local organization or with the TC.|Q: How can people enter a BBB / municipality shelter program? 
 A: How can people enter a BBB / municipality shelter program?
Not everybody can access the municipality shelter programs or BBB's. There are certain criteria. For example people need to have asked asylum in the past. And people with a Dublin claim can often not enter the local shelter programs. In order to get access to the shelter, people should go to one of the screening locations or get into contact with the BBB's. They they can get more information, share their story and perhaps be admitted in the program.

Information on the local possibilities can be found on Helpful Information and on https://www.stichtinglos.nl/noodopvang. Never send somebody directly to a BBB, but always check first with TC.",
Describe the multi-step process for UM to access Red Cross food and shelter support via partners.,,"Undocumented migrants (UM) can access Red Cross food and shelter support through a multi-step process involving partner organizations:

1. **Initial Contact**: UM should reach out to the Red Cross helpdesk or a local support organization for assistance.
2. **Assessment and Referral**: The Red Cross helpdesk assesses the situation and refers the UM to appropriate local partner organizations, as the Red Cross does not provide direct long-term shelter and food support.
3. **Partner Organization Involvement**: Access to food or shelter programs is always arranged through these partner organizations. For shelter, the Red Cross can only provide up to 10 days and only when a partner is involved.
4. **Screening and Admission**: The partner organization or shelter program (such as BBB or municipality shelters) will screen the UM based on specific criteria (e.g., previous asylum application, no Dublin claim).
5. **Support Provided**: If admitted, the UM can receive food support or temporary shelter through the partner organization, with ongoing guidance and support.

For more information, UM can visit the Red Cross website: https://www.rodekruis.nl/wat-doen-wij/hulp-in-nederland/ondersteuning-ongedocumenteerde-migranten/ or Helpful Information: https://helpfulinformation.redcross.nl/.","Q: What are relevant websites with information about / for UM? A: 
* On the website of **LOS** you can find information about support organizations: https://www.stichtinglos.nl/content/organisaties and shelters in the Netherlands: https://www.stichtinglos.nl/noodopvang. 
* On the website **Helpful Information** from the Red Cross you can find information about local organizations in different cities: https://helpfulinformation.redcross.nl/|Q: Why is somebody that is undocumented often in a vulnerable position? A: Undocumented migrants are regarded as a vulnerable group within society. They do not have a residence permit and, because of their limited rights, they quickly find themselves in unsafe or unhealthy situations. Because of their vulnerable position, they are easy prey for exploitation at the hands of bad employers, slum landlords or human traffickers.

Also, they are not entitled to social benefits and cannot take out health insurance (the 1998 Dutch Benefit Entitlement (Residence Status) Act; Koppelingswet). They have only a very limited right to assistance and facilities from the government and other agencies. As a result, they can easily get into trouble. The Red Cross provides help to everyone, including undocumented migrants.|Q: When is somebody undocumented? A: An undocumented migrant is a person who has no right of residence in a country. They have no documents confirming a right of residence, such as a visa. Their work, residence or study visa has expired, or they may never have had one. 

They are mainly migrants who:
- have had their residence application rejected, for example asylum seekers whose application for asylum has been rejected;
- have not applied for a residence permit, either for regular residence or asylum;
- are victims of human trafficking;
- do not have a work permit, for example domestic workers.

EU citizens do not need to apply for a residence permit to be in the Netherlands legally. Migrants from the EU can therefore never be undocumented.""
|Q: What is a Dublin claim? A: When somebody asks asylum in the Netherlands, their finger prints will be checked in an EU database. If their fingerprint is registered in another EU country, that country is responsible for proceeding the asylum procedure. In that case somebody gets a Dublin claim and has to return to the EU country where the fingerprint was taken. They cannot get asylum in the Netherlands. This is because according to the EU’s Dublin Regulation, somebody's asylum procedure must be carried out in the first country of arrival. 

The Dublin claim ends after 18 months. So if somebody is capable of staying under the radar for 18 months, then he/ she can request asylum in the Netherlands.

It is very hard for people with a Dublin Claim to get support. For example often local shelter programs do not provide shelter to people with a Dublin claim.|Q: Where can I find information about the programs of the Red Cross for Undocumented Migrants? A: As Red Cross we provide workshops to UM about health care, working rights, healthy habits, clear communication and first aid. We also have a [website](https://helpfulinformation.redcross.nl) with information about local aid organizations and we help people through our WhatsApp Helpline. Besides that people that are UM can also be in our food program or shelter program. This is always through the connection with a partner organization. For more information on our programs, you can have a look at our website: https://www.rodekruis.nl/wat-doen-wij/hulp-in-nederland/ondersteuning-ongedocumenteerde-migranten/|Q: Where can I find information about the shelter rights for Undocumented Migrants? A: You can find information about different shelter rights on the website of Stichting Los: https://www.stichtinglos.nl/content/opvang-en-onderdak

In general people have the right to rent a house, but not from social corperate housing. There is no general right for shelter for people who are undocumented and most homeless shelters refuse people without residence permit. This means that housing is a very big challenge for people that are undocumented.

In some cities there are BBB (Bed, Bad, Brood) shelters for undocumeted migrants or municipality shelter programs for undocumented migrants. They often work with criteria, for example that they have a rejected asylum request and that there is a perspective on a new asylum request. You can find information on this on helpful information https://helpfulinformation.redcross.nl/ or on the website of LOS: https://www.stichtinglos.nl/noodopvang|Q: What is our role on the helpdesk with regard to shelter questions from UM? A: What is our role on the helpdesk with regard to shelter questions from UM? 
The Red Cross doesn’t have shelters ourselves. Therefore we cannot always help somebody. The Red Cross 
does have a shelter program, but this is only for 10 days and when there is a partner organization involved. 
Our goal on the helpdesk is to get a good understanding of the situation in order to: 
• make a right referral, to a local support organization or to the district so they can help somebody further with support and advice. 
• is known with day shelters (if he doesn’t know them yet).|Q: What does LVV stand for? A: LVV stands for Landelijke Vreemdelingen Voorziening. The LVV program was a government / municipality program where people who were rejected for asylum could get a place in a 24-hour shelter for a maximum of 18 months. If they were admitted to the program, they would have access to 24hour shelter, an allowance, professional guidance and different activities.

Social workers supported them to find a solution to their situation: a residence permit, migrating to another country or returning to their home country.

The Dutch government decided to end the finance for the LVV from 2025 onwards. For 2025 the cities Amsterdam, Utrecht, Eindhoven and Groningen have decided to continue the shelter program for Undocumented Migrants without the finance of the national government. Only Rotterdam decided to stop. Information on how to access the local municipality programs can be found on HIA.|Q: What does BBB stand for A: BBB stands for Bed, Bad, Brood. The local shelter locations for undocumented migrants are often called like this. Throughout the country there are several BBB's. You can find them on this website: https://www.stichtinglos.nl/noodopvang 

Often they are full or they work with stricked criteria, such as a legal perspective on a new asylum request. So never just send somebody to these locations, but check with the local organization or with the TC.|Q: How can people enter a BBB / municipality shelter program? 
 A: How can people enter a BBB / municipality shelter program?
Not everybody can access the municipality shelter programs or BBB's. There are certain criteria. For example people need to have asked asylum in the past. And people with a Dublin claim can often not enter the local shelter programs. In order to get access to the shelter, people should go to one of the screening locations or get into contact with the BBB's. They they can get more information, share their story and perhaps be admitted in the program.

Information on the local possibilities can be found on Helpful Information and on https://www.stichtinglos.nl/noodopvang. Never send somebody directly to a BBB, but always check first with TC.",
Compare access criteria for LVV shelters versus BBB shelters for rejected asylum seekers.,,"LVV shelters and BBB shelters both provide support for rejected asylum seekers, but their access criteria differ:

- **LVV shelters**: These were part of a government/municipality program for rejected asylum seekers. To access LVV, individuals needed to have had their asylum request rejected and be willing to work with social workers towards a solution (residence permit, migration, or return). The program offered 24-hour shelter for up to 18 months, with professional guidance and an allowance. Admission was based on meeting these criteria and being accepted into the program.

- **BBB shelters**: These are local shelters for undocumented migrants, including rejected asylum seekers. Access is more limited and often subject to strict criteria, such as having a legal perspective on a new asylum request. People with a Dublin claim are usually not eligible. Entry typically requires prior asylum application and a screening process. Availability is limited, and shelters are often full.

**In summary:** LVV shelters had broader support and structured guidance for rejected asylum seekers, while BBB shelters have stricter criteria, limited capacity, and often require a legal perspective for admission. Always check eligibility before referral.","Q: What are relevant websites with information about / for UM? A: 
* On the website of **LOS** you can find information about support organizations: https://www.stichtinglos.nl/content/organisaties and shelters in the Netherlands: https://www.stichtinglos.nl/noodopvang. 
* On the website **Helpful Information** from the Red Cross you can find information about local organizations in different cities: https://helpfulinformation.redcross.nl/|Q: Why is somebody that is undocumented often in a vulnerable position? A: Undocumented migrants are regarded as a vulnerable group within society. They do not have a residence permit and, because of their limited rights, they quickly find themselves in unsafe or unhealthy situations. Because of their vulnerable position, they are easy prey for exploitation at the hands of bad employers, slum landlords or human traffickers.

Also, they are not entitled to social benefits and cannot take out health insurance (the 1998 Dutch Benefit Entitlement (Residence Status) Act; Koppelingswet). They have only a very limited right to assistance and facilities from the government and other agencies. As a result, they can easily get into trouble. The Red Cross provides help to everyone, including undocumented migrants.|Q: When is somebody undocumented? A: An undocumented migrant is a person who has no right of residence in a country. They have no documents confirming a right of residence, such as a visa. Their work, residence or study visa has expired, or they may never have had one. 

They are mainly migrants who:
- have had their residence application rejected, for example asylum seekers whose application for asylum has been rejected;
- have not applied for a residence permit, either for regular residence or asylum;
- are victims of human trafficking;
- do not have a work permit, for example domestic workers.

EU citizens do not need to apply for a residence permit to be in the Netherlands legally. Migrants from the EU can therefore never be undocumented.""
|Q: What is a Dublin claim? A: When somebody asks asylum in the Netherlands, their finger prints will be checked in an EU database. If their fingerprint is registered in another EU country, that country is responsible for proceeding the asylum procedure. In that case somebody gets a Dublin claim and has to return to the EU country where the fingerprint was taken. They cannot get asylum in the Netherlands. This is because according to the EU’s Dublin Regulation, somebody's asylum procedure must be carried out in the first country of arrival. 

The Dublin claim ends after 18 months. So if somebody is capable of staying under the radar for 18 months, then he/ she can request asylum in the Netherlands.

It is very hard for people with a Dublin Claim to get support. For example often local shelter programs do not provide shelter to people with a Dublin claim.|Q: Where can I find information about the programs of the Red Cross for Undocumented Migrants? A: As Red Cross we provide workshops to UM about health care, working rights, healthy habits, clear communication and first aid. We also have a [website](https://helpfulinformation.redcross.nl) with information about local aid organizations and we help people through our WhatsApp Helpline. Besides that people that are UM can also be in our food program or shelter program. This is always through the connection with a partner organization. For more information on our programs, you can have a look at our website: https://www.rodekruis.nl/wat-doen-wij/hulp-in-nederland/ondersteuning-ongedocumenteerde-migranten/|Q: Where can I find information about the shelter rights for Undocumented Migrants? A: You can find information about different shelter rights on the website of Stichting Los: https://www.stichtinglos.nl/content/opvang-en-onderdak

In general people have the right to rent a house, but not from social corperate housing. There is no general right for shelter for people who are undocumented and most homeless shelters refuse people without residence permit. This means that housing is a very big challenge for people that are undocumented.

In some cities there are BBB (Bed, Bad, Brood) shelters for undocumeted migrants or municipality shelter programs for undocumented migrants. They often work with criteria, for example that they have a rejected asylum request and that there is a perspective on a new asylum request. You can find information on this on helpful information https://helpfulinformation.redcross.nl/ or on the website of LOS: https://www.stichtinglos.nl/noodopvang|Q: What is our role on the helpdesk with regard to shelter questions from UM? A: What is our role on the helpdesk with regard to shelter questions from UM? 
The Red Cross doesn’t have shelters ourselves. Therefore we cannot always help somebody. The Red Cross 
does have a shelter program, but this is only for 10 days and when there is a partner organization involved. 
Our goal on the helpdesk is to get a good understanding of the situation in order to: 
• make a right referral, to a local support organization or to the district so they can help somebody further with support and advice. 
• is known with day shelters (if he doesn’t know them yet).|Q: What does LVV stand for? A: LVV stands for Landelijke Vreemdelingen Voorziening. The LVV program was a government / municipality program where people who were rejected for asylum could get a place in a 24-hour shelter for a maximum of 18 months. If they were admitted to the program, they would have access to 24hour shelter, an allowance, professional guidance and different activities.

Social workers supported them to find a solution to their situation: a residence permit, migrating to another country or returning to their home country.

The Dutch government decided to end the finance for the LVV from 2025 onwards. For 2025 the cities Amsterdam, Utrecht, Eindhoven and Groningen have decided to continue the shelter program for Undocumented Migrants without the finance of the national government. Only Rotterdam decided to stop. Information on how to access the local municipality programs can be found on HIA.|Q: What does BBB stand for A: BBB stands for Bed, Bad, Brood. The local shelter locations for undocumented migrants are often called like this. Throughout the country there are several BBB's. You can find them on this website: https://www.stichtinglos.nl/noodopvang 

Often they are full or they work with stricked criteria, such as a legal perspective on a new asylum request. So never just send somebody to these locations, but check with the local organization or with the TC.|Q: How can people enter a BBB / municipality shelter program? 
 A: How can people enter a BBB / municipality shelter program?
Not everybody can access the municipality shelter programs or BBB's. There are certain criteria. For example people need to have asked asylum in the past. And people with a Dublin claim can often not enter the local shelter programs. In order to get access to the shelter, people should go to one of the screening locations or get into contact with the BBB's. They they can get more information, share their story and perhaps be admitted in the program.

Information on the local possibilities can be found on Helpful Information and on https://www.stichtinglos.nl/noodopvang. Never send somebody directly to a BBB, but always check first with TC.",
"Identify online sources for Dutch shelter/BBB info, and infer BBB's meaning from listed shelter types.",,"You can find information about Dutch shelter programs and BBB's on the Red Cross Helpful Information website: https://helpfulinformation.redcross.nl/ and the LOS website: https://www.stichtinglos.nl/noodopvang. Based on the context, ""BBB"" likely refers to ""Bed, Bath, and Bread"" shelters, which provide basic accommodation and facilities for those in need.","Q: Where can I find more information about local shelter programs & BBB's? 
 A: You can find information about the local shelter possibilities on the Red Cross website Helpful Information: https://helpfulinformation.redcross.nl/ or on the website of LOS: https://www.stichtinglos.nl/noodopvang

In the following municipalities there is a shelter program for UM: 
- Eindhoven
- Utrecht
- Groningen (not on HIA yet) - screening is done by Inlia https://www.inlia.nl/nl
- AmsterdamWhere can I find more information about local shelter programs & BBB's? 

You can find information about the local shelter possibilities on the Red Cross website Helpful Information: https://helpfulinformation.redcross.nl/ or on the website of LOS: https://www.stichtinglos.nl/noodopvang

In the following municipalities there is a shelter program for UM: 
- Eindhoven
- Utrecht
- Groningen (not on HIA yet) - screening is done by Inlia https://www.inlia.nl/nl
- Amsterdam|Q: How do winter shelters function? A: There are two different types of winter shelter. You have the permanent winter shelter and the Cold Weather Regulation. The municipality can decide if they want to organize a permanent winter shelter and if this is accessible for undocumented migrants or not. They have the legal duty to organize the Cold Weather Regulation when temperatures go below 0 degrees as it becomes too dangerous to sleep outside. The Cold Weather Regulation can be opened in the period from the 1st of November until the 1st of April.
Undocumented migrants always have access access to the Cold Weather Regulation, but not always to the permanent winter shelters. 

Large cities (Amsterdam, Rotterdam, The Hague and Utrecht) coordinate the Cold Weather Regulation together. So they often open and close at the same time. 

On the *Heplful Information website (HIA)*[https://helpfulinformation.redcross.nl/] you can find the opening times of the Cold Weather Regulation and winter shelters per city. |Q: Where can I find information about shelters for UM? A: On Helpful Information you can find information about local shelters for UM: https://helpfulinformation.redcross.nl/
Also on the website of LOS you can find information: https://www.stichtinglos.nl/noodopvang
|Q: Where can I find information about the medical rights of UM? 
 A: You can find information on the website of Stichting Los: https://www.stichtinglos.nl/content/gezondheidszorg|Q: Do people have the right to see a family doctor? A: Yes, people always have the right to see a family doctor. The doctor can reimburse the costs with the CAK. 
You can refer people to this website for information on how family doctors work in the Netherlands: 
* https://gpinfo.nl/1-dutch-healthcare|Q: Reimbursement of medical costs. A: * Important: it is differently arranged per target group (e.g. asylum seekers, undocumented, EU migrants. You can find more information on the website of CAK: https://www.hetcak.nl/zakelijk/via-welke-regeling-declareren/ 
• People who are undocumented have the right to receive all the necessary medical aid (medisch noodzakelijke zorg). This is care that is also in the basic health insurance. The costs are reimbursed by the CAK. you can always send the following letter to someone, they can show this letter to their doctor: https://helpfulinformation.redcross.nl/files/Brief-zorgverlening-ongedocumenteerde-migranten-landelijk.pdf 
• Here you can see what is in the basic package: https://www.zorginstituutnederland.nl/Verzekerde+zorg/basispakket-zorgverzekeringswet-zvw

What services can be reimbursed:
* General practitioners and dentists (for oral care up to the age of 18) are reimbursed for 80% by the CAK if the undocumented patient cannot pay this themselves. The CAK expects the healthcare provider to first try to recover the costs from the patient without a residence permit. Asking for payment can deter migrants without a residence permit and therefore hinders treatment compliance.
* You can only refer an undocumented patient to pharmacies, hospitals, Wlz and mental health care institutions with which the CAK has a contract. The list of contracted institutions changes regularly, for a current list visit Hetcak.nl/zakelijk/verzekeringen/onverzekerbare-vreemdelingen. 
* Since 2014, there has been a personal contribution of 5 euros per medicine, unless delivery via a blister/baxter is prescribed.
* Emergency care, by both contracted and non-contracted hospitals, is reimbursed for 80%.
* Obstetric care is 100% reimbursed.
* For long-term care (nursing home), AWBZ and GGZ institutions, only contracted institutions will be reimbursed for costs.
* Dental care above the age of 18 is not reimbursed, nor are medications and aids that are not covered by the basic package or care via the WMO.
|Q: What are important things to keep in mind? A: • You can ask for more details, but communicate why you are asking follow up questions
• Make it clear that as the Red Cross we don’t provide medical services, we only reffer people. 
• Let them try to contact a doctor themselves, or somobody in their network. Only if they are unable to 
call themselves, you can do it. 
• It can sometimes be quicker to find a doctor if they contact the doctor of their housemate / friend. 
• In the evening / office hours; check urgency
• Check if information is clear and if they can follow up. 
|Q: Where can I find informational materials about healthcare in the Netherlands? A: Informational materials in multiple languages:
https://ggdghor.nl/wp-content/uploads/2024/01/Overzicht-voorlichtingsmateriaal-in-diverse-talen-versie-2024.pdf

Video's explaining the healthcare system in the Netherlands in multiple languages:
* [English](https://www.youtube.com/watch?v=eCKtTKwnqDs&t=15s)
* [Dutch](https://www.youtube.com/watch?v=TWGu2EDj7wk)
* [Spanish](https://www.youtube.com/watch?v=r_xJpzV35yg)
* [Portuguese](https://www.youtube.com/watch?v=r2XNJz2h3DQ)
* [Farsi](https://www.youtube.com/watch?v=-RZfbTDm54k)
* [French](https://www.youtube.com/watch?v=yUIzAnkyEtE)
* [Arabic](https://www.youtube.com/watch?v=9Zy0PqoI51M)
* [Chinese](https://www.youtube.com/watch?v=Q-b5b0UnPyY)|Q: What organizations help UM to get medical care? A: It can often be difficult for UM to get access to medical care, eventhough they have the right to get it. This is because of language barriers, or because doctors don't know about the rights of UM or because they are too busy to receive them. 

Therefore, there are in all the bigger cities support organizations that can help UM with medical care directly (because voluntary doctors are working there) or getting them acces to health care because they have a network of doctors that are willing to help. You can find this information on HIA: https://helpfulinformation.redcross.nl/. 

The main organization is Doctors of the World. They have health care busses or locations, and they also do a lot of lobby and providing information. They also have a national helpdesk (https://doktersvandewereld.org/need-help) that provides help with medical care for undocumented migrants, for example:
* they can help UM find a GP close to them 
* they can teach people how to make an appointment or make an appointment for them if they cannot do it themselves
* they can help people get their medical bills reimbursed
* they can provide information about the Dutch healthcare system

Doctors of the World also provide medical care, dental care and psychological help themselves, for more information and offers in different cities see HIA.|Q: What can the Red Cross do? A: • We don’t have doctors ourselves! 
• We only give referral information or try to connect somebody with a doctor
• We do not reimburse medical costs, we sometimes can reimburse travel costs. Check this with team captain or Piket.",
"Which websites list Amsterdam UM shelter programs, including screening organizations and Red Cross resources?",,"You can find information about Amsterdam UM shelter programs on the Red Cross Helpful Information website: https://helpfulinformation.redcross.nl/ and on the LOS website: https://www.stichtinglos.nl/noodopvang. For screening in Groningen (as an example), Inlia is the screening organization: https://www.inlia.nl/nl. These resources provide details about local shelters, including in Amsterdam.","Q: Where can I find more information about local shelter programs & BBB's? 
 A: You can find information about the local shelter possibilities on the Red Cross website Helpful Information: https://helpfulinformation.redcross.nl/ or on the website of LOS: https://www.stichtinglos.nl/noodopvang

In the following municipalities there is a shelter program for UM: 
- Eindhoven
- Utrecht
- Groningen (not on HIA yet) - screening is done by Inlia https://www.inlia.nl/nl
- AmsterdamWhere can I find more information about local shelter programs & BBB's? 

You can find information about the local shelter possibilities on the Red Cross website Helpful Information: https://helpfulinformation.redcross.nl/ or on the website of LOS: https://www.stichtinglos.nl/noodopvang

In the following municipalities there is a shelter program for UM: 
- Eindhoven
- Utrecht
- Groningen (not on HIA yet) - screening is done by Inlia https://www.inlia.nl/nl
- Amsterdam|Q: How do winter shelters function? A: There are two different types of winter shelter. You have the permanent winter shelter and the Cold Weather Regulation. The municipality can decide if they want to organize a permanent winter shelter and if this is accessible for undocumented migrants or not. They have the legal duty to organize the Cold Weather Regulation when temperatures go below 0 degrees as it becomes too dangerous to sleep outside. The Cold Weather Regulation can be opened in the period from the 1st of November until the 1st of April.
Undocumented migrants always have access access to the Cold Weather Regulation, but not always to the permanent winter shelters. 

Large cities (Amsterdam, Rotterdam, The Hague and Utrecht) coordinate the Cold Weather Regulation together. So they often open and close at the same time. 

On the *Heplful Information website (HIA)*[https://helpfulinformation.redcross.nl/] you can find the opening times of the Cold Weather Regulation and winter shelters per city. |Q: Where can I find information about shelters for UM? A: On Helpful Information you can find information about local shelters for UM: https://helpfulinformation.redcross.nl/
Also on the website of LOS you can find information: https://www.stichtinglos.nl/noodopvang
|Q: Where can I find information about the medical rights of UM? 
 A: You can find information on the website of Stichting Los: https://www.stichtinglos.nl/content/gezondheidszorg|Q: Do people have the right to see a family doctor? A: Yes, people always have the right to see a family doctor. The doctor can reimburse the costs with the CAK. 
You can refer people to this website for information on how family doctors work in the Netherlands: 
* https://gpinfo.nl/1-dutch-healthcare|Q: Reimbursement of medical costs. A: * Important: it is differently arranged per target group (e.g. asylum seekers, undocumented, EU migrants. You can find more information on the website of CAK: https://www.hetcak.nl/zakelijk/via-welke-regeling-declareren/ 
• People who are undocumented have the right to receive all the necessary medical aid (medisch noodzakelijke zorg). This is care that is also in the basic health insurance. The costs are reimbursed by the CAK. you can always send the following letter to someone, they can show this letter to their doctor: https://helpfulinformation.redcross.nl/files/Brief-zorgverlening-ongedocumenteerde-migranten-landelijk.pdf 
• Here you can see what is in the basic package: https://www.zorginstituutnederland.nl/Verzekerde+zorg/basispakket-zorgverzekeringswet-zvw

What services can be reimbursed:
* General practitioners and dentists (for oral care up to the age of 18) are reimbursed for 80% by the CAK if the undocumented patient cannot pay this themselves. The CAK expects the healthcare provider to first try to recover the costs from the patient without a residence permit. Asking for payment can deter migrants without a residence permit and therefore hinders treatment compliance.
* You can only refer an undocumented patient to pharmacies, hospitals, Wlz and mental health care institutions with which the CAK has a contract. The list of contracted institutions changes regularly, for a current list visit Hetcak.nl/zakelijk/verzekeringen/onverzekerbare-vreemdelingen. 
* Since 2014, there has been a personal contribution of 5 euros per medicine, unless delivery via a blister/baxter is prescribed.
* Emergency care, by both contracted and non-contracted hospitals, is reimbursed for 80%.
* Obstetric care is 100% reimbursed.
* For long-term care (nursing home), AWBZ and GGZ institutions, only contracted institutions will be reimbursed for costs.
* Dental care above the age of 18 is not reimbursed, nor are medications and aids that are not covered by the basic package or care via the WMO.
|Q: What are important things to keep in mind? A: • You can ask for more details, but communicate why you are asking follow up questions
• Make it clear that as the Red Cross we don’t provide medical services, we only reffer people. 
• Let them try to contact a doctor themselves, or somobody in their network. Only if they are unable to 
call themselves, you can do it. 
• It can sometimes be quicker to find a doctor if they contact the doctor of their housemate / friend. 
• In the evening / office hours; check urgency
• Check if information is clear and if they can follow up. 
|Q: Where can I find informational materials about healthcare in the Netherlands? A: Informational materials in multiple languages:
https://ggdghor.nl/wp-content/uploads/2024/01/Overzicht-voorlichtingsmateriaal-in-diverse-talen-versie-2024.pdf

Video's explaining the healthcare system in the Netherlands in multiple languages:
* [English](https://www.youtube.com/watch?v=eCKtTKwnqDs&t=15s)
* [Dutch](https://www.youtube.com/watch?v=TWGu2EDj7wk)
* [Spanish](https://www.youtube.com/watch?v=r_xJpzV35yg)
* [Portuguese](https://www.youtube.com/watch?v=r2XNJz2h3DQ)
* [Farsi](https://www.youtube.com/watch?v=-RZfbTDm54k)
* [French](https://www.youtube.com/watch?v=yUIzAnkyEtE)
* [Arabic](https://www.youtube.com/watch?v=9Zy0PqoI51M)
* [Chinese](https://www.youtube.com/watch?v=Q-b5b0UnPyY)|Q: What organizations help UM to get medical care? A: It can often be difficult for UM to get access to medical care, eventhough they have the right to get it. This is because of language barriers, or because doctors don't know about the rights of UM or because they are too busy to receive them. 

Therefore, there are in all the bigger cities support organizations that can help UM with medical care directly (because voluntary doctors are working there) or getting them acces to health care because they have a network of doctors that are willing to help. You can find this information on HIA: https://helpfulinformation.redcross.nl/. 

The main organization is Doctors of the World. They have health care busses or locations, and they also do a lot of lobby and providing information. They also have a national helpdesk (https://doktersvandewereld.org/need-help) that provides help with medical care for undocumented migrants, for example:
* they can help UM find a GP close to them 
* they can teach people how to make an appointment or make an appointment for them if they cannot do it themselves
* they can help people get their medical bills reimbursed
* they can provide information about the Dutch healthcare system

Doctors of the World also provide medical care, dental care and psychological help themselves, for more information and offers in different cities see HIA.|Q: What can the Red Cross do? A: • We don’t have doctors ourselves! 
• We only give referral information or try to connect somebody with a doctor
• We do not reimburse medical costs, we sometimes can reimburse travel costs. Check this with team captain or Piket.",
"Which NL municipalities have UM shelter programs, and where is screening by Inlia required?",,"The Dutch municipalities with UM (undocumented migrants) shelter programs are Eindhoven, Utrecht, Groningen, and Amsterdam. Screening by Inlia is required in Groningen. For more information, visit: https://helpfulinformation.redcross.nl/ and https://www.stichtinglos.nl/noodopvang","Q: Where can I find more information about local shelter programs & BBB's? 
 A: You can find information about the local shelter possibilities on the Red Cross website Helpful Information: https://helpfulinformation.redcross.nl/ or on the website of LOS: https://www.stichtinglos.nl/noodopvang

In the following municipalities there is a shelter program for UM: 
- Eindhoven
- Utrecht
- Groningen (not on HIA yet) - screening is done by Inlia https://www.inlia.nl/nl
- AmsterdamWhere can I find more information about local shelter programs & BBB's? 

You can find information about the local shelter possibilities on the Red Cross website Helpful Information: https://helpfulinformation.redcross.nl/ or on the website of LOS: https://www.stichtinglos.nl/noodopvang

In the following municipalities there is a shelter program for UM: 
- Eindhoven
- Utrecht
- Groningen (not on HIA yet) - screening is done by Inlia https://www.inlia.nl/nl
- Amsterdam|Q: How do winter shelters function? A: There are two different types of winter shelter. You have the permanent winter shelter and the Cold Weather Regulation. The municipality can decide if they want to organize a permanent winter shelter and if this is accessible for undocumented migrants or not. They have the legal duty to organize the Cold Weather Regulation when temperatures go below 0 degrees as it becomes too dangerous to sleep outside. The Cold Weather Regulation can be opened in the period from the 1st of November until the 1st of April.
Undocumented migrants always have access access to the Cold Weather Regulation, but not always to the permanent winter shelters. 

Large cities (Amsterdam, Rotterdam, The Hague and Utrecht) coordinate the Cold Weather Regulation together. So they often open and close at the same time. 

On the *Heplful Information website (HIA)*[https://helpfulinformation.redcross.nl/] you can find the opening times of the Cold Weather Regulation and winter shelters per city. |Q: Where can I find information about shelters for UM? A: On Helpful Information you can find information about local shelters for UM: https://helpfulinformation.redcross.nl/
Also on the website of LOS you can find information: https://www.stichtinglos.nl/noodopvang
|Q: Where can I find information about the medical rights of UM? 
 A: You can find information on the website of Stichting Los: https://www.stichtinglos.nl/content/gezondheidszorg|Q: Do people have the right to see a family doctor? A: Yes, people always have the right to see a family doctor. The doctor can reimburse the costs with the CAK. 
You can refer people to this website for information on how family doctors work in the Netherlands: 
* https://gpinfo.nl/1-dutch-healthcare|Q: Reimbursement of medical costs. A: * Important: it is differently arranged per target group (e.g. asylum seekers, undocumented, EU migrants. You can find more information on the website of CAK: https://www.hetcak.nl/zakelijk/via-welke-regeling-declareren/ 
• People who are undocumented have the right to receive all the necessary medical aid (medisch noodzakelijke zorg). This is care that is also in the basic health insurance. The costs are reimbursed by the CAK. you can always send the following letter to someone, they can show this letter to their doctor: https://helpfulinformation.redcross.nl/files/Brief-zorgverlening-ongedocumenteerde-migranten-landelijk.pdf 
• Here you can see what is in the basic package: https://www.zorginstituutnederland.nl/Verzekerde+zorg/basispakket-zorgverzekeringswet-zvw

What services can be reimbursed:
* General practitioners and dentists (for oral care up to the age of 18) are reimbursed for 80% by the CAK if the undocumented patient cannot pay this themselves. The CAK expects the healthcare provider to first try to recover the costs from the patient without a residence permit. Asking for payment can deter migrants without a residence permit and therefore hinders treatment compliance.
* You can only refer an undocumented patient to pharmacies, hospitals, Wlz and mental health care institutions with which the CAK has a contract. The list of contracted institutions changes regularly, for a current list visit Hetcak.nl/zakelijk/verzekeringen/onverzekerbare-vreemdelingen. 
* Since 2014, there has been a personal contribution of 5 euros per medicine, unless delivery via a blister/baxter is prescribed.
* Emergency care, by both contracted and non-contracted hospitals, is reimbursed for 80%.
* Obstetric care is 100% reimbursed.
* For long-term care (nursing home), AWBZ and GGZ institutions, only contracted institutions will be reimbursed for costs.
* Dental care above the age of 18 is not reimbursed, nor are medications and aids that are not covered by the basic package or care via the WMO.
|Q: What are important things to keep in mind? A: • You can ask for more details, but communicate why you are asking follow up questions
• Make it clear that as the Red Cross we don’t provide medical services, we only reffer people. 
• Let them try to contact a doctor themselves, or somobody in their network. Only if they are unable to 
call themselves, you can do it. 
• It can sometimes be quicker to find a doctor if they contact the doctor of their housemate / friend. 
• In the evening / office hours; check urgency
• Check if information is clear and if they can follow up. 
|Q: Where can I find informational materials about healthcare in the Netherlands? A: Informational materials in multiple languages:
https://ggdghor.nl/wp-content/uploads/2024/01/Overzicht-voorlichtingsmateriaal-in-diverse-talen-versie-2024.pdf

Video's explaining the healthcare system in the Netherlands in multiple languages:
* [English](https://www.youtube.com/watch?v=eCKtTKwnqDs&t=15s)
* [Dutch](https://www.youtube.com/watch?v=TWGu2EDj7wk)
* [Spanish](https://www.youtube.com/watch?v=r_xJpzV35yg)
* [Portuguese](https://www.youtube.com/watch?v=r2XNJz2h3DQ)
* [Farsi](https://www.youtube.com/watch?v=-RZfbTDm54k)
* [French](https://www.youtube.com/watch?v=yUIzAnkyEtE)
* [Arabic](https://www.youtube.com/watch?v=9Zy0PqoI51M)
* [Chinese](https://www.youtube.com/watch?v=Q-b5b0UnPyY)|Q: What organizations help UM to get medical care? A: It can often be difficult for UM to get access to medical care, eventhough they have the right to get it. This is because of language barriers, or because doctors don't know about the rights of UM or because they are too busy to receive them. 

Therefore, there are in all the bigger cities support organizations that can help UM with medical care directly (because voluntary doctors are working there) or getting them acces to health care because they have a network of doctors that are willing to help. You can find this information on HIA: https://helpfulinformation.redcross.nl/. 

The main organization is Doctors of the World. They have health care busses or locations, and they also do a lot of lobby and providing information. They also have a national helpdesk (https://doktersvandewereld.org/need-help) that provides help with medical care for undocumented migrants, for example:
* they can help UM find a GP close to them 
* they can teach people how to make an appointment or make an appointment for them if they cannot do it themselves
* they can help people get their medical bills reimbursed
* they can provide information about the Dutch healthcare system

Doctors of the World also provide medical care, dental care and psychological help themselves, for more information and offers in different cities see HIA.|Q: What can the Red Cross do? A: • We don’t have doctors ourselves! 
• We only give referral information or try to connect somebody with a doctor
• We do not reimburse medical costs, we sometimes can reimburse travel costs. Check this with team captain or Piket.",
How do permanent winter shelters and Cold Weather Regulation shelters differ in access and operation?,,"Permanent winter shelters are organized by municipalities and may or may not be accessible to undocumented migrants, depending on local decisions. In contrast, Cold Weather Regulation shelters must be opened by law when temperatures drop below 0°C (from November 1 to April 1) because it becomes too dangerous to sleep outside, and undocumented migrants always have access to these shelters. Large cities coordinate the opening and closing of Cold Weather Regulation shelters together. For up-to-date information on opening times and access, visit https://helpfulinformation.redcross.nl/.","Q: Where can I find more information about local shelter programs & BBB's? 
 A: You can find information about the local shelter possibilities on the Red Cross website Helpful Information: https://helpfulinformation.redcross.nl/ or on the website of LOS: https://www.stichtinglos.nl/noodopvang

In the following municipalities there is a shelter program for UM: 
- Eindhoven
- Utrecht
- Groningen (not on HIA yet) - screening is done by Inlia https://www.inlia.nl/nl
- AmsterdamWhere can I find more information about local shelter programs & BBB's? 

You can find information about the local shelter possibilities on the Red Cross website Helpful Information: https://helpfulinformation.redcross.nl/ or on the website of LOS: https://www.stichtinglos.nl/noodopvang

In the following municipalities there is a shelter program for UM: 
- Eindhoven
- Utrecht
- Groningen (not on HIA yet) - screening is done by Inlia https://www.inlia.nl/nl
- Amsterdam|Q: How do winter shelters function? A: There are two different types of winter shelter. You have the permanent winter shelter and the Cold Weather Regulation. The municipality can decide if they want to organize a permanent winter shelter and if this is accessible for undocumented migrants or not. They have the legal duty to organize the Cold Weather Regulation when temperatures go below 0 degrees as it becomes too dangerous to sleep outside. The Cold Weather Regulation can be opened in the period from the 1st of November until the 1st of April.
Undocumented migrants always have access access to the Cold Weather Regulation, but not always to the permanent winter shelters. 

Large cities (Amsterdam, Rotterdam, The Hague and Utrecht) coordinate the Cold Weather Regulation together. So they often open and close at the same time. 

On the *Heplful Information website (HIA)*[https://helpfulinformation.redcross.nl/] you can find the opening times of the Cold Weather Regulation and winter shelters per city. |Q: Where can I find information about shelters for UM? A: On Helpful Information you can find information about local shelters for UM: https://helpfulinformation.redcross.nl/
Also on the website of LOS you can find information: https://www.stichtinglos.nl/noodopvang
|Q: Where can I find information about the medical rights of UM? 
 A: You can find information on the website of Stichting Los: https://www.stichtinglos.nl/content/gezondheidszorg|Q: Do people have the right to see a family doctor? A: Yes, people always have the right to see a family doctor. The doctor can reimburse the costs with the CAK. 
You can refer people to this website for information on how family doctors work in the Netherlands: 
* https://gpinfo.nl/1-dutch-healthcare|Q: Reimbursement of medical costs. A: * Important: it is differently arranged per target group (e.g. asylum seekers, undocumented, EU migrants. You can find more information on the website of CAK: https://www.hetcak.nl/zakelijk/via-welke-regeling-declareren/ 
• People who are undocumented have the right to receive all the necessary medical aid (medisch noodzakelijke zorg). This is care that is also in the basic health insurance. The costs are reimbursed by the CAK. you can always send the following letter to someone, they can show this letter to their doctor: https://helpfulinformation.redcross.nl/files/Brief-zorgverlening-ongedocumenteerde-migranten-landelijk.pdf 
• Here you can see what is in the basic package: https://www.zorginstituutnederland.nl/Verzekerde+zorg/basispakket-zorgverzekeringswet-zvw

What services can be reimbursed:
* General practitioners and dentists (for oral care up to the age of 18) are reimbursed for 80% by the CAK if the undocumented patient cannot pay this themselves. The CAK expects the healthcare provider to first try to recover the costs from the patient without a residence permit. Asking for payment can deter migrants without a residence permit and therefore hinders treatment compliance.
* You can only refer an undocumented patient to pharmacies, hospitals, Wlz and mental health care institutions with which the CAK has a contract. The list of contracted institutions changes regularly, for a current list visit Hetcak.nl/zakelijk/verzekeringen/onverzekerbare-vreemdelingen. 
* Since 2014, there has been a personal contribution of 5 euros per medicine, unless delivery via a blister/baxter is prescribed.
* Emergency care, by both contracted and non-contracted hospitals, is reimbursed for 80%.
* Obstetric care is 100% reimbursed.
* For long-term care (nursing home), AWBZ and GGZ institutions, only contracted institutions will be reimbursed for costs.
* Dental care above the age of 18 is not reimbursed, nor are medications and aids that are not covered by the basic package or care via the WMO.
|Q: What are important things to keep in mind? A: • You can ask for more details, but communicate why you are asking follow up questions
• Make it clear that as the Red Cross we don’t provide medical services, we only reffer people. 
• Let them try to contact a doctor themselves, or somobody in their network. Only if they are unable to 
call themselves, you can do it. 
• It can sometimes be quicker to find a doctor if they contact the doctor of their housemate / friend. 
• In the evening / office hours; check urgency
• Check if information is clear and if they can follow up. 
|Q: Where can I find informational materials about healthcare in the Netherlands? A: Informational materials in multiple languages:
https://ggdghor.nl/wp-content/uploads/2024/01/Overzicht-voorlichtingsmateriaal-in-diverse-talen-versie-2024.pdf

Video's explaining the healthcare system in the Netherlands in multiple languages:
* [English](https://www.youtube.com/watch?v=eCKtTKwnqDs&t=15s)
* [Dutch](https://www.youtube.com/watch?v=TWGu2EDj7wk)
* [Spanish](https://www.youtube.com/watch?v=r_xJpzV35yg)
* [Portuguese](https://www.youtube.com/watch?v=r2XNJz2h3DQ)
* [Farsi](https://www.youtube.com/watch?v=-RZfbTDm54k)
* [French](https://www.youtube.com/watch?v=yUIzAnkyEtE)
* [Arabic](https://www.youtube.com/watch?v=9Zy0PqoI51M)
* [Chinese](https://www.youtube.com/watch?v=Q-b5b0UnPyY)|Q: What organizations help UM to get medical care? A: It can often be difficult for UM to get access to medical care, eventhough they have the right to get it. This is because of language barriers, or because doctors don't know about the rights of UM or because they are too busy to receive them. 

Therefore, there are in all the bigger cities support organizations that can help UM with medical care directly (because voluntary doctors are working there) or getting them acces to health care because they have a network of doctors that are willing to help. You can find this information on HIA: https://helpfulinformation.redcross.nl/. 

The main organization is Doctors of the World. They have health care busses or locations, and they also do a lot of lobby and providing information. They also have a national helpdesk (https://doktersvandewereld.org/need-help) that provides help with medical care for undocumented migrants, for example:
* they can help UM find a GP close to them 
* they can teach people how to make an appointment or make an appointment for them if they cannot do it themselves
* they can help people get their medical bills reimbursed
* they can provide information about the Dutch healthcare system

Doctors of the World also provide medical care, dental care and psychological help themselves, for more information and offers in different cities see HIA.|Q: What can the Red Cross do? A: • We don’t have doctors ourselves! 
• We only give referral information or try to connect somebody with a doctor
• We do not reimburse medical costs, we sometimes can reimburse travel costs. Check this with team captain or Piket.",
"How do NL municipalities coordinate CWR access for UM, and what triggers its activation period?",,"Large cities in the Netherlands (Amsterdam, Rotterdam, The Hague, and Utrecht) coordinate the Cold Weather Regulation (CWR) together, often opening and closing it at the same time. The CWR is activated when temperatures drop below 0 degrees Celsius, as it becomes too dangerous to sleep outside. The activation period can be from November 1st to April 1st. Undocumented migrants (UM) always have access to the CWR, but not always to permanent winter shelters. For up-to-date opening times per city, see: https://helpfulinformation.redcross.nl/","Q: Where can I find more information about local shelter programs & BBB's? 
 A: You can find information about the local shelter possibilities on the Red Cross website Helpful Information: https://helpfulinformation.redcross.nl/ or on the website of LOS: https://www.stichtinglos.nl/noodopvang

In the following municipalities there is a shelter program for UM: 
- Eindhoven
- Utrecht
- Groningen (not on HIA yet) - screening is done by Inlia https://www.inlia.nl/nl
- AmsterdamWhere can I find more information about local shelter programs & BBB's? 

You can find information about the local shelter possibilities on the Red Cross website Helpful Information: https://helpfulinformation.redcross.nl/ or on the website of LOS: https://www.stichtinglos.nl/noodopvang

In the following municipalities there is a shelter program for UM: 
- Eindhoven
- Utrecht
- Groningen (not on HIA yet) - screening is done by Inlia https://www.inlia.nl/nl
- Amsterdam|Q: How do winter shelters function? A: There are two different types of winter shelter. You have the permanent winter shelter and the Cold Weather Regulation. The municipality can decide if they want to organize a permanent winter shelter and if this is accessible for undocumented migrants or not. They have the legal duty to organize the Cold Weather Regulation when temperatures go below 0 degrees as it becomes too dangerous to sleep outside. The Cold Weather Regulation can be opened in the period from the 1st of November until the 1st of April.
Undocumented migrants always have access access to the Cold Weather Regulation, but not always to the permanent winter shelters. 

Large cities (Amsterdam, Rotterdam, The Hague and Utrecht) coordinate the Cold Weather Regulation together. So they often open and close at the same time. 

On the *Heplful Information website (HIA)*[https://helpfulinformation.redcross.nl/] you can find the opening times of the Cold Weather Regulation and winter shelters per city. |Q: Where can I find information about shelters for UM? A: On Helpful Information you can find information about local shelters for UM: https://helpfulinformation.redcross.nl/
Also on the website of LOS you can find information: https://www.stichtinglos.nl/noodopvang
|Q: Where can I find information about the medical rights of UM? 
 A: You can find information on the website of Stichting Los: https://www.stichtinglos.nl/content/gezondheidszorg|Q: Do people have the right to see a family doctor? A: Yes, people always have the right to see a family doctor. The doctor can reimburse the costs with the CAK. 
You can refer people to this website for information on how family doctors work in the Netherlands: 
* https://gpinfo.nl/1-dutch-healthcare|Q: Reimbursement of medical costs. A: * Important: it is differently arranged per target group (e.g. asylum seekers, undocumented, EU migrants. You can find more information on the website of CAK: https://www.hetcak.nl/zakelijk/via-welke-regeling-declareren/ 
• People who are undocumented have the right to receive all the necessary medical aid (medisch noodzakelijke zorg). This is care that is also in the basic health insurance. The costs are reimbursed by the CAK. you can always send the following letter to someone, they can show this letter to their doctor: https://helpfulinformation.redcross.nl/files/Brief-zorgverlening-ongedocumenteerde-migranten-landelijk.pdf 
• Here you can see what is in the basic package: https://www.zorginstituutnederland.nl/Verzekerde+zorg/basispakket-zorgverzekeringswet-zvw

What services can be reimbursed:
* General practitioners and dentists (for oral care up to the age of 18) are reimbursed for 80% by the CAK if the undocumented patient cannot pay this themselves. The CAK expects the healthcare provider to first try to recover the costs from the patient without a residence permit. Asking for payment can deter migrants without a residence permit and therefore hinders treatment compliance.
* You can only refer an undocumented patient to pharmacies, hospitals, Wlz and mental health care institutions with which the CAK has a contract. The list of contracted institutions changes regularly, for a current list visit Hetcak.nl/zakelijk/verzekeringen/onverzekerbare-vreemdelingen. 
* Since 2014, there has been a personal contribution of 5 euros per medicine, unless delivery via a blister/baxter is prescribed.
* Emergency care, by both contracted and non-contracted hospitals, is reimbursed for 80%.
* Obstetric care is 100% reimbursed.
* For long-term care (nursing home), AWBZ and GGZ institutions, only contracted institutions will be reimbursed for costs.
* Dental care above the age of 18 is not reimbursed, nor are medications and aids that are not covered by the basic package or care via the WMO.
|Q: What are important things to keep in mind? A: • You can ask for more details, but communicate why you are asking follow up questions
• Make it clear that as the Red Cross we don’t provide medical services, we only reffer people. 
• Let them try to contact a doctor themselves, or somobody in their network. Only if they are unable to 
call themselves, you can do it. 
• It can sometimes be quicker to find a doctor if they contact the doctor of their housemate / friend. 
• In the evening / office hours; check urgency
• Check if information is clear and if they can follow up. 
|Q: Where can I find informational materials about healthcare in the Netherlands? A: Informational materials in multiple languages:
https://ggdghor.nl/wp-content/uploads/2024/01/Overzicht-voorlichtingsmateriaal-in-diverse-talen-versie-2024.pdf

Video's explaining the healthcare system in the Netherlands in multiple languages:
* [English](https://www.youtube.com/watch?v=eCKtTKwnqDs&t=15s)
* [Dutch](https://www.youtube.com/watch?v=TWGu2EDj7wk)
* [Spanish](https://www.youtube.com/watch?v=r_xJpzV35yg)
* [Portuguese](https://www.youtube.com/watch?v=r2XNJz2h3DQ)
* [Farsi](https://www.youtube.com/watch?v=-RZfbTDm54k)
* [French](https://www.youtube.com/watch?v=yUIzAnkyEtE)
* [Arabic](https://www.youtube.com/watch?v=9Zy0PqoI51M)
* [Chinese](https://www.youtube.com/watch?v=Q-b5b0UnPyY)|Q: What organizations help UM to get medical care? A: It can often be difficult for UM to get access to medical care, eventhough they have the right to get it. This is because of language barriers, or because doctors don't know about the rights of UM or because they are too busy to receive them. 

Therefore, there are in all the bigger cities support organizations that can help UM with medical care directly (because voluntary doctors are working there) or getting them acces to health care because they have a network of doctors that are willing to help. You can find this information on HIA: https://helpfulinformation.redcross.nl/. 

The main organization is Doctors of the World. They have health care busses or locations, and they also do a lot of lobby and providing information. They also have a national helpdesk (https://doktersvandewereld.org/need-help) that provides help with medical care for undocumented migrants, for example:
* they can help UM find a GP close to them 
* they can teach people how to make an appointment or make an appointment for them if they cannot do it themselves
* they can help people get their medical bills reimbursed
* they can provide information about the Dutch healthcare system

Doctors of the World also provide medical care, dental care and psychological help themselves, for more information and offers in different cities see HIA.|Q: What can the Red Cross do? A: • We don’t have doctors ourselves! 
• We only give referral information or try to connect somebody with a doctor
• We do not reimburse medical costs, we sometimes can reimburse travel costs. Check this with team captain or Piket.",
"If a city expands permanent winter shelters, would UM gain guaranteed access alongside Cold Weather Regulation?",,"No, expanding permanent winter shelters does not automatically guarantee access for undocumented migrants (UM). Access to permanent winter shelters is decided by the municipality, and UM are not always allowed. However, UM always have access to the Cold Weather Regulation when temperatures go below 0°C, as this is a legal requirement. For up-to-date information on shelter access, check https://helpfulinformation.redcross.nl/.","Q: Where can I find more information about local shelter programs & BBB's? 
 A: You can find information about the local shelter possibilities on the Red Cross website Helpful Information: https://helpfulinformation.redcross.nl/ or on the website of LOS: https://www.stichtinglos.nl/noodopvang

In the following municipalities there is a shelter program for UM: 
- Eindhoven
- Utrecht
- Groningen (not on HIA yet) - screening is done by Inlia https://www.inlia.nl/nl
- AmsterdamWhere can I find more information about local shelter programs & BBB's? 

You can find information about the local shelter possibilities on the Red Cross website Helpful Information: https://helpfulinformation.redcross.nl/ or on the website of LOS: https://www.stichtinglos.nl/noodopvang

In the following municipalities there is a shelter program for UM: 
- Eindhoven
- Utrecht
- Groningen (not on HIA yet) - screening is done by Inlia https://www.inlia.nl/nl
- Amsterdam|Q: How do winter shelters function? A: There are two different types of winter shelter. You have the permanent winter shelter and the Cold Weather Regulation. The municipality can decide if they want to organize a permanent winter shelter and if this is accessible for undocumented migrants or not. They have the legal duty to organize the Cold Weather Regulation when temperatures go below 0 degrees as it becomes too dangerous to sleep outside. The Cold Weather Regulation can be opened in the period from the 1st of November until the 1st of April.
Undocumented migrants always have access access to the Cold Weather Regulation, but not always to the permanent winter shelters. 

Large cities (Amsterdam, Rotterdam, The Hague and Utrecht) coordinate the Cold Weather Regulation together. So they often open and close at the same time. 

On the *Heplful Information website (HIA)*[https://helpfulinformation.redcross.nl/] you can find the opening times of the Cold Weather Regulation and winter shelters per city. |Q: Where can I find information about shelters for UM? A: On Helpful Information you can find information about local shelters for UM: https://helpfulinformation.redcross.nl/
Also on the website of LOS you can find information: https://www.stichtinglos.nl/noodopvang
|Q: Where can I find information about the medical rights of UM? 
 A: You can find information on the website of Stichting Los: https://www.stichtinglos.nl/content/gezondheidszorg|Q: Do people have the right to see a family doctor? A: Yes, people always have the right to see a family doctor. The doctor can reimburse the costs with the CAK. 
You can refer people to this website for information on how family doctors work in the Netherlands: 
* https://gpinfo.nl/1-dutch-healthcare|Q: Reimbursement of medical costs. A: * Important: it is differently arranged per target group (e.g. asylum seekers, undocumented, EU migrants. You can find more information on the website of CAK: https://www.hetcak.nl/zakelijk/via-welke-regeling-declareren/ 
• People who are undocumented have the right to receive all the necessary medical aid (medisch noodzakelijke zorg). This is care that is also in the basic health insurance. The costs are reimbursed by the CAK. you can always send the following letter to someone, they can show this letter to their doctor: https://helpfulinformation.redcross.nl/files/Brief-zorgverlening-ongedocumenteerde-migranten-landelijk.pdf 
• Here you can see what is in the basic package: https://www.zorginstituutnederland.nl/Verzekerde+zorg/basispakket-zorgverzekeringswet-zvw

What services can be reimbursed:
* General practitioners and dentists (for oral care up to the age of 18) are reimbursed for 80% by the CAK if the undocumented patient cannot pay this themselves. The CAK expects the healthcare provider to first try to recover the costs from the patient without a residence permit. Asking for payment can deter migrants without a residence permit and therefore hinders treatment compliance.
* You can only refer an undocumented patient to pharmacies, hospitals, Wlz and mental health care institutions with which the CAK has a contract. The list of contracted institutions changes regularly, for a current list visit Hetcak.nl/zakelijk/verzekeringen/onverzekerbare-vreemdelingen. 
* Since 2014, there has been a personal contribution of 5 euros per medicine, unless delivery via a blister/baxter is prescribed.
* Emergency care, by both contracted and non-contracted hospitals, is reimbursed for 80%.
* Obstetric care is 100% reimbursed.
* For long-term care (nursing home), AWBZ and GGZ institutions, only contracted institutions will be reimbursed for costs.
* Dental care above the age of 18 is not reimbursed, nor are medications and aids that are not covered by the basic package or care via the WMO.
|Q: What are important things to keep in mind? A: • You can ask for more details, but communicate why you are asking follow up questions
• Make it clear that as the Red Cross we don’t provide medical services, we only reffer people. 
• Let them try to contact a doctor themselves, or somobody in their network. Only if they are unable to 
call themselves, you can do it. 
• It can sometimes be quicker to find a doctor if they contact the doctor of their housemate / friend. 
• In the evening / office hours; check urgency
• Check if information is clear and if they can follow up. 
|Q: Where can I find informational materials about healthcare in the Netherlands? A: Informational materials in multiple languages:
https://ggdghor.nl/wp-content/uploads/2024/01/Overzicht-voorlichtingsmateriaal-in-diverse-talen-versie-2024.pdf

Video's explaining the healthcare system in the Netherlands in multiple languages:
* [English](https://www.youtube.com/watch?v=eCKtTKwnqDs&t=15s)
* [Dutch](https://www.youtube.com/watch?v=TWGu2EDj7wk)
* [Spanish](https://www.youtube.com/watch?v=r_xJpzV35yg)
* [Portuguese](https://www.youtube.com/watch?v=r2XNJz2h3DQ)
* [Farsi](https://www.youtube.com/watch?v=-RZfbTDm54k)
* [French](https://www.youtube.com/watch?v=yUIzAnkyEtE)
* [Arabic](https://www.youtube.com/watch?v=9Zy0PqoI51M)
* [Chinese](https://www.youtube.com/watch?v=Q-b5b0UnPyY)|Q: What organizations help UM to get medical care? A: It can often be difficult for UM to get access to medical care, eventhough they have the right to get it. This is because of language barriers, or because doctors don't know about the rights of UM or because they are too busy to receive them. 

Therefore, there are in all the bigger cities support organizations that can help UM with medical care directly (because voluntary doctors are working there) or getting them acces to health care because they have a network of doctors that are willing to help. You can find this information on HIA: https://helpfulinformation.redcross.nl/. 

The main organization is Doctors of the World. They have health care busses or locations, and they also do a lot of lobby and providing information. They also have a national helpdesk (https://doktersvandewereld.org/need-help) that provides help with medical care for undocumented migrants, for example:
* they can help UM find a GP close to them 
* they can teach people how to make an appointment or make an appointment for them if they cannot do it themselves
* they can help people get their medical bills reimbursed
* they can provide information about the Dutch healthcare system

Doctors of the World also provide medical care, dental care and psychological help themselves, for more information and offers in different cities see HIA.|Q: What can the Red Cross do? A: • We don’t have doctors ourselves! 
• We only give referral information or try to connect somebody with a doctor
• We do not reimburse medical costs, we sometimes can reimburse travel costs. Check this with team captain or Piket.",
"Where can I find opening times of winter shelters per city, including Cold Weather Regulation periods?",,"You can find the opening times of winter shelters per city, including Cold Weather Regulation periods, on the Helpful Information website: https://helpfulinformation.redcross.nl/. This site provides up-to-date information for each city.","Q: Where can I find more information about local shelter programs & BBB's? 
 A: You can find information about the local shelter possibilities on the Red Cross website Helpful Information: https://helpfulinformation.redcross.nl/ or on the website of LOS: https://www.stichtinglos.nl/noodopvang

In the following municipalities there is a shelter program for UM: 
- Eindhoven
- Utrecht
- Groningen (not on HIA yet) - screening is done by Inlia https://www.inlia.nl/nl
- AmsterdamWhere can I find more information about local shelter programs & BBB's? 

You can find information about the local shelter possibilities on the Red Cross website Helpful Information: https://helpfulinformation.redcross.nl/ or on the website of LOS: https://www.stichtinglos.nl/noodopvang

In the following municipalities there is a shelter program for UM: 
- Eindhoven
- Utrecht
- Groningen (not on HIA yet) - screening is done by Inlia https://www.inlia.nl/nl
- Amsterdam|Q: How do winter shelters function? A: There are two different types of winter shelter. You have the permanent winter shelter and the Cold Weather Regulation. The municipality can decide if they want to organize a permanent winter shelter and if this is accessible for undocumented migrants or not. They have the legal duty to organize the Cold Weather Regulation when temperatures go below 0 degrees as it becomes too dangerous to sleep outside. The Cold Weather Regulation can be opened in the period from the 1st of November until the 1st of April.
Undocumented migrants always have access access to the Cold Weather Regulation, but not always to the permanent winter shelters. 

Large cities (Amsterdam, Rotterdam, The Hague and Utrecht) coordinate the Cold Weather Regulation together. So they often open and close at the same time. 

On the *Heplful Information website (HIA)*[https://helpfulinformation.redcross.nl/] you can find the opening times of the Cold Weather Regulation and winter shelters per city. |Q: Where can I find information about shelters for UM? A: On Helpful Information you can find information about local shelters for UM: https://helpfulinformation.redcross.nl/
Also on the website of LOS you can find information: https://www.stichtinglos.nl/noodopvang
|Q: Where can I find information about the medical rights of UM? 
 A: You can find information on the website of Stichting Los: https://www.stichtinglos.nl/content/gezondheidszorg|Q: Do people have the right to see a family doctor? A: Yes, people always have the right to see a family doctor. The doctor can reimburse the costs with the CAK. 
You can refer people to this website for information on how family doctors work in the Netherlands: 
* https://gpinfo.nl/1-dutch-healthcare|Q: Reimbursement of medical costs. A: * Important: it is differently arranged per target group (e.g. asylum seekers, undocumented, EU migrants. You can find more information on the website of CAK: https://www.hetcak.nl/zakelijk/via-welke-regeling-declareren/ 
• People who are undocumented have the right to receive all the necessary medical aid (medisch noodzakelijke zorg). This is care that is also in the basic health insurance. The costs are reimbursed by the CAK. you can always send the following letter to someone, they can show this letter to their doctor: https://helpfulinformation.redcross.nl/files/Brief-zorgverlening-ongedocumenteerde-migranten-landelijk.pdf 
• Here you can see what is in the basic package: https://www.zorginstituutnederland.nl/Verzekerde+zorg/basispakket-zorgverzekeringswet-zvw

What services can be reimbursed:
* General practitioners and dentists (for oral care up to the age of 18) are reimbursed for 80% by the CAK if the undocumented patient cannot pay this themselves. The CAK expects the healthcare provider to first try to recover the costs from the patient without a residence permit. Asking for payment can deter migrants without a residence permit and therefore hinders treatment compliance.
* You can only refer an undocumented patient to pharmacies, hospitals, Wlz and mental health care institutions with which the CAK has a contract. The list of contracted institutions changes regularly, for a current list visit Hetcak.nl/zakelijk/verzekeringen/onverzekerbare-vreemdelingen. 
* Since 2014, there has been a personal contribution of 5 euros per medicine, unless delivery via a blister/baxter is prescribed.
* Emergency care, by both contracted and non-contracted hospitals, is reimbursed for 80%.
* Obstetric care is 100% reimbursed.
* For long-term care (nursing home), AWBZ and GGZ institutions, only contracted institutions will be reimbursed for costs.
* Dental care above the age of 18 is not reimbursed, nor are medications and aids that are not covered by the basic package or care via the WMO.
|Q: What are important things to keep in mind? A: • You can ask for more details, but communicate why you are asking follow up questions
• Make it clear that as the Red Cross we don’t provide medical services, we only reffer people. 
• Let them try to contact a doctor themselves, or somobody in their network. Only if they are unable to 
call themselves, you can do it. 
• It can sometimes be quicker to find a doctor if they contact the doctor of their housemate / friend. 
• In the evening / office hours; check urgency
• Check if information is clear and if they can follow up. 
|Q: Where can I find informational materials about healthcare in the Netherlands? A: Informational materials in multiple languages:
https://ggdghor.nl/wp-content/uploads/2024/01/Overzicht-voorlichtingsmateriaal-in-diverse-talen-versie-2024.pdf

Video's explaining the healthcare system in the Netherlands in multiple languages:
* [English](https://www.youtube.com/watch?v=eCKtTKwnqDs&t=15s)
* [Dutch](https://www.youtube.com/watch?v=TWGu2EDj7wk)
* [Spanish](https://www.youtube.com/watch?v=r_xJpzV35yg)
* [Portuguese](https://www.youtube.com/watch?v=r2XNJz2h3DQ)
* [Farsi](https://www.youtube.com/watch?v=-RZfbTDm54k)
* [French](https://www.youtube.com/watch?v=yUIzAnkyEtE)
* [Arabic](https://www.youtube.com/watch?v=9Zy0PqoI51M)
* [Chinese](https://www.youtube.com/watch?v=Q-b5b0UnPyY)|Q: What organizations help UM to get medical care? A: It can often be difficult for UM to get access to medical care, eventhough they have the right to get it. This is because of language barriers, or because doctors don't know about the rights of UM or because they are too busy to receive them. 

Therefore, there are in all the bigger cities support organizations that can help UM with medical care directly (because voluntary doctors are working there) or getting them acces to health care because they have a network of doctors that are willing to help. You can find this information on HIA: https://helpfulinformation.redcross.nl/. 

The main organization is Doctors of the World. They have health care busses or locations, and they also do a lot of lobby and providing information. They also have a national helpdesk (https://doktersvandewereld.org/need-help) that provides help with medical care for undocumented migrants, for example:
* they can help UM find a GP close to them 
* they can teach people how to make an appointment or make an appointment for them if they cannot do it themselves
* they can help people get their medical bills reimbursed
* they can provide information about the Dutch healthcare system

Doctors of the World also provide medical care, dental care and psychological help themselves, for more information and offers in different cities see HIA.|Q: What can the Red Cross do? A: • We don’t have doctors ourselves! 
• We only give referral information or try to connect somebody with a doctor
• We do not reimburse medical costs, we sometimes can reimburse travel costs. Check this with team captain or Piket.",
"Where can I find info about shelters for UM in NL, including winter shelter and BBB’s?",,"You can find information about shelters for UM (undocumented migrants) in the Netherlands, including winter shelters and BBB’s, on the Red Cross Helpful Information website: https://helpfulinformation.redcross.nl/ and on the LOS Foundation website: https://www.stichtinglos.nl/noodopvang. For details about winter shelters and the Cold Weather Regulation, including opening times per city, check the Helpful Information website.","Q: Where can I find more information about local shelter programs & BBB's? 
 A: You can find information about the local shelter possibilities on the Red Cross website Helpful Information: https://helpfulinformation.redcross.nl/ or on the website of LOS: https://www.stichtinglos.nl/noodopvang

In the following municipalities there is a shelter program for UM: 
- Eindhoven
- Utrecht
- Groningen (not on HIA yet) - screening is done by Inlia https://www.inlia.nl/nl
- AmsterdamWhere can I find more information about local shelter programs & BBB's? 

You can find information about the local shelter possibilities on the Red Cross website Helpful Information: https://helpfulinformation.redcross.nl/ or on the website of LOS: https://www.stichtinglos.nl/noodopvang

In the following municipalities there is a shelter program for UM: 
- Eindhoven
- Utrecht
- Groningen (not on HIA yet) - screening is done by Inlia https://www.inlia.nl/nl
- Amsterdam|Q: How do winter shelters function? A: There are two different types of winter shelter. You have the permanent winter shelter and the Cold Weather Regulation. The municipality can decide if they want to organize a permanent winter shelter and if this is accessible for undocumented migrants or not. They have the legal duty to organize the Cold Weather Regulation when temperatures go below 0 degrees as it becomes too dangerous to sleep outside. The Cold Weather Regulation can be opened in the period from the 1st of November until the 1st of April.
Undocumented migrants always have access access to the Cold Weather Regulation, but not always to the permanent winter shelters. 

Large cities (Amsterdam, Rotterdam, The Hague and Utrecht) coordinate the Cold Weather Regulation together. So they often open and close at the same time. 

On the *Heplful Information website (HIA)*[https://helpfulinformation.redcross.nl/] you can find the opening times of the Cold Weather Regulation and winter shelters per city. |Q: Where can I find information about shelters for UM? A: On Helpful Information you can find information about local shelters for UM: https://helpfulinformation.redcross.nl/
Also on the website of LOS you can find information: https://www.stichtinglos.nl/noodopvang
|Q: Where can I find information about the medical rights of UM? 
 A: You can find information on the website of Stichting Los: https://www.stichtinglos.nl/content/gezondheidszorg|Q: Do people have the right to see a family doctor? A: Yes, people always have the right to see a family doctor. The doctor can reimburse the costs with the CAK. 
You can refer people to this website for information on how family doctors work in the Netherlands: 
* https://gpinfo.nl/1-dutch-healthcare|Q: Reimbursement of medical costs. A: * Important: it is differently arranged per target group (e.g. asylum seekers, undocumented, EU migrants. You can find more information on the website of CAK: https://www.hetcak.nl/zakelijk/via-welke-regeling-declareren/ 
• People who are undocumented have the right to receive all the necessary medical aid (medisch noodzakelijke zorg). This is care that is also in the basic health insurance. The costs are reimbursed by the CAK. you can always send the following letter to someone, they can show this letter to their doctor: https://helpfulinformation.redcross.nl/files/Brief-zorgverlening-ongedocumenteerde-migranten-landelijk.pdf 
• Here you can see what is in the basic package: https://www.zorginstituutnederland.nl/Verzekerde+zorg/basispakket-zorgverzekeringswet-zvw

What services can be reimbursed:
* General practitioners and dentists (for oral care up to the age of 18) are reimbursed for 80% by the CAK if the undocumented patient cannot pay this themselves. The CAK expects the healthcare provider to first try to recover the costs from the patient without a residence permit. Asking for payment can deter migrants without a residence permit and therefore hinders treatment compliance.
* You can only refer an undocumented patient to pharmacies, hospitals, Wlz and mental health care institutions with which the CAK has a contract. The list of contracted institutions changes regularly, for a current list visit Hetcak.nl/zakelijk/verzekeringen/onverzekerbare-vreemdelingen. 
* Since 2014, there has been a personal contribution of 5 euros per medicine, unless delivery via a blister/baxter is prescribed.
* Emergency care, by both contracted and non-contracted hospitals, is reimbursed for 80%.
* Obstetric care is 100% reimbursed.
* For long-term care (nursing home), AWBZ and GGZ institutions, only contracted institutions will be reimbursed for costs.
* Dental care above the age of 18 is not reimbursed, nor are medications and aids that are not covered by the basic package or care via the WMO.
|Q: What are important things to keep in mind? A: • You can ask for more details, but communicate why you are asking follow up questions
• Make it clear that as the Red Cross we don’t provide medical services, we only reffer people. 
• Let them try to contact a doctor themselves, or somobody in their network. Only if they are unable to 
call themselves, you can do it. 
• It can sometimes be quicker to find a doctor if they contact the doctor of their housemate / friend. 
• In the evening / office hours; check urgency
• Check if information is clear and if they can follow up. 
|Q: Where can I find informational materials about healthcare in the Netherlands? A: Informational materials in multiple languages:
https://ggdghor.nl/wp-content/uploads/2024/01/Overzicht-voorlichtingsmateriaal-in-diverse-talen-versie-2024.pdf

Video's explaining the healthcare system in the Netherlands in multiple languages:
* [English](https://www.youtube.com/watch?v=eCKtTKwnqDs&t=15s)
* [Dutch](https://www.youtube.com/watch?v=TWGu2EDj7wk)
* [Spanish](https://www.youtube.com/watch?v=r_xJpzV35yg)
* [Portuguese](https://www.youtube.com/watch?v=r2XNJz2h3DQ)
* [Farsi](https://www.youtube.com/watch?v=-RZfbTDm54k)
* [French](https://www.youtube.com/watch?v=yUIzAnkyEtE)
* [Arabic](https://www.youtube.com/watch?v=9Zy0PqoI51M)
* [Chinese](https://www.youtube.com/watch?v=Q-b5b0UnPyY)|Q: What organizations help UM to get medical care? A: It can often be difficult for UM to get access to medical care, eventhough they have the right to get it. This is because of language barriers, or because doctors don't know about the rights of UM or because they are too busy to receive them. 

Therefore, there are in all the bigger cities support organizations that can help UM with medical care directly (because voluntary doctors are working there) or getting them acces to health care because they have a network of doctors that are willing to help. You can find this information on HIA: https://helpfulinformation.redcross.nl/. 

The main organization is Doctors of the World. They have health care busses or locations, and they also do a lot of lobby and providing information. They also have a national helpdesk (https://doktersvandewereld.org/need-help) that provides help with medical care for undocumented migrants, for example:
* they can help UM find a GP close to them 
* they can teach people how to make an appointment or make an appointment for them if they cannot do it themselves
* they can help people get their medical bills reimbursed
* they can provide information about the Dutch healthcare system

Doctors of the World also provide medical care, dental care and psychological help themselves, for more information and offers in different cities see HIA.|Q: What can the Red Cross do? A: • We don’t have doctors ourselves! 
• We only give referral information or try to connect somebody with a doctor
• We do not reimburse medical costs, we sometimes can reimburse travel costs. Check this with team captain or Piket.",
"Identify which medical services UM can access, reimbursement conditions, and official sources for this info.",,"Undocumented migrants (UM) have the right to receive all necessary medical care included in the basic health insurance package. General practitioners and dentists (for those under 18) are reimbursed for 80% by the CAK if the patient cannot pay. Emergency care is reimbursed for 80%, and obstetric care is reimbursed 100%. Only contracted pharmacies, hospitals, and mental health institutions are eligible for reimbursement; check the current list at hetcak.nl. Dental care for adults and non-basic package medications are not reimbursed. Official sources for this information include the CAK website (https://www.hetcak.nl/zakelijk/via-welke-regeling-declareren/), Stichting LOS (https://www.stichtinglos.nl/content/gezondheidszorg), and Helpful Information by the Red Cross (https://helpfulinformation.redcross.nl/).","Q: Where can I find more information about local shelter programs & BBB's? 
 A: You can find information about the local shelter possibilities on the Red Cross website Helpful Information: https://helpfulinformation.redcross.nl/ or on the website of LOS: https://www.stichtinglos.nl/noodopvang

In the following municipalities there is a shelter program for UM: 
- Eindhoven
- Utrecht
- Groningen (not on HIA yet) - screening is done by Inlia https://www.inlia.nl/nl
- AmsterdamWhere can I find more information about local shelter programs & BBB's? 

You can find information about the local shelter possibilities on the Red Cross website Helpful Information: https://helpfulinformation.redcross.nl/ or on the website of LOS: https://www.stichtinglos.nl/noodopvang

In the following municipalities there is a shelter program for UM: 
- Eindhoven
- Utrecht
- Groningen (not on HIA yet) - screening is done by Inlia https://www.inlia.nl/nl
- Amsterdam|Q: How do winter shelters function? A: There are two different types of winter shelter. You have the permanent winter shelter and the Cold Weather Regulation. The municipality can decide if they want to organize a permanent winter shelter and if this is accessible for undocumented migrants or not. They have the legal duty to organize the Cold Weather Regulation when temperatures go below 0 degrees as it becomes too dangerous to sleep outside. The Cold Weather Regulation can be opened in the period from the 1st of November until the 1st of April.
Undocumented migrants always have access access to the Cold Weather Regulation, but not always to the permanent winter shelters. 

Large cities (Amsterdam, Rotterdam, The Hague and Utrecht) coordinate the Cold Weather Regulation together. So they often open and close at the same time. 

On the *Heplful Information website (HIA)*[https://helpfulinformation.redcross.nl/] you can find the opening times of the Cold Weather Regulation and winter shelters per city. |Q: Where can I find information about shelters for UM? A: On Helpful Information you can find information about local shelters for UM: https://helpfulinformation.redcross.nl/
Also on the website of LOS you can find information: https://www.stichtinglos.nl/noodopvang
|Q: Where can I find information about the medical rights of UM? 
 A: You can find information on the website of Stichting Los: https://www.stichtinglos.nl/content/gezondheidszorg|Q: Do people have the right to see a family doctor? A: Yes, people always have the right to see a family doctor. The doctor can reimburse the costs with the CAK. 
You can refer people to this website for information on how family doctors work in the Netherlands: 
* https://gpinfo.nl/1-dutch-healthcare|Q: Reimbursement of medical costs. A: * Important: it is differently arranged per target group (e.g. asylum seekers, undocumented, EU migrants. You can find more information on the website of CAK: https://www.hetcak.nl/zakelijk/via-welke-regeling-declareren/ 
• People who are undocumented have the right to receive all the necessary medical aid (medisch noodzakelijke zorg). This is care that is also in the basic health insurance. The costs are reimbursed by the CAK. you can always send the following letter to someone, they can show this letter to their doctor: https://helpfulinformation.redcross.nl/files/Brief-zorgverlening-ongedocumenteerde-migranten-landelijk.pdf 
• Here you can see what is in the basic package: https://www.zorginstituutnederland.nl/Verzekerde+zorg/basispakket-zorgverzekeringswet-zvw

What services can be reimbursed:
* General practitioners and dentists (for oral care up to the age of 18) are reimbursed for 80% by the CAK if the undocumented patient cannot pay this themselves. The CAK expects the healthcare provider to first try to recover the costs from the patient without a residence permit. Asking for payment can deter migrants without a residence permit and therefore hinders treatment compliance.
* You can only refer an undocumented patient to pharmacies, hospitals, Wlz and mental health care institutions with which the CAK has a contract. The list of contracted institutions changes regularly, for a current list visit Hetcak.nl/zakelijk/verzekeringen/onverzekerbare-vreemdelingen. 
* Since 2014, there has been a personal contribution of 5 euros per medicine, unless delivery via a blister/baxter is prescribed.
* Emergency care, by both contracted and non-contracted hospitals, is reimbursed for 80%.
* Obstetric care is 100% reimbursed.
* For long-term care (nursing home), AWBZ and GGZ institutions, only contracted institutions will be reimbursed for costs.
* Dental care above the age of 18 is not reimbursed, nor are medications and aids that are not covered by the basic package or care via the WMO.
|Q: What are important things to keep in mind? A: • You can ask for more details, but communicate why you are asking follow up questions
• Make it clear that as the Red Cross we don’t provide medical services, we only reffer people. 
• Let them try to contact a doctor themselves, or somobody in their network. Only if they are unable to 
call themselves, you can do it. 
• It can sometimes be quicker to find a doctor if they contact the doctor of their housemate / friend. 
• In the evening / office hours; check urgency
• Check if information is clear and if they can follow up. 
|Q: Where can I find informational materials about healthcare in the Netherlands? A: Informational materials in multiple languages:
https://ggdghor.nl/wp-content/uploads/2024/01/Overzicht-voorlichtingsmateriaal-in-diverse-talen-versie-2024.pdf

Video's explaining the healthcare system in the Netherlands in multiple languages:
* [English](https://www.youtube.com/watch?v=eCKtTKwnqDs&t=15s)
* [Dutch](https://www.youtube.com/watch?v=TWGu2EDj7wk)
* [Spanish](https://www.youtube.com/watch?v=r_xJpzV35yg)
* [Portuguese](https://www.youtube.com/watch?v=r2XNJz2h3DQ)
* [Farsi](https://www.youtube.com/watch?v=-RZfbTDm54k)
* [French](https://www.youtube.com/watch?v=yUIzAnkyEtE)
* [Arabic](https://www.youtube.com/watch?v=9Zy0PqoI51M)
* [Chinese](https://www.youtube.com/watch?v=Q-b5b0UnPyY)|Q: What organizations help UM to get medical care? A: It can often be difficult for UM to get access to medical care, eventhough they have the right to get it. This is because of language barriers, or because doctors don't know about the rights of UM or because they are too busy to receive them. 

Therefore, there are in all the bigger cities support organizations that can help UM with medical care directly (because voluntary doctors are working there) or getting them acces to health care because they have a network of doctors that are willing to help. You can find this information on HIA: https://helpfulinformation.redcross.nl/. 

The main organization is Doctors of the World. They have health care busses or locations, and they also do a lot of lobby and providing information. They also have a national helpdesk (https://doktersvandewereld.org/need-help) that provides help with medical care for undocumented migrants, for example:
* they can help UM find a GP close to them 
* they can teach people how to make an appointment or make an appointment for them if they cannot do it themselves
* they can help people get their medical bills reimbursed
* they can provide information about the Dutch healthcare system

Doctors of the World also provide medical care, dental care and psychological help themselves, for more information and offers in different cities see HIA.|Q: What can the Red Cross do? A: • We don’t have doctors ourselves! 
• We only give referral information or try to connect somebody with a doctor
• We do not reimburse medical costs, we sometimes can reimburse travel costs. Check this with team captain or Piket.",
How do medical rights and access to family doctors differ for UM vs. documented residents in NL?,,"Undocumented migrants (UM) in the Netherlands have the right to see a family doctor (GP), just like documented residents. However, while documented residents are insured and their medical costs are covered through health insurance, UM are not insured. For UM, necessary medical care (as covered in the basic health insurance package) is reimbursed by the CAK if they cannot pay themselves. The doctor can claim costs from the CAK. UM may face more barriers in accessing care due to language issues or lack of knowledge about their rights, and not all doctors are familiar with the reimbursement process. Support organizations like Doctors of the World can help UM access care and navigate the system.","Q: Where can I find more information about local shelter programs & BBB's? 
 A: You can find information about the local shelter possibilities on the Red Cross website Helpful Information: https://helpfulinformation.redcross.nl/ or on the website of LOS: https://www.stichtinglos.nl/noodopvang

In the following municipalities there is a shelter program for UM: 
- Eindhoven
- Utrecht
- Groningen (not on HIA yet) - screening is done by Inlia https://www.inlia.nl/nl
- AmsterdamWhere can I find more information about local shelter programs & BBB's? 

You can find information about the local shelter possibilities on the Red Cross website Helpful Information: https://helpfulinformation.redcross.nl/ or on the website of LOS: https://www.stichtinglos.nl/noodopvang

In the following municipalities there is a shelter program for UM: 
- Eindhoven
- Utrecht
- Groningen (not on HIA yet) - screening is done by Inlia https://www.inlia.nl/nl
- Amsterdam|Q: How do winter shelters function? A: There are two different types of winter shelter. You have the permanent winter shelter and the Cold Weather Regulation. The municipality can decide if they want to organize a permanent winter shelter and if this is accessible for undocumented migrants or not. They have the legal duty to organize the Cold Weather Regulation when temperatures go below 0 degrees as it becomes too dangerous to sleep outside. The Cold Weather Regulation can be opened in the period from the 1st of November until the 1st of April.
Undocumented migrants always have access access to the Cold Weather Regulation, but not always to the permanent winter shelters. 

Large cities (Amsterdam, Rotterdam, The Hague and Utrecht) coordinate the Cold Weather Regulation together. So they often open and close at the same time. 

On the *Heplful Information website (HIA)*[https://helpfulinformation.redcross.nl/] you can find the opening times of the Cold Weather Regulation and winter shelters per city. |Q: Where can I find information about shelters for UM? A: On Helpful Information you can find information about local shelters for UM: https://helpfulinformation.redcross.nl/
Also on the website of LOS you can find information: https://www.stichtinglos.nl/noodopvang
|Q: Where can I find information about the medical rights of UM? 
 A: You can find information on the website of Stichting Los: https://www.stichtinglos.nl/content/gezondheidszorg|Q: Do people have the right to see a family doctor? A: Yes, people always have the right to see a family doctor. The doctor can reimburse the costs with the CAK. 
You can refer people to this website for information on how family doctors work in the Netherlands: 
* https://gpinfo.nl/1-dutch-healthcare|Q: Reimbursement of medical costs. A: * Important: it is differently arranged per target group (e.g. asylum seekers, undocumented, EU migrants. You can find more information on the website of CAK: https://www.hetcak.nl/zakelijk/via-welke-regeling-declareren/ 
• People who are undocumented have the right to receive all the necessary medical aid (medisch noodzakelijke zorg). This is care that is also in the basic health insurance. The costs are reimbursed by the CAK. you can always send the following letter to someone, they can show this letter to their doctor: https://helpfulinformation.redcross.nl/files/Brief-zorgverlening-ongedocumenteerde-migranten-landelijk.pdf 
• Here you can see what is in the basic package: https://www.zorginstituutnederland.nl/Verzekerde+zorg/basispakket-zorgverzekeringswet-zvw

What services can be reimbursed:
* General practitioners and dentists (for oral care up to the age of 18) are reimbursed for 80% by the CAK if the undocumented patient cannot pay this themselves. The CAK expects the healthcare provider to first try to recover the costs from the patient without a residence permit. Asking for payment can deter migrants without a residence permit and therefore hinders treatment compliance.
* You can only refer an undocumented patient to pharmacies, hospitals, Wlz and mental health care institutions with which the CAK has a contract. The list of contracted institutions changes regularly, for a current list visit Hetcak.nl/zakelijk/verzekeringen/onverzekerbare-vreemdelingen. 
* Since 2014, there has been a personal contribution of 5 euros per medicine, unless delivery via a blister/baxter is prescribed.
* Emergency care, by both contracted and non-contracted hospitals, is reimbursed for 80%.
* Obstetric care is 100% reimbursed.
* For long-term care (nursing home), AWBZ and GGZ institutions, only contracted institutions will be reimbursed for costs.
* Dental care above the age of 18 is not reimbursed, nor are medications and aids that are not covered by the basic package or care via the WMO.
|Q: What are important things to keep in mind? A: • You can ask for more details, but communicate why you are asking follow up questions
• Make it clear that as the Red Cross we don’t provide medical services, we only reffer people. 
• Let them try to contact a doctor themselves, or somobody in their network. Only if they are unable to 
call themselves, you can do it. 
• It can sometimes be quicker to find a doctor if they contact the doctor of their housemate / friend. 
• In the evening / office hours; check urgency
• Check if information is clear and if they can follow up. 
|Q: Where can I find informational materials about healthcare in the Netherlands? A: Informational materials in multiple languages:
https://ggdghor.nl/wp-content/uploads/2024/01/Overzicht-voorlichtingsmateriaal-in-diverse-talen-versie-2024.pdf

Video's explaining the healthcare system in the Netherlands in multiple languages:
* [English](https://www.youtube.com/watch?v=eCKtTKwnqDs&t=15s)
* [Dutch](https://www.youtube.com/watch?v=TWGu2EDj7wk)
* [Spanish](https://www.youtube.com/watch?v=r_xJpzV35yg)
* [Portuguese](https://www.youtube.com/watch?v=r2XNJz2h3DQ)
* [Farsi](https://www.youtube.com/watch?v=-RZfbTDm54k)
* [French](https://www.youtube.com/watch?v=yUIzAnkyEtE)
* [Arabic](https://www.youtube.com/watch?v=9Zy0PqoI51M)
* [Chinese](https://www.youtube.com/watch?v=Q-b5b0UnPyY)|Q: What organizations help UM to get medical care? A: It can often be difficult for UM to get access to medical care, eventhough they have the right to get it. This is because of language barriers, or because doctors don't know about the rights of UM or because they are too busy to receive them. 

Therefore, there are in all the bigger cities support organizations that can help UM with medical care directly (because voluntary doctors are working there) or getting them acces to health care because they have a network of doctors that are willing to help. You can find this information on HIA: https://helpfulinformation.redcross.nl/. 

The main organization is Doctors of the World. They have health care busses or locations, and they also do a lot of lobby and providing information. They also have a national helpdesk (https://doktersvandewereld.org/need-help) that provides help with medical care for undocumented migrants, for example:
* they can help UM find a GP close to them 
* they can teach people how to make an appointment or make an appointment for them if they cannot do it themselves
* they can help people get their medical bills reimbursed
* they can provide information about the Dutch healthcare system

Doctors of the World also provide medical care, dental care and psychological help themselves, for more information and offers in different cities see HIA.|Q: What can the Red Cross do? A: • We don’t have doctors ourselves! 
• We only give referral information or try to connect somebody with a doctor
• We do not reimburse medical costs, we sometimes can reimburse travel costs. Check this with team captain or Piket.",
Outline the reimbursement process for emergency obstetric care for undocumented migrants over age 18.,,"Emergency obstetric care for undocumented migrants over age 18 is 100% reimbursed. The healthcare provider can claim the costs from the CAK. The provider should first try to recover costs from the patient, but if the patient cannot pay, the CAK will reimburse the expenses. Only contracted institutions are eligible for reimbursement, so it is important to check if the provider has a contract with the CAK. More information and the list of contracted institutions can be found at https://www.hetcak.nl/zakelijk/verzekeringen/onverzekerbare-vreemdelingen.","Q: Where can I find more information about local shelter programs & BBB's? 
 A: You can find information about the local shelter possibilities on the Red Cross website Helpful Information: https://helpfulinformation.redcross.nl/ or on the website of LOS: https://www.stichtinglos.nl/noodopvang

In the following municipalities there is a shelter program for UM: 
- Eindhoven
- Utrecht
- Groningen (not on HIA yet) - screening is done by Inlia https://www.inlia.nl/nl
- AmsterdamWhere can I find more information about local shelter programs & BBB's? 

You can find information about the local shelter possibilities on the Red Cross website Helpful Information: https://helpfulinformation.redcross.nl/ or on the website of LOS: https://www.stichtinglos.nl/noodopvang

In the following municipalities there is a shelter program for UM: 
- Eindhoven
- Utrecht
- Groningen (not on HIA yet) - screening is done by Inlia https://www.inlia.nl/nl
- Amsterdam|Q: How do winter shelters function? A: There are two different types of winter shelter. You have the permanent winter shelter and the Cold Weather Regulation. The municipality can decide if they want to organize a permanent winter shelter and if this is accessible for undocumented migrants or not. They have the legal duty to organize the Cold Weather Regulation when temperatures go below 0 degrees as it becomes too dangerous to sleep outside. The Cold Weather Regulation can be opened in the period from the 1st of November until the 1st of April.
Undocumented migrants always have access access to the Cold Weather Regulation, but not always to the permanent winter shelters. 

Large cities (Amsterdam, Rotterdam, The Hague and Utrecht) coordinate the Cold Weather Regulation together. So they often open and close at the same time. 

On the *Heplful Information website (HIA)*[https://helpfulinformation.redcross.nl/] you can find the opening times of the Cold Weather Regulation and winter shelters per city. |Q: Where can I find information about shelters for UM? A: On Helpful Information you can find information about local shelters for UM: https://helpfulinformation.redcross.nl/
Also on the website of LOS you can find information: https://www.stichtinglos.nl/noodopvang
|Q: Where can I find information about the medical rights of UM? 
 A: You can find information on the website of Stichting Los: https://www.stichtinglos.nl/content/gezondheidszorg|Q: Do people have the right to see a family doctor? A: Yes, people always have the right to see a family doctor. The doctor can reimburse the costs with the CAK. 
You can refer people to this website for information on how family doctors work in the Netherlands: 
* https://gpinfo.nl/1-dutch-healthcare|Q: Reimbursement of medical costs. A: * Important: it is differently arranged per target group (e.g. asylum seekers, undocumented, EU migrants. You can find more information on the website of CAK: https://www.hetcak.nl/zakelijk/via-welke-regeling-declareren/ 
• People who are undocumented have the right to receive all the necessary medical aid (medisch noodzakelijke zorg). This is care that is also in the basic health insurance. The costs are reimbursed by the CAK. you can always send the following letter to someone, they can show this letter to their doctor: https://helpfulinformation.redcross.nl/files/Brief-zorgverlening-ongedocumenteerde-migranten-landelijk.pdf 
• Here you can see what is in the basic package: https://www.zorginstituutnederland.nl/Verzekerde+zorg/basispakket-zorgverzekeringswet-zvw

What services can be reimbursed:
* General practitioners and dentists (for oral care up to the age of 18) are reimbursed for 80% by the CAK if the undocumented patient cannot pay this themselves. The CAK expects the healthcare provider to first try to recover the costs from the patient without a residence permit. Asking for payment can deter migrants without a residence permit and therefore hinders treatment compliance.
* You can only refer an undocumented patient to pharmacies, hospitals, Wlz and mental health care institutions with which the CAK has a contract. The list of contracted institutions changes regularly, for a current list visit Hetcak.nl/zakelijk/verzekeringen/onverzekerbare-vreemdelingen. 
* Since 2014, there has been a personal contribution of 5 euros per medicine, unless delivery via a blister/baxter is prescribed.
* Emergency care, by both contracted and non-contracted hospitals, is reimbursed for 80%.
* Obstetric care is 100% reimbursed.
* For long-term care (nursing home), AWBZ and GGZ institutions, only contracted institutions will be reimbursed for costs.
* Dental care above the age of 18 is not reimbursed, nor are medications and aids that are not covered by the basic package or care via the WMO.
|Q: What are important things to keep in mind? A: • You can ask for more details, but communicate why you are asking follow up questions
• Make it clear that as the Red Cross we don’t provide medical services, we only reffer people. 
• Let them try to contact a doctor themselves, or somobody in their network. Only if they are unable to 
call themselves, you can do it. 
• It can sometimes be quicker to find a doctor if they contact the doctor of their housemate / friend. 
• In the evening / office hours; check urgency
• Check if information is clear and if they can follow up. 
|Q: Where can I find informational materials about healthcare in the Netherlands? A: Informational materials in multiple languages:
https://ggdghor.nl/wp-content/uploads/2024/01/Overzicht-voorlichtingsmateriaal-in-diverse-talen-versie-2024.pdf

Video's explaining the healthcare system in the Netherlands in multiple languages:
* [English](https://www.youtube.com/watch?v=eCKtTKwnqDs&t=15s)
* [Dutch](https://www.youtube.com/watch?v=TWGu2EDj7wk)
* [Spanish](https://www.youtube.com/watch?v=r_xJpzV35yg)
* [Portuguese](https://www.youtube.com/watch?v=r2XNJz2h3DQ)
* [Farsi](https://www.youtube.com/watch?v=-RZfbTDm54k)
* [French](https://www.youtube.com/watch?v=yUIzAnkyEtE)
* [Arabic](https://www.youtube.com/watch?v=9Zy0PqoI51M)
* [Chinese](https://www.youtube.com/watch?v=Q-b5b0UnPyY)|Q: What organizations help UM to get medical care? A: It can often be difficult for UM to get access to medical care, eventhough they have the right to get it. This is because of language barriers, or because doctors don't know about the rights of UM or because they are too busy to receive them. 

Therefore, there are in all the bigger cities support organizations that can help UM with medical care directly (because voluntary doctors are working there) or getting them acces to health care because they have a network of doctors that are willing to help. You can find this information on HIA: https://helpfulinformation.redcross.nl/. 

The main organization is Doctors of the World. They have health care busses or locations, and they also do a lot of lobby and providing information. They also have a national helpdesk (https://doktersvandewereld.org/need-help) that provides help with medical care for undocumented migrants, for example:
* they can help UM find a GP close to them 
* they can teach people how to make an appointment or make an appointment for them if they cannot do it themselves
* they can help people get their medical bills reimbursed
* they can provide information about the Dutch healthcare system

Doctors of the World also provide medical care, dental care and psychological help themselves, for more information and offers in different cities see HIA.|Q: What can the Red Cross do? A: • We don’t have doctors ourselves! 
• We only give referral information or try to connect somebody with a doctor
• We do not reimburse medical costs, we sometimes can reimburse travel costs. Check this with team captain or Piket.",
"Which basic health insurance services are reimbursed by CAK for undocumented migrants, incl. GP, emergency, obstetric, and mental health care?",,"Undocumented migrants have the right to receive all necessary medical care included in the basic health insurance package. The CAK reimburses:

- General practitioner (GP) care (80% reimbursed if the patient cannot pay)
- Emergency care (80% reimbursed, including non-contracted hospitals)
- Obstetric care (100% reimbursed)
- Mental health care (only at contracted institutions)
- Dental care for those under 18 (80% reimbursed)
- Long-term care (nursing home, AWBZ, GGZ) only at contracted institutions

Dental care above 18 and medications not in the basic package are not reimbursed. For a full list of covered services, see: https://www.zorginstituutnederland.nl/Verzekerde+zorg/basispakket-zorgverzekeringswet-zvw","Q: Where can I find more information about local shelter programs & BBB's? 
 A: You can find information about the local shelter possibilities on the Red Cross website Helpful Information: https://helpfulinformation.redcross.nl/ or on the website of LOS: https://www.stichtinglos.nl/noodopvang

In the following municipalities there is a shelter program for UM: 
- Eindhoven
- Utrecht
- Groningen (not on HIA yet) - screening is done by Inlia https://www.inlia.nl/nl
- AmsterdamWhere can I find more information about local shelter programs & BBB's? 

You can find information about the local shelter possibilities on the Red Cross website Helpful Information: https://helpfulinformation.redcross.nl/ or on the website of LOS: https://www.stichtinglos.nl/noodopvang

In the following municipalities there is a shelter program for UM: 
- Eindhoven
- Utrecht
- Groningen (not on HIA yet) - screening is done by Inlia https://www.inlia.nl/nl
- Amsterdam|Q: How do winter shelters function? A: There are two different types of winter shelter. You have the permanent winter shelter and the Cold Weather Regulation. The municipality can decide if they want to organize a permanent winter shelter and if this is accessible for undocumented migrants or not. They have the legal duty to organize the Cold Weather Regulation when temperatures go below 0 degrees as it becomes too dangerous to sleep outside. The Cold Weather Regulation can be opened in the period from the 1st of November until the 1st of April.
Undocumented migrants always have access access to the Cold Weather Regulation, but not always to the permanent winter shelters. 

Large cities (Amsterdam, Rotterdam, The Hague and Utrecht) coordinate the Cold Weather Regulation together. So they often open and close at the same time. 

On the *Heplful Information website (HIA)*[https://helpfulinformation.redcross.nl/] you can find the opening times of the Cold Weather Regulation and winter shelters per city. |Q: Where can I find information about shelters for UM? A: On Helpful Information you can find information about local shelters for UM: https://helpfulinformation.redcross.nl/
Also on the website of LOS you can find information: https://www.stichtinglos.nl/noodopvang
|Q: Where can I find information about the medical rights of UM? 
 A: You can find information on the website of Stichting Los: https://www.stichtinglos.nl/content/gezondheidszorg|Q: Do people have the right to see a family doctor? A: Yes, people always have the right to see a family doctor. The doctor can reimburse the costs with the CAK. 
You can refer people to this website for information on how family doctors work in the Netherlands: 
* https://gpinfo.nl/1-dutch-healthcare|Q: Reimbursement of medical costs. A: * Important: it is differently arranged per target group (e.g. asylum seekers, undocumented, EU migrants. You can find more information on the website of CAK: https://www.hetcak.nl/zakelijk/via-welke-regeling-declareren/ 
• People who are undocumented have the right to receive all the necessary medical aid (medisch noodzakelijke zorg). This is care that is also in the basic health insurance. The costs are reimbursed by the CAK. you can always send the following letter to someone, they can show this letter to their doctor: https://helpfulinformation.redcross.nl/files/Brief-zorgverlening-ongedocumenteerde-migranten-landelijk.pdf 
• Here you can see what is in the basic package: https://www.zorginstituutnederland.nl/Verzekerde+zorg/basispakket-zorgverzekeringswet-zvw

What services can be reimbursed:
* General practitioners and dentists (for oral care up to the age of 18) are reimbursed for 80% by the CAK if the undocumented patient cannot pay this themselves. The CAK expects the healthcare provider to first try to recover the costs from the patient without a residence permit. Asking for payment can deter migrants without a residence permit and therefore hinders treatment compliance.
* You can only refer an undocumented patient to pharmacies, hospitals, Wlz and mental health care institutions with which the CAK has a contract. The list of contracted institutions changes regularly, for a current list visit Hetcak.nl/zakelijk/verzekeringen/onverzekerbare-vreemdelingen. 
* Since 2014, there has been a personal contribution of 5 euros per medicine, unless delivery via a blister/baxter is prescribed.
* Emergency care, by both contracted and non-contracted hospitals, is reimbursed for 80%.
* Obstetric care is 100% reimbursed.
* For long-term care (nursing home), AWBZ and GGZ institutions, only contracted institutions will be reimbursed for costs.
* Dental care above the age of 18 is not reimbursed, nor are medications and aids that are not covered by the basic package or care via the WMO.
|Q: What are important things to keep in mind? A: • You can ask for more details, but communicate why you are asking follow up questions
• Make it clear that as the Red Cross we don’t provide medical services, we only reffer people. 
• Let them try to contact a doctor themselves, or somobody in their network. Only if they are unable to 
call themselves, you can do it. 
• It can sometimes be quicker to find a doctor if they contact the doctor of their housemate / friend. 
• In the evening / office hours; check urgency
• Check if information is clear and if they can follow up. 
|Q: Where can I find informational materials about healthcare in the Netherlands? A: Informational materials in multiple languages:
https://ggdghor.nl/wp-content/uploads/2024/01/Overzicht-voorlichtingsmateriaal-in-diverse-talen-versie-2024.pdf

Video's explaining the healthcare system in the Netherlands in multiple languages:
* [English](https://www.youtube.com/watch?v=eCKtTKwnqDs&t=15s)
* [Dutch](https://www.youtube.com/watch?v=TWGu2EDj7wk)
* [Spanish](https://www.youtube.com/watch?v=r_xJpzV35yg)
* [Portuguese](https://www.youtube.com/watch?v=r2XNJz2h3DQ)
* [Farsi](https://www.youtube.com/watch?v=-RZfbTDm54k)
* [French](https://www.youtube.com/watch?v=yUIzAnkyEtE)
* [Arabic](https://www.youtube.com/watch?v=9Zy0PqoI51M)
* [Chinese](https://www.youtube.com/watch?v=Q-b5b0UnPyY)|Q: What organizations help UM to get medical care? A: It can often be difficult for UM to get access to medical care, eventhough they have the right to get it. This is because of language barriers, or because doctors don't know about the rights of UM or because they are too busy to receive them. 

Therefore, there are in all the bigger cities support organizations that can help UM with medical care directly (because voluntary doctors are working there) or getting them acces to health care because they have a network of doctors that are willing to help. You can find this information on HIA: https://helpfulinformation.redcross.nl/. 

The main organization is Doctors of the World. They have health care busses or locations, and they also do a lot of lobby and providing information. They also have a national helpdesk (https://doktersvandewereld.org/need-help) that provides help with medical care for undocumented migrants, for example:
* they can help UM find a GP close to them 
* they can teach people how to make an appointment or make an appointment for them if they cannot do it themselves
* they can help people get their medical bills reimbursed
* they can provide information about the Dutch healthcare system

Doctors of the World also provide medical care, dental care and psychological help themselves, for more information and offers in different cities see HIA.|Q: What can the Red Cross do? A: • We don’t have doctors ourselves! 
• We only give referral information or try to connect somebody with a doctor
• We do not reimburse medical costs, we sometimes can reimburse travel costs. Check this with team captain or Piket.",
"Which websites and resources offer multilingual healthcare info, including videos, for UM in NL?",,"You can find multilingual healthcare information and videos for UM in the Netherlands on the following resources:

- Informational materials in multiple languages: https://ggdghor.nl/wp-content/uploads/2024/01/Overzicht-voorlichtingsmateriaal-in-diverse-talen-versie-2024.pdf  
- Videos explaining the Dutch healthcare system in various languages (English, Dutch, Spanish, Portuguese, Farsi, French, Arabic, Chinese):  
  - [English](https://www.youtube.com/watch?v=eCKtTKwnqDs&t=15s)  
  - [Dutch](https://www.youtube.com/watch?v=TWGu2EDj7wk)  
  - [Spanish](https://www.youtube.com/watch?v=r_xJpzV35yg)  
  - [Portuguese](https://www.youtube.com/watch?v=r2XNJz2h3DQ)  
  - [Farsi](https://www.youtube.com/watch?v=-RZfbTDm54k)  
  - [French](https://www.youtube.com/watch?v=yUIzAnkyEtE)  
  - [Arabic](https://www.youtube.com/watch?v=9Zy0PqoI51M)  
  - [Chinese](https://www.youtube.com/watch?v=Q-b5b0UnPyY)

These resources provide clear and accessible healthcare information for undocumented migrants (UM) in the Netherlands.","Q: Where can I find more information about local shelter programs & BBB's? 
 A: You can find information about the local shelter possibilities on the Red Cross website Helpful Information: https://helpfulinformation.redcross.nl/ or on the website of LOS: https://www.stichtinglos.nl/noodopvang

In the following municipalities there is a shelter program for UM: 
- Eindhoven
- Utrecht
- Groningen (not on HIA yet) - screening is done by Inlia https://www.inlia.nl/nl
- AmsterdamWhere can I find more information about local shelter programs & BBB's? 

You can find information about the local shelter possibilities on the Red Cross website Helpful Information: https://helpfulinformation.redcross.nl/ or on the website of LOS: https://www.stichtinglos.nl/noodopvang

In the following municipalities there is a shelter program for UM: 
- Eindhoven
- Utrecht
- Groningen (not on HIA yet) - screening is done by Inlia https://www.inlia.nl/nl
- Amsterdam|Q: How do winter shelters function? A: There are two different types of winter shelter. You have the permanent winter shelter and the Cold Weather Regulation. The municipality can decide if they want to organize a permanent winter shelter and if this is accessible for undocumented migrants or not. They have the legal duty to organize the Cold Weather Regulation when temperatures go below 0 degrees as it becomes too dangerous to sleep outside. The Cold Weather Regulation can be opened in the period from the 1st of November until the 1st of April.
Undocumented migrants always have access access to the Cold Weather Regulation, but not always to the permanent winter shelters. 

Large cities (Amsterdam, Rotterdam, The Hague and Utrecht) coordinate the Cold Weather Regulation together. So they often open and close at the same time. 

On the *Heplful Information website (HIA)*[https://helpfulinformation.redcross.nl/] you can find the opening times of the Cold Weather Regulation and winter shelters per city. |Q: Where can I find information about shelters for UM? A: On Helpful Information you can find information about local shelters for UM: https://helpfulinformation.redcross.nl/
Also on the website of LOS you can find information: https://www.stichtinglos.nl/noodopvang
|Q: Where can I find information about the medical rights of UM? 
 A: You can find information on the website of Stichting Los: https://www.stichtinglos.nl/content/gezondheidszorg|Q: Do people have the right to see a family doctor? A: Yes, people always have the right to see a family doctor. The doctor can reimburse the costs with the CAK. 
You can refer people to this website for information on how family doctors work in the Netherlands: 
* https://gpinfo.nl/1-dutch-healthcare|Q: Reimbursement of medical costs. A: * Important: it is differently arranged per target group (e.g. asylum seekers, undocumented, EU migrants. You can find more information on the website of CAK: https://www.hetcak.nl/zakelijk/via-welke-regeling-declareren/ 
• People who are undocumented have the right to receive all the necessary medical aid (medisch noodzakelijke zorg). This is care that is also in the basic health insurance. The costs are reimbursed by the CAK. you can always send the following letter to someone, they can show this letter to their doctor: https://helpfulinformation.redcross.nl/files/Brief-zorgverlening-ongedocumenteerde-migranten-landelijk.pdf 
• Here you can see what is in the basic package: https://www.zorginstituutnederland.nl/Verzekerde+zorg/basispakket-zorgverzekeringswet-zvw

What services can be reimbursed:
* General practitioners and dentists (for oral care up to the age of 18) are reimbursed for 80% by the CAK if the undocumented patient cannot pay this themselves. The CAK expects the healthcare provider to first try to recover the costs from the patient without a residence permit. Asking for payment can deter migrants without a residence permit and therefore hinders treatment compliance.
* You can only refer an undocumented patient to pharmacies, hospitals, Wlz and mental health care institutions with which the CAK has a contract. The list of contracted institutions changes regularly, for a current list visit Hetcak.nl/zakelijk/verzekeringen/onverzekerbare-vreemdelingen. 
* Since 2014, there has been a personal contribution of 5 euros per medicine, unless delivery via a blister/baxter is prescribed.
* Emergency care, by both contracted and non-contracted hospitals, is reimbursed for 80%.
* Obstetric care is 100% reimbursed.
* For long-term care (nursing home), AWBZ and GGZ institutions, only contracted institutions will be reimbursed for costs.
* Dental care above the age of 18 is not reimbursed, nor are medications and aids that are not covered by the basic package or care via the WMO.
|Q: What are important things to keep in mind? A: • You can ask for more details, but communicate why you are asking follow up questions
• Make it clear that as the Red Cross we don’t provide medical services, we only reffer people. 
• Let them try to contact a doctor themselves, or somobody in their network. Only if they are unable to 
call themselves, you can do it. 
• It can sometimes be quicker to find a doctor if they contact the doctor of their housemate / friend. 
• In the evening / office hours; check urgency
• Check if information is clear and if they can follow up. 
|Q: Where can I find informational materials about healthcare in the Netherlands? A: Informational materials in multiple languages:
https://ggdghor.nl/wp-content/uploads/2024/01/Overzicht-voorlichtingsmateriaal-in-diverse-talen-versie-2024.pdf

Video's explaining the healthcare system in the Netherlands in multiple languages:
* [English](https://www.youtube.com/watch?v=eCKtTKwnqDs&t=15s)
* [Dutch](https://www.youtube.com/watch?v=TWGu2EDj7wk)
* [Spanish](https://www.youtube.com/watch?v=r_xJpzV35yg)
* [Portuguese](https://www.youtube.com/watch?v=r2XNJz2h3DQ)
* [Farsi](https://www.youtube.com/watch?v=-RZfbTDm54k)
* [French](https://www.youtube.com/watch?v=yUIzAnkyEtE)
* [Arabic](https://www.youtube.com/watch?v=9Zy0PqoI51M)
* [Chinese](https://www.youtube.com/watch?v=Q-b5b0UnPyY)|Q: What organizations help UM to get medical care? A: It can often be difficult for UM to get access to medical care, eventhough they have the right to get it. This is because of language barriers, or because doctors don't know about the rights of UM or because they are too busy to receive them. 

Therefore, there are in all the bigger cities support organizations that can help UM with medical care directly (because voluntary doctors are working there) or getting them acces to health care because they have a network of doctors that are willing to help. You can find this information on HIA: https://helpfulinformation.redcross.nl/. 

The main organization is Doctors of the World. They have health care busses or locations, and they also do a lot of lobby and providing information. They also have a national helpdesk (https://doktersvandewereld.org/need-help) that provides help with medical care for undocumented migrants, for example:
* they can help UM find a GP close to them 
* they can teach people how to make an appointment or make an appointment for them if they cannot do it themselves
* they can help people get their medical bills reimbursed
* they can provide information about the Dutch healthcare system

Doctors of the World also provide medical care, dental care and psychological help themselves, for more information and offers in different cities see HIA.|Q: What can the Red Cross do? A: • We don’t have doctors ourselves! 
• We only give referral information or try to connect somebody with a doctor
• We do not reimburse medical costs, we sometimes can reimburse travel costs. Check this with team captain or Piket.",
"Which orgs assist UM in accessing medical and dental care, and also help with reimbursement?",,"Doctors of the World is the main organization that assists undocumented migrants (UM) in accessing medical and dental care. They help UM find a general practitioner, make appointments, and get medical bills reimbursed. They also provide medical, dental, and psychological care themselves. For more information and local offers, visit https://helpfulinformation.redcross.nl/ or the Doctors of the World helpdesk: https://doktersvandewereld.org/need-help.","Q: Where can I find more information about local shelter programs & BBB's? 
 A: You can find information about the local shelter possibilities on the Red Cross website Helpful Information: https://helpfulinformation.redcross.nl/ or on the website of LOS: https://www.stichtinglos.nl/noodopvang

In the following municipalities there is a shelter program for UM: 
- Eindhoven
- Utrecht
- Groningen (not on HIA yet) - screening is done by Inlia https://www.inlia.nl/nl
- AmsterdamWhere can I find more information about local shelter programs & BBB's? 

You can find information about the local shelter possibilities on the Red Cross website Helpful Information: https://helpfulinformation.redcross.nl/ or on the website of LOS: https://www.stichtinglos.nl/noodopvang

In the following municipalities there is a shelter program for UM: 
- Eindhoven
- Utrecht
- Groningen (not on HIA yet) - screening is done by Inlia https://www.inlia.nl/nl
- Amsterdam|Q: How do winter shelters function? A: There are two different types of winter shelter. You have the permanent winter shelter and the Cold Weather Regulation. The municipality can decide if they want to organize a permanent winter shelter and if this is accessible for undocumented migrants or not. They have the legal duty to organize the Cold Weather Regulation when temperatures go below 0 degrees as it becomes too dangerous to sleep outside. The Cold Weather Regulation can be opened in the period from the 1st of November until the 1st of April.
Undocumented migrants always have access access to the Cold Weather Regulation, but not always to the permanent winter shelters. 

Large cities (Amsterdam, Rotterdam, The Hague and Utrecht) coordinate the Cold Weather Regulation together. So they often open and close at the same time. 

On the *Heplful Information website (HIA)*[https://helpfulinformation.redcross.nl/] you can find the opening times of the Cold Weather Regulation and winter shelters per city. |Q: Where can I find information about shelters for UM? A: On Helpful Information you can find information about local shelters for UM: https://helpfulinformation.redcross.nl/
Also on the website of LOS you can find information: https://www.stichtinglos.nl/noodopvang
|Q: Where can I find information about the medical rights of UM? 
 A: You can find information on the website of Stichting Los: https://www.stichtinglos.nl/content/gezondheidszorg|Q: Do people have the right to see a family doctor? A: Yes, people always have the right to see a family doctor. The doctor can reimburse the costs with the CAK. 
You can refer people to this website for information on how family doctors work in the Netherlands: 
* https://gpinfo.nl/1-dutch-healthcare|Q: Reimbursement of medical costs. A: * Important: it is differently arranged per target group (e.g. asylum seekers, undocumented, EU migrants. You can find more information on the website of CAK: https://www.hetcak.nl/zakelijk/via-welke-regeling-declareren/ 
• People who are undocumented have the right to receive all the necessary medical aid (medisch noodzakelijke zorg). This is care that is also in the basic health insurance. The costs are reimbursed by the CAK. you can always send the following letter to someone, they can show this letter to their doctor: https://helpfulinformation.redcross.nl/files/Brief-zorgverlening-ongedocumenteerde-migranten-landelijk.pdf 
• Here you can see what is in the basic package: https://www.zorginstituutnederland.nl/Verzekerde+zorg/basispakket-zorgverzekeringswet-zvw

What services can be reimbursed:
* General practitioners and dentists (for oral care up to the age of 18) are reimbursed for 80% by the CAK if the undocumented patient cannot pay this themselves. The CAK expects the healthcare provider to first try to recover the costs from the patient without a residence permit. Asking for payment can deter migrants without a residence permit and therefore hinders treatment compliance.
* You can only refer an undocumented patient to pharmacies, hospitals, Wlz and mental health care institutions with which the CAK has a contract. The list of contracted institutions changes regularly, for a current list visit Hetcak.nl/zakelijk/verzekeringen/onverzekerbare-vreemdelingen. 
* Since 2014, there has been a personal contribution of 5 euros per medicine, unless delivery via a blister/baxter is prescribed.
* Emergency care, by both contracted and non-contracted hospitals, is reimbursed for 80%.
* Obstetric care is 100% reimbursed.
* For long-term care (nursing home), AWBZ and GGZ institutions, only contracted institutions will be reimbursed for costs.
* Dental care above the age of 18 is not reimbursed, nor are medications and aids that are not covered by the basic package or care via the WMO.
|Q: What are important things to keep in mind? A: • You can ask for more details, but communicate why you are asking follow up questions
• Make it clear that as the Red Cross we don’t provide medical services, we only reffer people. 
• Let them try to contact a doctor themselves, or somobody in their network. Only if they are unable to 
call themselves, you can do it. 
• It can sometimes be quicker to find a doctor if they contact the doctor of their housemate / friend. 
• In the evening / office hours; check urgency
• Check if information is clear and if they can follow up. 
|Q: Where can I find informational materials about healthcare in the Netherlands? A: Informational materials in multiple languages:
https://ggdghor.nl/wp-content/uploads/2024/01/Overzicht-voorlichtingsmateriaal-in-diverse-talen-versie-2024.pdf

Video's explaining the healthcare system in the Netherlands in multiple languages:
* [English](https://www.youtube.com/watch?v=eCKtTKwnqDs&t=15s)
* [Dutch](https://www.youtube.com/watch?v=TWGu2EDj7wk)
* [Spanish](https://www.youtube.com/watch?v=r_xJpzV35yg)
* [Portuguese](https://www.youtube.com/watch?v=r2XNJz2h3DQ)
* [Farsi](https://www.youtube.com/watch?v=-RZfbTDm54k)
* [French](https://www.youtube.com/watch?v=yUIzAnkyEtE)
* [Arabic](https://www.youtube.com/watch?v=9Zy0PqoI51M)
* [Chinese](https://www.youtube.com/watch?v=Q-b5b0UnPyY)|Q: What organizations help UM to get medical care? A: It can often be difficult for UM to get access to medical care, eventhough they have the right to get it. This is because of language barriers, or because doctors don't know about the rights of UM or because they are too busy to receive them. 

Therefore, there are in all the bigger cities support organizations that can help UM with medical care directly (because voluntary doctors are working there) or getting them acces to health care because they have a network of doctors that are willing to help. You can find this information on HIA: https://helpfulinformation.redcross.nl/. 

The main organization is Doctors of the World. They have health care busses or locations, and they also do a lot of lobby and providing information. They also have a national helpdesk (https://doktersvandewereld.org/need-help) that provides help with medical care for undocumented migrants, for example:
* they can help UM find a GP close to them 
* they can teach people how to make an appointment or make an appointment for them if they cannot do it themselves
* they can help people get their medical bills reimbursed
* they can provide information about the Dutch healthcare system

Doctors of the World also provide medical care, dental care and psychological help themselves, for more information and offers in different cities see HIA.|Q: What can the Red Cross do? A: • We don’t have doctors ourselves! 
• We only give referral information or try to connect somebody with a doctor
• We do not reimburse medical costs, we sometimes can reimburse travel costs. Check this with team captain or Piket.",
How does the Red Cross support UM seeking urgent dental or psychological care in Dutch cities?,,"The Red Cross does not provide medical services directly, including dental or psychological care. Instead, they offer referral information and help connect undocumented migrants (UM) with organizations that can assist, such as Doctors of the World. Doctors of the World provides medical, dental, and psychological care in various cities and can help UM find appropriate care, make appointments, and get medical bills reimbursed. For more information and support, UM can visit the Helpful Information website: https://helpfulinformation.redcross.nl/. The Red Cross may sometimes reimburse travel costs—check with the team captain or Piket.","Q: Where can I find more information about local shelter programs & BBB's? 
 A: You can find information about the local shelter possibilities on the Red Cross website Helpful Information: https://helpfulinformation.redcross.nl/ or on the website of LOS: https://www.stichtinglos.nl/noodopvang

In the following municipalities there is a shelter program for UM: 
- Eindhoven
- Utrecht
- Groningen (not on HIA yet) - screening is done by Inlia https://www.inlia.nl/nl
- AmsterdamWhere can I find more information about local shelter programs & BBB's? 

You can find information about the local shelter possibilities on the Red Cross website Helpful Information: https://helpfulinformation.redcross.nl/ or on the website of LOS: https://www.stichtinglos.nl/noodopvang

In the following municipalities there is a shelter program for UM: 
- Eindhoven
- Utrecht
- Groningen (not on HIA yet) - screening is done by Inlia https://www.inlia.nl/nl
- Amsterdam|Q: How do winter shelters function? A: There are two different types of winter shelter. You have the permanent winter shelter and the Cold Weather Regulation. The municipality can decide if they want to organize a permanent winter shelter and if this is accessible for undocumented migrants or not. They have the legal duty to organize the Cold Weather Regulation when temperatures go below 0 degrees as it becomes too dangerous to sleep outside. The Cold Weather Regulation can be opened in the period from the 1st of November until the 1st of April.
Undocumented migrants always have access access to the Cold Weather Regulation, but not always to the permanent winter shelters. 

Large cities (Amsterdam, Rotterdam, The Hague and Utrecht) coordinate the Cold Weather Regulation together. So they often open and close at the same time. 

On the *Heplful Information website (HIA)*[https://helpfulinformation.redcross.nl/] you can find the opening times of the Cold Weather Regulation and winter shelters per city. |Q: Where can I find information about shelters for UM? A: On Helpful Information you can find information about local shelters for UM: https://helpfulinformation.redcross.nl/
Also on the website of LOS you can find information: https://www.stichtinglos.nl/noodopvang
|Q: Where can I find information about the medical rights of UM? 
 A: You can find information on the website of Stichting Los: https://www.stichtinglos.nl/content/gezondheidszorg|Q: Do people have the right to see a family doctor? A: Yes, people always have the right to see a family doctor. The doctor can reimburse the costs with the CAK. 
You can refer people to this website for information on how family doctors work in the Netherlands: 
* https://gpinfo.nl/1-dutch-healthcare|Q: Reimbursement of medical costs. A: * Important: it is differently arranged per target group (e.g. asylum seekers, undocumented, EU migrants. You can find more information on the website of CAK: https://www.hetcak.nl/zakelijk/via-welke-regeling-declareren/ 
• People who are undocumented have the right to receive all the necessary medical aid (medisch noodzakelijke zorg). This is care that is also in the basic health insurance. The costs are reimbursed by the CAK. you can always send the following letter to someone, they can show this letter to their doctor: https://helpfulinformation.redcross.nl/files/Brief-zorgverlening-ongedocumenteerde-migranten-landelijk.pdf 
• Here you can see what is in the basic package: https://www.zorginstituutnederland.nl/Verzekerde+zorg/basispakket-zorgverzekeringswet-zvw

What services can be reimbursed:
* General practitioners and dentists (for oral care up to the age of 18) are reimbursed for 80% by the CAK if the undocumented patient cannot pay this themselves. The CAK expects the healthcare provider to first try to recover the costs from the patient without a residence permit. Asking for payment can deter migrants without a residence permit and therefore hinders treatment compliance.
* You can only refer an undocumented patient to pharmacies, hospitals, Wlz and mental health care institutions with which the CAK has a contract. The list of contracted institutions changes regularly, for a current list visit Hetcak.nl/zakelijk/verzekeringen/onverzekerbare-vreemdelingen. 
* Since 2014, there has been a personal contribution of 5 euros per medicine, unless delivery via a blister/baxter is prescribed.
* Emergency care, by both contracted and non-contracted hospitals, is reimbursed for 80%.
* Obstetric care is 100% reimbursed.
* For long-term care (nursing home), AWBZ and GGZ institutions, only contracted institutions will be reimbursed for costs.
* Dental care above the age of 18 is not reimbursed, nor are medications and aids that are not covered by the basic package or care via the WMO.
|Q: What are important things to keep in mind? A: • You can ask for more details, but communicate why you are asking follow up questions
• Make it clear that as the Red Cross we don’t provide medical services, we only reffer people. 
• Let them try to contact a doctor themselves, or somobody in their network. Only if they are unable to 
call themselves, you can do it. 
• It can sometimes be quicker to find a doctor if they contact the doctor of their housemate / friend. 
• In the evening / office hours; check urgency
• Check if information is clear and if they can follow up. 
|Q: Where can I find informational materials about healthcare in the Netherlands? A: Informational materials in multiple languages:
https://ggdghor.nl/wp-content/uploads/2024/01/Overzicht-voorlichtingsmateriaal-in-diverse-talen-versie-2024.pdf

Video's explaining the healthcare system in the Netherlands in multiple languages:
* [English](https://www.youtube.com/watch?v=eCKtTKwnqDs&t=15s)
* [Dutch](https://www.youtube.com/watch?v=TWGu2EDj7wk)
* [Spanish](https://www.youtube.com/watch?v=r_xJpzV35yg)
* [Portuguese](https://www.youtube.com/watch?v=r2XNJz2h3DQ)
* [Farsi](https://www.youtube.com/watch?v=-RZfbTDm54k)
* [French](https://www.youtube.com/watch?v=yUIzAnkyEtE)
* [Arabic](https://www.youtube.com/watch?v=9Zy0PqoI51M)
* [Chinese](https://www.youtube.com/watch?v=Q-b5b0UnPyY)|Q: What organizations help UM to get medical care? A: It can often be difficult for UM to get access to medical care, eventhough they have the right to get it. This is because of language barriers, or because doctors don't know about the rights of UM or because they are too busy to receive them. 

Therefore, there are in all the bigger cities support organizations that can help UM with medical care directly (because voluntary doctors are working there) or getting them acces to health care because they have a network of doctors that are willing to help. You can find this information on HIA: https://helpfulinformation.redcross.nl/. 

The main organization is Doctors of the World. They have health care busses or locations, and they also do a lot of lobby and providing information. They also have a national helpdesk (https://doktersvandewereld.org/need-help) that provides help with medical care for undocumented migrants, for example:
* they can help UM find a GP close to them 
* they can teach people how to make an appointment or make an appointment for them if they cannot do it themselves
* they can help people get their medical bills reimbursed
* they can provide information about the Dutch healthcare system

Doctors of the World also provide medical care, dental care and psychological help themselves, for more information and offers in different cities see HIA.|Q: What can the Red Cross do? A: • We don’t have doctors ourselves! 
• We only give referral information or try to connect somebody with a doctor
• We do not reimburse medical costs, we sometimes can reimburse travel costs. Check this with team captain or Piket.",
How does the Red Cross’s role in medical care differ from that of Doctors of the World?,,"The Red Cross does not provide medical care itself; it only gives referral information or helps connect people with doctors. In contrast, Doctors of the World directly provides medical, dental, and psychological care, helps people find a GP, assists with making appointments, and supports with reimbursement of medical bills. The Red Cross does not reimburse medical costs, while Doctors of the World can help with this process.","Q: Where can I find more information about local shelter programs & BBB's? 
 A: You can find information about the local shelter possibilities on the Red Cross website Helpful Information: https://helpfulinformation.redcross.nl/ or on the website of LOS: https://www.stichtinglos.nl/noodopvang

In the following municipalities there is a shelter program for UM: 
- Eindhoven
- Utrecht
- Groningen (not on HIA yet) - screening is done by Inlia https://www.inlia.nl/nl
- AmsterdamWhere can I find more information about local shelter programs & BBB's? 

You can find information about the local shelter possibilities on the Red Cross website Helpful Information: https://helpfulinformation.redcross.nl/ or on the website of LOS: https://www.stichtinglos.nl/noodopvang

In the following municipalities there is a shelter program for UM: 
- Eindhoven
- Utrecht
- Groningen (not on HIA yet) - screening is done by Inlia https://www.inlia.nl/nl
- Amsterdam|Q: How do winter shelters function? A: There are two different types of winter shelter. You have the permanent winter shelter and the Cold Weather Regulation. The municipality can decide if they want to organize a permanent winter shelter and if this is accessible for undocumented migrants or not. They have the legal duty to organize the Cold Weather Regulation when temperatures go below 0 degrees as it becomes too dangerous to sleep outside. The Cold Weather Regulation can be opened in the period from the 1st of November until the 1st of April.
Undocumented migrants always have access access to the Cold Weather Regulation, but not always to the permanent winter shelters. 

Large cities (Amsterdam, Rotterdam, The Hague and Utrecht) coordinate the Cold Weather Regulation together. So they often open and close at the same time. 

On the *Heplful Information website (HIA)*[https://helpfulinformation.redcross.nl/] you can find the opening times of the Cold Weather Regulation and winter shelters per city. |Q: Where can I find information about shelters for UM? A: On Helpful Information you can find information about local shelters for UM: https://helpfulinformation.redcross.nl/
Also on the website of LOS you can find information: https://www.stichtinglos.nl/noodopvang
|Q: Where can I find information about the medical rights of UM? 
 A: You can find information on the website of Stichting Los: https://www.stichtinglos.nl/content/gezondheidszorg|Q: Do people have the right to see a family doctor? A: Yes, people always have the right to see a family doctor. The doctor can reimburse the costs with the CAK. 
You can refer people to this website for information on how family doctors work in the Netherlands: 
* https://gpinfo.nl/1-dutch-healthcare|Q: Reimbursement of medical costs. A: * Important: it is differently arranged per target group (e.g. asylum seekers, undocumented, EU migrants. You can find more information on the website of CAK: https://www.hetcak.nl/zakelijk/via-welke-regeling-declareren/ 
• People who are undocumented have the right to receive all the necessary medical aid (medisch noodzakelijke zorg). This is care that is also in the basic health insurance. The costs are reimbursed by the CAK. you can always send the following letter to someone, they can show this letter to their doctor: https://helpfulinformation.redcross.nl/files/Brief-zorgverlening-ongedocumenteerde-migranten-landelijk.pdf 
• Here you can see what is in the basic package: https://www.zorginstituutnederland.nl/Verzekerde+zorg/basispakket-zorgverzekeringswet-zvw

What services can be reimbursed:
* General practitioners and dentists (for oral care up to the age of 18) are reimbursed for 80% by the CAK if the undocumented patient cannot pay this themselves. The CAK expects the healthcare provider to first try to recover the costs from the patient without a residence permit. Asking for payment can deter migrants without a residence permit and therefore hinders treatment compliance.
* You can only refer an undocumented patient to pharmacies, hospitals, Wlz and mental health care institutions with which the CAK has a contract. The list of contracted institutions changes regularly, for a current list visit Hetcak.nl/zakelijk/verzekeringen/onverzekerbare-vreemdelingen. 
* Since 2014, there has been a personal contribution of 5 euros per medicine, unless delivery via a blister/baxter is prescribed.
* Emergency care, by both contracted and non-contracted hospitals, is reimbursed for 80%.
* Obstetric care is 100% reimbursed.
* For long-term care (nursing home), AWBZ and GGZ institutions, only contracted institutions will be reimbursed for costs.
* Dental care above the age of 18 is not reimbursed, nor are medications and aids that are not covered by the basic package or care via the WMO.
|Q: What are important things to keep in mind? A: • You can ask for more details, but communicate why you are asking follow up questions
• Make it clear that as the Red Cross we don’t provide medical services, we only reffer people. 
• Let them try to contact a doctor themselves, or somobody in their network. Only if they are unable to 
call themselves, you can do it. 
• It can sometimes be quicker to find a doctor if they contact the doctor of their housemate / friend. 
• In the evening / office hours; check urgency
• Check if information is clear and if they can follow up. 
|Q: Where can I find informational materials about healthcare in the Netherlands? A: Informational materials in multiple languages:
https://ggdghor.nl/wp-content/uploads/2024/01/Overzicht-voorlichtingsmateriaal-in-diverse-talen-versie-2024.pdf

Video's explaining the healthcare system in the Netherlands in multiple languages:
* [English](https://www.youtube.com/watch?v=eCKtTKwnqDs&t=15s)
* [Dutch](https://www.youtube.com/watch?v=TWGu2EDj7wk)
* [Spanish](https://www.youtube.com/watch?v=r_xJpzV35yg)
* [Portuguese](https://www.youtube.com/watch?v=r2XNJz2h3DQ)
* [Farsi](https://www.youtube.com/watch?v=-RZfbTDm54k)
* [French](https://www.youtube.com/watch?v=yUIzAnkyEtE)
* [Arabic](https://www.youtube.com/watch?v=9Zy0PqoI51M)
* [Chinese](https://www.youtube.com/watch?v=Q-b5b0UnPyY)|Q: What organizations help UM to get medical care? A: It can often be difficult for UM to get access to medical care, eventhough they have the right to get it. This is because of language barriers, or because doctors don't know about the rights of UM or because they are too busy to receive them. 

Therefore, there are in all the bigger cities support organizations that can help UM with medical care directly (because voluntary doctors are working there) or getting them acces to health care because they have a network of doctors that are willing to help. You can find this information on HIA: https://helpfulinformation.redcross.nl/. 

The main organization is Doctors of the World. They have health care busses or locations, and they also do a lot of lobby and providing information. They also have a national helpdesk (https://doktersvandewereld.org/need-help) that provides help with medical care for undocumented migrants, for example:
* they can help UM find a GP close to them 
* they can teach people how to make an appointment or make an appointment for them if they cannot do it themselves
* they can help people get their medical bills reimbursed
* they can provide information about the Dutch healthcare system

Doctors of the World also provide medical care, dental care and psychological help themselves, for more information and offers in different cities see HIA.|Q: What can the Red Cross do? A: • We don’t have doctors ourselves! 
• We only give referral information or try to connect somebody with a doctor
• We do not reimburse medical costs, we sometimes can reimburse travel costs. Check this with team captain or Piket.",
"Describe how Doctors of the World assists UM with GP access, appointment-making, and bill reimbursement.",,"Doctors of the World helps undocumented migrants (UM) by assisting them in finding a general practitioner (GP) nearby, teaching them how to make an appointment or making the appointment for them if needed, and helping them get their medical bills reimbursed. They also provide information about the Dutch healthcare system and offer direct medical, dental, and psychological care in various cities. For more details, visit their national helpdesk: https://doktersvandewereld.org/need-help.","Q: Where can I find more information about local shelter programs & BBB's? 
 A: You can find information about the local shelter possibilities on the Red Cross website Helpful Information: https://helpfulinformation.redcross.nl/ or on the website of LOS: https://www.stichtinglos.nl/noodopvang

In the following municipalities there is a shelter program for UM: 
- Eindhoven
- Utrecht
- Groningen (not on HIA yet) - screening is done by Inlia https://www.inlia.nl/nl
- AmsterdamWhere can I find more information about local shelter programs & BBB's? 

You can find information about the local shelter possibilities on the Red Cross website Helpful Information: https://helpfulinformation.redcross.nl/ or on the website of LOS: https://www.stichtinglos.nl/noodopvang

In the following municipalities there is a shelter program for UM: 
- Eindhoven
- Utrecht
- Groningen (not on HIA yet) - screening is done by Inlia https://www.inlia.nl/nl
- Amsterdam|Q: How do winter shelters function? A: There are two different types of winter shelter. You have the permanent winter shelter and the Cold Weather Regulation. The municipality can decide if they want to organize a permanent winter shelter and if this is accessible for undocumented migrants or not. They have the legal duty to organize the Cold Weather Regulation when temperatures go below 0 degrees as it becomes too dangerous to sleep outside. The Cold Weather Regulation can be opened in the period from the 1st of November until the 1st of April.
Undocumented migrants always have access access to the Cold Weather Regulation, but not always to the permanent winter shelters. 

Large cities (Amsterdam, Rotterdam, The Hague and Utrecht) coordinate the Cold Weather Regulation together. So they often open and close at the same time. 

On the *Heplful Information website (HIA)*[https://helpfulinformation.redcross.nl/] you can find the opening times of the Cold Weather Regulation and winter shelters per city. |Q: Where can I find information about shelters for UM? A: On Helpful Information you can find information about local shelters for UM: https://helpfulinformation.redcross.nl/
Also on the website of LOS you can find information: https://www.stichtinglos.nl/noodopvang
|Q: Where can I find information about the medical rights of UM? 
 A: You can find information on the website of Stichting Los: https://www.stichtinglos.nl/content/gezondheidszorg|Q: Do people have the right to see a family doctor? A: Yes, people always have the right to see a family doctor. The doctor can reimburse the costs with the CAK. 
You can refer people to this website for information on how family doctors work in the Netherlands: 
* https://gpinfo.nl/1-dutch-healthcare|Q: Reimbursement of medical costs. A: * Important: it is differently arranged per target group (e.g. asylum seekers, undocumented, EU migrants. You can find more information on the website of CAK: https://www.hetcak.nl/zakelijk/via-welke-regeling-declareren/ 
• People who are undocumented have the right to receive all the necessary medical aid (medisch noodzakelijke zorg). This is care that is also in the basic health insurance. The costs are reimbursed by the CAK. you can always send the following letter to someone, they can show this letter to their doctor: https://helpfulinformation.redcross.nl/files/Brief-zorgverlening-ongedocumenteerde-migranten-landelijk.pdf 
• Here you can see what is in the basic package: https://www.zorginstituutnederland.nl/Verzekerde+zorg/basispakket-zorgverzekeringswet-zvw

What services can be reimbursed:
* General practitioners and dentists (for oral care up to the age of 18) are reimbursed for 80% by the CAK if the undocumented patient cannot pay this themselves. The CAK expects the healthcare provider to first try to recover the costs from the patient without a residence permit. Asking for payment can deter migrants without a residence permit and therefore hinders treatment compliance.
* You can only refer an undocumented patient to pharmacies, hospitals, Wlz and mental health care institutions with which the CAK has a contract. The list of contracted institutions changes regularly, for a current list visit Hetcak.nl/zakelijk/verzekeringen/onverzekerbare-vreemdelingen. 
* Since 2014, there has been a personal contribution of 5 euros per medicine, unless delivery via a blister/baxter is prescribed.
* Emergency care, by both contracted and non-contracted hospitals, is reimbursed for 80%.
* Obstetric care is 100% reimbursed.
* For long-term care (nursing home), AWBZ and GGZ institutions, only contracted institutions will be reimbursed for costs.
* Dental care above the age of 18 is not reimbursed, nor are medications and aids that are not covered by the basic package or care via the WMO.
|Q: What are important things to keep in mind? A: • You can ask for more details, but communicate why you are asking follow up questions
• Make it clear that as the Red Cross we don’t provide medical services, we only reffer people. 
• Let them try to contact a doctor themselves, or somobody in their network. Only if they are unable to 
call themselves, you can do it. 
• It can sometimes be quicker to find a doctor if they contact the doctor of their housemate / friend. 
• In the evening / office hours; check urgency
• Check if information is clear and if they can follow up. 
|Q: Where can I find informational materials about healthcare in the Netherlands? A: Informational materials in multiple languages:
https://ggdghor.nl/wp-content/uploads/2024/01/Overzicht-voorlichtingsmateriaal-in-diverse-talen-versie-2024.pdf

Video's explaining the healthcare system in the Netherlands in multiple languages:
* [English](https://www.youtube.com/watch?v=eCKtTKwnqDs&t=15s)
* [Dutch](https://www.youtube.com/watch?v=TWGu2EDj7wk)
* [Spanish](https://www.youtube.com/watch?v=r_xJpzV35yg)
* [Portuguese](https://www.youtube.com/watch?v=r2XNJz2h3DQ)
* [Farsi](https://www.youtube.com/watch?v=-RZfbTDm54k)
* [French](https://www.youtube.com/watch?v=yUIzAnkyEtE)
* [Arabic](https://www.youtube.com/watch?v=9Zy0PqoI51M)
* [Chinese](https://www.youtube.com/watch?v=Q-b5b0UnPyY)|Q: What organizations help UM to get medical care? A: It can often be difficult for UM to get access to medical care, eventhough they have the right to get it. This is because of language barriers, or because doctors don't know about the rights of UM or because they are too busy to receive them. 

Therefore, there are in all the bigger cities support organizations that can help UM with medical care directly (because voluntary doctors are working there) or getting them acces to health care because they have a network of doctors that are willing to help. You can find this information on HIA: https://helpfulinformation.redcross.nl/. 

The main organization is Doctors of the World. They have health care busses or locations, and they also do a lot of lobby and providing information. They also have a national helpdesk (https://doktersvandewereld.org/need-help) that provides help with medical care for undocumented migrants, for example:
* they can help UM find a GP close to them 
* they can teach people how to make an appointment or make an appointment for them if they cannot do it themselves
* they can help people get their medical bills reimbursed
* they can provide information about the Dutch healthcare system

Doctors of the World also provide medical care, dental care and psychological help themselves, for more information and offers in different cities see HIA.|Q: What can the Red Cross do? A: • We don’t have doctors ourselves! 
• We only give referral information or try to connect somebody with a doctor
• We do not reimburse medical costs, we sometimes can reimburse travel costs. Check this with team captain or Piket.",
Detail the eligibility criteria for accessing Red Cross Amsterdam-Amstelland’s Emergency Request fund.,,"To access Red Cross Amsterdam-Amstelland’s Emergency Request fund, eligibility criteria include:

- The fund is for (partial) reimbursement of medical devices.
- Guidance by Red Cross volunteers must be possible; clients with addiction or serious psychological problems are **not** eligible.
- The fund does **not** cover urgent assistance requests needing help within 24 hours, medicines, or medical assistance.

For more information or to request help, send an e-mail to: heretohelp.amsterdam@rodekruis.nl.","Q: What can the Red Cross Amsterdam do? A: ## Red Cross Amsterdam-Amstelland can help with: 
• Information provision and referral to partners
• Digital food and hygiene support (maximum 3 months)
• Transport costs (maximum 3 months)
• Guidance by Red Cross volunteers (to medical appointments, explaining the situation clearly)
• Access Emergency Request fund for (partial) reimbursement of medical devices

!! They **cannot** help with:
• Guidance by volunteers must be possible; We therefore do not support clients with addiction problems or serious psychological problems.
• Urgent assistance requests for which assistance must be provided within 24 hours,
• Providing medicines or medical assistance

**For help from Red Cross Amsterdam-Amstelland, send an e-mail to: heretohelp.amsterdam@rodekruis.nl**
|Q: Where can I find a doctor? A: For an overview of where to find a doctor, please see HIA (Health & Wellbeing): https://helpfulinformation.redcross.nl/|Q: What is better, sending somebody to a specialized organization or to a doctor? A: In general it is the best if people are known with a GP, because they can then visit the doctor more often. However, what is best to do, depends also on the situation of the person, and for example if somebody has a fixed address (better if they find a doctor) or somebody is on the street (better to go to a specialized organization). Often it is quicker to get somebody into contact with a specialized organization. This organization can then try to find a doctor for this person. Often they have a network of friendly doctors, who are more willing to receive people that are undocumented. 

In case somebody is in a city where there are specialized organizations, then it is good to give the PA the option to go to a huisarts (and if needed, our help to contact the huisarts) but that there are also specialized organizations that can help. 

**See below an example of a message that you can send:**
*You have the right to visit a family doctor, so you can always contact doctors close by to you. But there are also organizations that are specialized in providing medical help to people without health insurance. 
The benefits of contacting a doctor are that you can get structural help there. This is especially good if you have a fixed place where you are staying. However, sometimes it can teake a bit longer before there is a doctor that 
can receive you, because many doctors don’t take in new patients. 
The benefits of [ name organisation] is that they are specialized in helping people without health insurance. You can go there quickly to discuss your issue. But if you need structural help, they will also have to find you a doctor. Do you have a preference?*
|Q: What if someone needs a doctor in a city without specialized support organization? A: It can sometimes take a long time before we can help somebody to get the help from a doctor. However this is somebodies right. Therefore we do try this, but in case it is taken too long, then we connect somebody with a 
specialized organization: 
• Check if somebody can call with a doctor, or has somebody in their network; give the address of 
doctors close by
• In case he cannot call; contact your TC to check if there is an option that we can call as the Red Cross
• Keep track of the doctors that you call in ‘conversation summery’ 
• If after 5 doctors it didn’t work, call with the specialized organization that is most close by to see if he can go there
• If we need to reimburse travel costs; check with Team Captain if we can do this. 
• You can always send them the letter with information about CAK (you can find this letter here: https://helpfulinformation.redcross.nl/files/Brief-zorgverlening-ongedocumenteerde-migranten-landelijk.pdf |Q: What if someone needs urgent medical support after office hours/ during weekends? A: Ask him to call with huisartsenpost. In case he cannot do this: 
• Ask him his date of birth and to explain to you the symptoms. Tell him to stay on WA to answer 
questions from the Huisartsenpost and to pick up the phone in case he is called 
• Discuss with your TC if it is possible to call the huisartsenpost and discuss with them. Often they will ask to call in the patient, so then you can add the PA to the call. 
• In case you face difficulties; you can always call with piket to take over the case from you. 
|Q: I am afraid the doctor will send me away/ the doctor send me away A: Everyone in the Netherlands has the right to see a doctor., also if you don't have residence papers or health insurance. Clearly explain to PA what his/her rights are and that the doctor has to see him/her. Since they don't have health insurance, the costs are reimbursed by the CAK. Sometimes doctors don’t know about this. Therefore the Red Cross has developed a letter with information. In case somebody is scared to go to the doctor, then you can give them this letter, which they can show to the doctor. You can find this letter here: https://helpfulinformation.redcross.nl/files/Brief-zorgverlening-ongedocumenteerde-migranten-landelijk.pdf |Q: Can I go to the ermergency post at the hospital? A: Yes, and if it is an emergency they have the legal duty to help you. They can reimburse the costs for 80% at the CAK. 
|Q: Can I go to every hospital and where can I find the hospital? A: For all other help besides emergency care, you can best go to hospital that have a contract with the CAK. You can find here which hospitals have a contract with the CAK: https://www.hetcak.nl/zakelijk/onverzekerbare-vreemdelingen/overige-informatie/#item_15341 |Q: Where can I go to a dentist? A: You can always visit a dentist, but for people older then 18 the costs are not reimbursed. This means you will often have to pay for yourself. Sometimes there is a free dental service once in a while, for example in bigger cities. 

For an overview of where to find a dentist, please see HIA (Health & Wellbeing): https://helpfulinformation.redcross.nl/ |Q: Are there organizations that can help with dental care? A: Some health care organizations that are specialized in helping UM, can also help with dentists care. See the information on HIA: https://helpfulinformation.redcross.nl/. Not all organizations want to be on HIA. For example Doctors of the World prefers not to have the information public, but they can help sometimes. So you can direct people to them when they need dental care, but good to not make any promises. ",
Explain how Red Cross Amsterdam-Amstelland’s digital support for food/hygiene is limited in duration and scope.,,Red Cross Amsterdam-Amstelland’s digital support for food and hygiene is limited to a maximum of 3 months. This support is not ongoing and is only available for a short period.,"Q: What can the Red Cross Amsterdam do? A: ## Red Cross Amsterdam-Amstelland can help with: 
• Information provision and referral to partners
• Digital food and hygiene support (maximum 3 months)
• Transport costs (maximum 3 months)
• Guidance by Red Cross volunteers (to medical appointments, explaining the situation clearly)
• Access Emergency Request fund for (partial) reimbursement of medical devices

!! They **cannot** help with:
• Guidance by volunteers must be possible; We therefore do not support clients with addiction problems or serious psychological problems.
• Urgent assistance requests for which assistance must be provided within 24 hours,
• Providing medicines or medical assistance

**For help from Red Cross Amsterdam-Amstelland, send an e-mail to: heretohelp.amsterdam@rodekruis.nl**
|Q: Where can I find a doctor? A: For an overview of where to find a doctor, please see HIA (Health & Wellbeing): https://helpfulinformation.redcross.nl/|Q: What is better, sending somebody to a specialized organization or to a doctor? A: In general it is the best if people are known with a GP, because they can then visit the doctor more often. However, what is best to do, depends also on the situation of the person, and for example if somebody has a fixed address (better if they find a doctor) or somebody is on the street (better to go to a specialized organization). Often it is quicker to get somebody into contact with a specialized organization. This organization can then try to find a doctor for this person. Often they have a network of friendly doctors, who are more willing to receive people that are undocumented. 

In case somebody is in a city where there are specialized organizations, then it is good to give the PA the option to go to a huisarts (and if needed, our help to contact the huisarts) but that there are also specialized organizations that can help. 

**See below an example of a message that you can send:**
*You have the right to visit a family doctor, so you can always contact doctors close by to you. But there are also organizations that are specialized in providing medical help to people without health insurance. 
The benefits of contacting a doctor are that you can get structural help there. This is especially good if you have a fixed place where you are staying. However, sometimes it can teake a bit longer before there is a doctor that 
can receive you, because many doctors don’t take in new patients. 
The benefits of [ name organisation] is that they are specialized in helping people without health insurance. You can go there quickly to discuss your issue. But if you need structural help, they will also have to find you a doctor. Do you have a preference?*
|Q: What if someone needs a doctor in a city without specialized support organization? A: It can sometimes take a long time before we can help somebody to get the help from a doctor. However this is somebodies right. Therefore we do try this, but in case it is taken too long, then we connect somebody with a 
specialized organization: 
• Check if somebody can call with a doctor, or has somebody in their network; give the address of 
doctors close by
• In case he cannot call; contact your TC to check if there is an option that we can call as the Red Cross
• Keep track of the doctors that you call in ‘conversation summery’ 
• If after 5 doctors it didn’t work, call with the specialized organization that is most close by to see if he can go there
• If we need to reimburse travel costs; check with Team Captain if we can do this. 
• You can always send them the letter with information about CAK (you can find this letter here: https://helpfulinformation.redcross.nl/files/Brief-zorgverlening-ongedocumenteerde-migranten-landelijk.pdf |Q: What if someone needs urgent medical support after office hours/ during weekends? A: Ask him to call with huisartsenpost. In case he cannot do this: 
• Ask him his date of birth and to explain to you the symptoms. Tell him to stay on WA to answer 
questions from the Huisartsenpost and to pick up the phone in case he is called 
• Discuss with your TC if it is possible to call the huisartsenpost and discuss with them. Often they will ask to call in the patient, so then you can add the PA to the call. 
• In case you face difficulties; you can always call with piket to take over the case from you. 
|Q: I am afraid the doctor will send me away/ the doctor send me away A: Everyone in the Netherlands has the right to see a doctor., also if you don't have residence papers or health insurance. Clearly explain to PA what his/her rights are and that the doctor has to see him/her. Since they don't have health insurance, the costs are reimbursed by the CAK. Sometimes doctors don’t know about this. Therefore the Red Cross has developed a letter with information. In case somebody is scared to go to the doctor, then you can give them this letter, which they can show to the doctor. You can find this letter here: https://helpfulinformation.redcross.nl/files/Brief-zorgverlening-ongedocumenteerde-migranten-landelijk.pdf |Q: Can I go to the ermergency post at the hospital? A: Yes, and if it is an emergency they have the legal duty to help you. They can reimburse the costs for 80% at the CAK. 
|Q: Can I go to every hospital and where can I find the hospital? A: For all other help besides emergency care, you can best go to hospital that have a contract with the CAK. You can find here which hospitals have a contract with the CAK: https://www.hetcak.nl/zakelijk/onverzekerbare-vreemdelingen/overige-informatie/#item_15341 |Q: Where can I go to a dentist? A: You can always visit a dentist, but for people older then 18 the costs are not reimbursed. This means you will often have to pay for yourself. Sometimes there is a free dental service once in a while, for example in bigger cities. 

For an overview of where to find a dentist, please see HIA (Health & Wellbeing): https://helpfulinformation.redcross.nl/ |Q: Are there organizations that can help with dental care? A: Some health care organizations that are specialized in helping UM, can also help with dentists care. See the information on HIA: https://helpfulinformation.redcross.nl/. Not all organizations want to be on HIA. For example Doctors of the World prefers not to have the information public, but they can help sometimes. So you can direct people to them when they need dental care, but good to not make any promises. ",
How can I get Red Cross Amsterdam help with transport costs for max 3 months and what’s required?,,"Red Cross Amsterdam-Amstelland can help with transport costs for a maximum of 3 months. To request this support, you need to send an e-mail to heretohelp.amsterdam@rodekruis.nl. Guidance by Red Cross volunteers is required, and assistance is not available for clients with addiction or serious psychological problems.","Q: What can the Red Cross Amsterdam do? A: ## Red Cross Amsterdam-Amstelland can help with: 
• Information provision and referral to partners
• Digital food and hygiene support (maximum 3 months)
• Transport costs (maximum 3 months)
• Guidance by Red Cross volunteers (to medical appointments, explaining the situation clearly)
• Access Emergency Request fund for (partial) reimbursement of medical devices

!! They **cannot** help with:
• Guidance by volunteers must be possible; We therefore do not support clients with addiction problems or serious psychological problems.
• Urgent assistance requests for which assistance must be provided within 24 hours,
• Providing medicines or medical assistance

**For help from Red Cross Amsterdam-Amstelland, send an e-mail to: heretohelp.amsterdam@rodekruis.nl**
|Q: Where can I find a doctor? A: For an overview of where to find a doctor, please see HIA (Health & Wellbeing): https://helpfulinformation.redcross.nl/|Q: What is better, sending somebody to a specialized organization or to a doctor? A: In general it is the best if people are known with a GP, because they can then visit the doctor more often. However, what is best to do, depends also on the situation of the person, and for example if somebody has a fixed address (better if they find a doctor) or somebody is on the street (better to go to a specialized organization). Often it is quicker to get somebody into contact with a specialized organization. This organization can then try to find a doctor for this person. Often they have a network of friendly doctors, who are more willing to receive people that are undocumented. 

In case somebody is in a city where there are specialized organizations, then it is good to give the PA the option to go to a huisarts (and if needed, our help to contact the huisarts) but that there are also specialized organizations that can help. 

**See below an example of a message that you can send:**
*You have the right to visit a family doctor, so you can always contact doctors close by to you. But there are also organizations that are specialized in providing medical help to people without health insurance. 
The benefits of contacting a doctor are that you can get structural help there. This is especially good if you have a fixed place where you are staying. However, sometimes it can teake a bit longer before there is a doctor that 
can receive you, because many doctors don’t take in new patients. 
The benefits of [ name organisation] is that they are specialized in helping people without health insurance. You can go there quickly to discuss your issue. But if you need structural help, they will also have to find you a doctor. Do you have a preference?*
|Q: What if someone needs a doctor in a city without specialized support organization? A: It can sometimes take a long time before we can help somebody to get the help from a doctor. However this is somebodies right. Therefore we do try this, but in case it is taken too long, then we connect somebody with a 
specialized organization: 
• Check if somebody can call with a doctor, or has somebody in their network; give the address of 
doctors close by
• In case he cannot call; contact your TC to check if there is an option that we can call as the Red Cross
• Keep track of the doctors that you call in ‘conversation summery’ 
• If after 5 doctors it didn’t work, call with the specialized organization that is most close by to see if he can go there
• If we need to reimburse travel costs; check with Team Captain if we can do this. 
• You can always send them the letter with information about CAK (you can find this letter here: https://helpfulinformation.redcross.nl/files/Brief-zorgverlening-ongedocumenteerde-migranten-landelijk.pdf |Q: What if someone needs urgent medical support after office hours/ during weekends? A: Ask him to call with huisartsenpost. In case he cannot do this: 
• Ask him his date of birth and to explain to you the symptoms. Tell him to stay on WA to answer 
questions from the Huisartsenpost and to pick up the phone in case he is called 
• Discuss with your TC if it is possible to call the huisartsenpost and discuss with them. Often they will ask to call in the patient, so then you can add the PA to the call. 
• In case you face difficulties; you can always call with piket to take over the case from you. 
|Q: I am afraid the doctor will send me away/ the doctor send me away A: Everyone in the Netherlands has the right to see a doctor., also if you don't have residence papers or health insurance. Clearly explain to PA what his/her rights are and that the doctor has to see him/her. Since they don't have health insurance, the costs are reimbursed by the CAK. Sometimes doctors don’t know about this. Therefore the Red Cross has developed a letter with information. In case somebody is scared to go to the doctor, then you can give them this letter, which they can show to the doctor. You can find this letter here: https://helpfulinformation.redcross.nl/files/Brief-zorgverlening-ongedocumenteerde-migranten-landelijk.pdf |Q: Can I go to the ermergency post at the hospital? A: Yes, and if it is an emergency they have the legal duty to help you. They can reimburse the costs for 80% at the CAK. 
|Q: Can I go to every hospital and where can I find the hospital? A: For all other help besides emergency care, you can best go to hospital that have a contract with the CAK. You can find here which hospitals have a contract with the CAK: https://www.hetcak.nl/zakelijk/onverzekerbare-vreemdelingen/overige-informatie/#item_15341 |Q: Where can I go to a dentist? A: You can always visit a dentist, but for people older then 18 the costs are not reimbursed. This means you will often have to pay for yourself. Sometimes there is a free dental service once in a while, for example in bigger cities. 

For an overview of where to find a dentist, please see HIA (Health & Wellbeing): https://helpfulinformation.redcross.nl/ |Q: Are there organizations that can help with dental care? A: Some health care organizations that are specialized in helping UM, can also help with dentists care. See the information on HIA: https://helpfulinformation.redcross.nl/. Not all organizations want to be on HIA. For example Doctors of the World prefers not to have the information public, but they can help sometimes. So you can direct people to them when they need dental care, but good to not make any promises. ",
Can Red Cross Amsterdam-Amstelland provide medical assistance or medicines for clients with addiction issues?,,"No, Red Cross Amsterdam-Amstelland cannot provide medical assistance or medicines, and they do not support clients with addiction problems or serious psychological issues.","Q: What can the Red Cross Amsterdam do? A: ## Red Cross Amsterdam-Amstelland can help with: 
• Information provision and referral to partners
• Digital food and hygiene support (maximum 3 months)
• Transport costs (maximum 3 months)
• Guidance by Red Cross volunteers (to medical appointments, explaining the situation clearly)
• Access Emergency Request fund for (partial) reimbursement of medical devices

!! They **cannot** help with:
• Guidance by volunteers must be possible; We therefore do not support clients with addiction problems or serious psychological problems.
• Urgent assistance requests for which assistance must be provided within 24 hours,
• Providing medicines or medical assistance

**For help from Red Cross Amsterdam-Amstelland, send an e-mail to: heretohelp.amsterdam@rodekruis.nl**
|Q: Where can I find a doctor? A: For an overview of where to find a doctor, please see HIA (Health & Wellbeing): https://helpfulinformation.redcross.nl/|Q: What is better, sending somebody to a specialized organization or to a doctor? A: In general it is the best if people are known with a GP, because they can then visit the doctor more often. However, what is best to do, depends also on the situation of the person, and for example if somebody has a fixed address (better if they find a doctor) or somebody is on the street (better to go to a specialized organization). Often it is quicker to get somebody into contact with a specialized organization. This organization can then try to find a doctor for this person. Often they have a network of friendly doctors, who are more willing to receive people that are undocumented. 

In case somebody is in a city where there are specialized organizations, then it is good to give the PA the option to go to a huisarts (and if needed, our help to contact the huisarts) but that there are also specialized organizations that can help. 

**See below an example of a message that you can send:**
*You have the right to visit a family doctor, so you can always contact doctors close by to you. But there are also organizations that are specialized in providing medical help to people without health insurance. 
The benefits of contacting a doctor are that you can get structural help there. This is especially good if you have a fixed place where you are staying. However, sometimes it can teake a bit longer before there is a doctor that 
can receive you, because many doctors don’t take in new patients. 
The benefits of [ name organisation] is that they are specialized in helping people without health insurance. You can go there quickly to discuss your issue. But if you need structural help, they will also have to find you a doctor. Do you have a preference?*
|Q: What if someone needs a doctor in a city without specialized support organization? A: It can sometimes take a long time before we can help somebody to get the help from a doctor. However this is somebodies right. Therefore we do try this, but in case it is taken too long, then we connect somebody with a 
specialized organization: 
• Check if somebody can call with a doctor, or has somebody in their network; give the address of 
doctors close by
• In case he cannot call; contact your TC to check if there is an option that we can call as the Red Cross
• Keep track of the doctors that you call in ‘conversation summery’ 
• If after 5 doctors it didn’t work, call with the specialized organization that is most close by to see if he can go there
• If we need to reimburse travel costs; check with Team Captain if we can do this. 
• You can always send them the letter with information about CAK (you can find this letter here: https://helpfulinformation.redcross.nl/files/Brief-zorgverlening-ongedocumenteerde-migranten-landelijk.pdf |Q: What if someone needs urgent medical support after office hours/ during weekends? A: Ask him to call with huisartsenpost. In case he cannot do this: 
• Ask him his date of birth and to explain to you the symptoms. Tell him to stay on WA to answer 
questions from the Huisartsenpost and to pick up the phone in case he is called 
• Discuss with your TC if it is possible to call the huisartsenpost and discuss with them. Often they will ask to call in the patient, so then you can add the PA to the call. 
• In case you face difficulties; you can always call with piket to take over the case from you. 
|Q: I am afraid the doctor will send me away/ the doctor send me away A: Everyone in the Netherlands has the right to see a doctor., also if you don't have residence papers or health insurance. Clearly explain to PA what his/her rights are and that the doctor has to see him/her. Since they don't have health insurance, the costs are reimbursed by the CAK. Sometimes doctors don’t know about this. Therefore the Red Cross has developed a letter with information. In case somebody is scared to go to the doctor, then you can give them this letter, which they can show to the doctor. You can find this letter here: https://helpfulinformation.redcross.nl/files/Brief-zorgverlening-ongedocumenteerde-migranten-landelijk.pdf |Q: Can I go to the ermergency post at the hospital? A: Yes, and if it is an emergency they have the legal duty to help you. They can reimburse the costs for 80% at the CAK. 
|Q: Can I go to every hospital and where can I find the hospital? A: For all other help besides emergency care, you can best go to hospital that have a contract with the CAK. You can find here which hospitals have a contract with the CAK: https://www.hetcak.nl/zakelijk/onverzekerbare-vreemdelingen/overige-informatie/#item_15341 |Q: Where can I go to a dentist? A: You can always visit a dentist, but for people older then 18 the costs are not reimbursed. This means you will often have to pay for yourself. Sometimes there is a free dental service once in a while, for example in bigger cities. 

For an overview of where to find a dentist, please see HIA (Health & Wellbeing): https://helpfulinformation.redcross.nl/ |Q: Are there organizations that can help with dental care? A: Some health care organizations that are specialized in helping UM, can also help with dentists care. See the information on HIA: https://helpfulinformation.redcross.nl/. Not all organizations want to be on HIA. For example Doctors of the World prefers not to have the information public, but they can help sometimes. So you can direct people to them when they need dental care, but good to not make any promises. ",
Compare options for finding a doctor if you have or lack a fixed address in NL.,,"If you have a fixed address in the Netherlands, it is best to register with a local GP (huisarts) for ongoing medical care. This allows you to get structural help and visit the doctor more often. If you lack a fixed address (e.g., are homeless), it is usually quicker to contact a specialized organization that helps people without health insurance or residence papers. These organizations can provide immediate support and may help you find a doctor through their network. In both cases, you have the right to see a doctor, but access may be easier and more stable if you have a fixed address.","Q: What can the Red Cross Amsterdam do? A: ## Red Cross Amsterdam-Amstelland can help with: 
• Information provision and referral to partners
• Digital food and hygiene support (maximum 3 months)
• Transport costs (maximum 3 months)
• Guidance by Red Cross volunteers (to medical appointments, explaining the situation clearly)
• Access Emergency Request fund for (partial) reimbursement of medical devices

!! They **cannot** help with:
• Guidance by volunteers must be possible; We therefore do not support clients with addiction problems or serious psychological problems.
• Urgent assistance requests for which assistance must be provided within 24 hours,
• Providing medicines or medical assistance

**For help from Red Cross Amsterdam-Amstelland, send an e-mail to: heretohelp.amsterdam@rodekruis.nl**
|Q: Where can I find a doctor? A: For an overview of where to find a doctor, please see HIA (Health & Wellbeing): https://helpfulinformation.redcross.nl/|Q: What is better, sending somebody to a specialized organization or to a doctor? A: In general it is the best if people are known with a GP, because they can then visit the doctor more often. However, what is best to do, depends also on the situation of the person, and for example if somebody has a fixed address (better if they find a doctor) or somebody is on the street (better to go to a specialized organization). Often it is quicker to get somebody into contact with a specialized organization. This organization can then try to find a doctor for this person. Often they have a network of friendly doctors, who are more willing to receive people that are undocumented. 

In case somebody is in a city where there are specialized organizations, then it is good to give the PA the option to go to a huisarts (and if needed, our help to contact the huisarts) but that there are also specialized organizations that can help. 

**See below an example of a message that you can send:**
*You have the right to visit a family doctor, so you can always contact doctors close by to you. But there are also organizations that are specialized in providing medical help to people without health insurance. 
The benefits of contacting a doctor are that you can get structural help there. This is especially good if you have a fixed place where you are staying. However, sometimes it can teake a bit longer before there is a doctor that 
can receive you, because many doctors don’t take in new patients. 
The benefits of [ name organisation] is that they are specialized in helping people without health insurance. You can go there quickly to discuss your issue. But if you need structural help, they will also have to find you a doctor. Do you have a preference?*
|Q: What if someone needs a doctor in a city without specialized support organization? A: It can sometimes take a long time before we can help somebody to get the help from a doctor. However this is somebodies right. Therefore we do try this, but in case it is taken too long, then we connect somebody with a 
specialized organization: 
• Check if somebody can call with a doctor, or has somebody in their network; give the address of 
doctors close by
• In case he cannot call; contact your TC to check if there is an option that we can call as the Red Cross
• Keep track of the doctors that you call in ‘conversation summery’ 
• If after 5 doctors it didn’t work, call with the specialized organization that is most close by to see if he can go there
• If we need to reimburse travel costs; check with Team Captain if we can do this. 
• You can always send them the letter with information about CAK (you can find this letter here: https://helpfulinformation.redcross.nl/files/Brief-zorgverlening-ongedocumenteerde-migranten-landelijk.pdf |Q: What if someone needs urgent medical support after office hours/ during weekends? A: Ask him to call with huisartsenpost. In case he cannot do this: 
• Ask him his date of birth and to explain to you the symptoms. Tell him to stay on WA to answer 
questions from the Huisartsenpost and to pick up the phone in case he is called 
• Discuss with your TC if it is possible to call the huisartsenpost and discuss with them. Often they will ask to call in the patient, so then you can add the PA to the call. 
• In case you face difficulties; you can always call with piket to take over the case from you. 
|Q: I am afraid the doctor will send me away/ the doctor send me away A: Everyone in the Netherlands has the right to see a doctor., also if you don't have residence papers or health insurance. Clearly explain to PA what his/her rights are and that the doctor has to see him/her. Since they don't have health insurance, the costs are reimbursed by the CAK. Sometimes doctors don’t know about this. Therefore the Red Cross has developed a letter with information. In case somebody is scared to go to the doctor, then you can give them this letter, which they can show to the doctor. You can find this letter here: https://helpfulinformation.redcross.nl/files/Brief-zorgverlening-ongedocumenteerde-migranten-landelijk.pdf |Q: Can I go to the ermergency post at the hospital? A: Yes, and if it is an emergency they have the legal duty to help you. They can reimburse the costs for 80% at the CAK. 
|Q: Can I go to every hospital and where can I find the hospital? A: For all other help besides emergency care, you can best go to hospital that have a contract with the CAK. You can find here which hospitals have a contract with the CAK: https://www.hetcak.nl/zakelijk/onverzekerbare-vreemdelingen/overige-informatie/#item_15341 |Q: Where can I go to a dentist? A: You can always visit a dentist, but for people older then 18 the costs are not reimbursed. This means you will often have to pay for yourself. Sometimes there is a free dental service once in a while, for example in bigger cities. 

For an overview of where to find a dentist, please see HIA (Health & Wellbeing): https://helpfulinformation.redcross.nl/ |Q: Are there organizations that can help with dental care? A: Some health care organizations that are specialized in helping UM, can also help with dentists care. See the information on HIA: https://helpfulinformation.redcross.nl/. Not all organizations want to be on HIA. For example Doctors of the World prefers not to have the information public, but they can help sometimes. So you can direct people to them when they need dental care, but good to not make any promises. ",
"If an undocumented person is homeless, what challenges might arise if only GPs were available?",,"If an undocumented person is homeless, relying only on GPs can be challenging because GPs often require patients to have a fixed address and may not accept new patients, especially those without health insurance. Homeless individuals may find it difficult to access structural help from a GP, and it can take longer to get an appointment. Specialized organizations are usually better equipped to help homeless undocumented people quickly and can assist in finding a doctor through their network.","Q: What can the Red Cross Amsterdam do? A: ## Red Cross Amsterdam-Amstelland can help with: 
• Information provision and referral to partners
• Digital food and hygiene support (maximum 3 months)
• Transport costs (maximum 3 months)
• Guidance by Red Cross volunteers (to medical appointments, explaining the situation clearly)
• Access Emergency Request fund for (partial) reimbursement of medical devices

!! They **cannot** help with:
• Guidance by volunteers must be possible; We therefore do not support clients with addiction problems or serious psychological problems.
• Urgent assistance requests for which assistance must be provided within 24 hours,
• Providing medicines or medical assistance

**For help from Red Cross Amsterdam-Amstelland, send an e-mail to: heretohelp.amsterdam@rodekruis.nl**
|Q: Where can I find a doctor? A: For an overview of where to find a doctor, please see HIA (Health & Wellbeing): https://helpfulinformation.redcross.nl/|Q: What is better, sending somebody to a specialized organization or to a doctor? A: In general it is the best if people are known with a GP, because they can then visit the doctor more often. However, what is best to do, depends also on the situation of the person, and for example if somebody has a fixed address (better if they find a doctor) or somebody is on the street (better to go to a specialized organization). Often it is quicker to get somebody into contact with a specialized organization. This organization can then try to find a doctor for this person. Often they have a network of friendly doctors, who are more willing to receive people that are undocumented. 

In case somebody is in a city where there are specialized organizations, then it is good to give the PA the option to go to a huisarts (and if needed, our help to contact the huisarts) but that there are also specialized organizations that can help. 

**See below an example of a message that you can send:**
*You have the right to visit a family doctor, so you can always contact doctors close by to you. But there are also organizations that are specialized in providing medical help to people without health insurance. 
The benefits of contacting a doctor are that you can get structural help there. This is especially good if you have a fixed place where you are staying. However, sometimes it can teake a bit longer before there is a doctor that 
can receive you, because many doctors don’t take in new patients. 
The benefits of [ name organisation] is that they are specialized in helping people without health insurance. You can go there quickly to discuss your issue. But if you need structural help, they will also have to find you a doctor. Do you have a preference?*
|Q: What if someone needs a doctor in a city without specialized support organization? A: It can sometimes take a long time before we can help somebody to get the help from a doctor. However this is somebodies right. Therefore we do try this, but in case it is taken too long, then we connect somebody with a 
specialized organization: 
• Check if somebody can call with a doctor, or has somebody in their network; give the address of 
doctors close by
• In case he cannot call; contact your TC to check if there is an option that we can call as the Red Cross
• Keep track of the doctors that you call in ‘conversation summery’ 
• If after 5 doctors it didn’t work, call with the specialized organization that is most close by to see if he can go there
• If we need to reimburse travel costs; check with Team Captain if we can do this. 
• You can always send them the letter with information about CAK (you can find this letter here: https://helpfulinformation.redcross.nl/files/Brief-zorgverlening-ongedocumenteerde-migranten-landelijk.pdf |Q: What if someone needs urgent medical support after office hours/ during weekends? A: Ask him to call with huisartsenpost. In case he cannot do this: 
• Ask him his date of birth and to explain to you the symptoms. Tell him to stay on WA to answer 
questions from the Huisartsenpost and to pick up the phone in case he is called 
• Discuss with your TC if it is possible to call the huisartsenpost and discuss with them. Often they will ask to call in the patient, so then you can add the PA to the call. 
• In case you face difficulties; you can always call with piket to take over the case from you. 
|Q: I am afraid the doctor will send me away/ the doctor send me away A: Everyone in the Netherlands has the right to see a doctor., also if you don't have residence papers or health insurance. Clearly explain to PA what his/her rights are and that the doctor has to see him/her. Since they don't have health insurance, the costs are reimbursed by the CAK. Sometimes doctors don’t know about this. Therefore the Red Cross has developed a letter with information. In case somebody is scared to go to the doctor, then you can give them this letter, which they can show to the doctor. You can find this letter here: https://helpfulinformation.redcross.nl/files/Brief-zorgverlening-ongedocumenteerde-migranten-landelijk.pdf |Q: Can I go to the ermergency post at the hospital? A: Yes, and if it is an emergency they have the legal duty to help you. They can reimburse the costs for 80% at the CAK. 
|Q: Can I go to every hospital and where can I find the hospital? A: For all other help besides emergency care, you can best go to hospital that have a contract with the CAK. You can find here which hospitals have a contract with the CAK: https://www.hetcak.nl/zakelijk/onverzekerbare-vreemdelingen/overige-informatie/#item_15341 |Q: Where can I go to a dentist? A: You can always visit a dentist, but for people older then 18 the costs are not reimbursed. This means you will often have to pay for yourself. Sometimes there is a free dental service once in a while, for example in bigger cities. 

For an overview of where to find a dentist, please see HIA (Health & Wellbeing): https://helpfulinformation.redcross.nl/ |Q: Are there organizations that can help with dental care? A: Some health care organizations that are specialized in helping UM, can also help with dentists care. See the information on HIA: https://helpfulinformation.redcross.nl/. Not all organizations want to be on HIA. For example Doctors of the World prefers not to have the information public, but they can help sometimes. So you can direct people to them when they need dental care, but good to not make any promises. ",
"If no specialized orgs exist, how can you secure a doctor and manage possible delays?",,"If no specialized organizations exist, you can secure a doctor by:

- Checking if the person can call a doctor themselves or has someone in their network who can help.
- Providing addresses of doctors nearby.
- If the person cannot call, contact your Team Captain (TC) to see if the Red Cross can call doctors on their behalf.
- Keep track of the doctors you contact.
- If after contacting 5 doctors it hasn’t worked, reach out to the nearest specialized organization for support.
- If travel costs are needed, check with the TC about reimbursement.
- If delays are long, give the person the CAK information letter to show their right to care: https://helpfulinformation.redcross.nl/files/Brief-zorgverlening-ongedocumenteerde-migranten-landelijk.pdf

This process helps manage delays and ensures the person’s right to see a doctor is respected.","Q: What can the Red Cross Amsterdam do? A: ## Red Cross Amsterdam-Amstelland can help with: 
• Information provision and referral to partners
• Digital food and hygiene support (maximum 3 months)
• Transport costs (maximum 3 months)
• Guidance by Red Cross volunteers (to medical appointments, explaining the situation clearly)
• Access Emergency Request fund for (partial) reimbursement of medical devices

!! They **cannot** help with:
• Guidance by volunteers must be possible; We therefore do not support clients with addiction problems or serious psychological problems.
• Urgent assistance requests for which assistance must be provided within 24 hours,
• Providing medicines or medical assistance

**For help from Red Cross Amsterdam-Amstelland, send an e-mail to: heretohelp.amsterdam@rodekruis.nl**
|Q: Where can I find a doctor? A: For an overview of where to find a doctor, please see HIA (Health & Wellbeing): https://helpfulinformation.redcross.nl/|Q: What is better, sending somebody to a specialized organization or to a doctor? A: In general it is the best if people are known with a GP, because they can then visit the doctor more often. However, what is best to do, depends also on the situation of the person, and for example if somebody has a fixed address (better if they find a doctor) or somebody is on the street (better to go to a specialized organization). Often it is quicker to get somebody into contact with a specialized organization. This organization can then try to find a doctor for this person. Often they have a network of friendly doctors, who are more willing to receive people that are undocumented. 

In case somebody is in a city where there are specialized organizations, then it is good to give the PA the option to go to a huisarts (and if needed, our help to contact the huisarts) but that there are also specialized organizations that can help. 

**See below an example of a message that you can send:**
*You have the right to visit a family doctor, so you can always contact doctors close by to you. But there are also organizations that are specialized in providing medical help to people without health insurance. 
The benefits of contacting a doctor are that you can get structural help there. This is especially good if you have a fixed place where you are staying. However, sometimes it can teake a bit longer before there is a doctor that 
can receive you, because many doctors don’t take in new patients. 
The benefits of [ name organisation] is that they are specialized in helping people without health insurance. You can go there quickly to discuss your issue. But if you need structural help, they will also have to find you a doctor. Do you have a preference?*
|Q: What if someone needs a doctor in a city without specialized support organization? A: It can sometimes take a long time before we can help somebody to get the help from a doctor. However this is somebodies right. Therefore we do try this, but in case it is taken too long, then we connect somebody with a 
specialized organization: 
• Check if somebody can call with a doctor, or has somebody in their network; give the address of 
doctors close by
• In case he cannot call; contact your TC to check if there is an option that we can call as the Red Cross
• Keep track of the doctors that you call in ‘conversation summery’ 
• If after 5 doctors it didn’t work, call with the specialized organization that is most close by to see if he can go there
• If we need to reimburse travel costs; check with Team Captain if we can do this. 
• You can always send them the letter with information about CAK (you can find this letter here: https://helpfulinformation.redcross.nl/files/Brief-zorgverlening-ongedocumenteerde-migranten-landelijk.pdf |Q: What if someone needs urgent medical support after office hours/ during weekends? A: Ask him to call with huisartsenpost. In case he cannot do this: 
• Ask him his date of birth and to explain to you the symptoms. Tell him to stay on WA to answer 
questions from the Huisartsenpost and to pick up the phone in case he is called 
• Discuss with your TC if it is possible to call the huisartsenpost and discuss with them. Often they will ask to call in the patient, so then you can add the PA to the call. 
• In case you face difficulties; you can always call with piket to take over the case from you. 
|Q: I am afraid the doctor will send me away/ the doctor send me away A: Everyone in the Netherlands has the right to see a doctor., also if you don't have residence papers or health insurance. Clearly explain to PA what his/her rights are and that the doctor has to see him/her. Since they don't have health insurance, the costs are reimbursed by the CAK. Sometimes doctors don’t know about this. Therefore the Red Cross has developed a letter with information. In case somebody is scared to go to the doctor, then you can give them this letter, which they can show to the doctor. You can find this letter here: https://helpfulinformation.redcross.nl/files/Brief-zorgverlening-ongedocumenteerde-migranten-landelijk.pdf |Q: Can I go to the ermergency post at the hospital? A: Yes, and if it is an emergency they have the legal duty to help you. They can reimburse the costs for 80% at the CAK. 
|Q: Can I go to every hospital and where can I find the hospital? A: For all other help besides emergency care, you can best go to hospital that have a contract with the CAK. You can find here which hospitals have a contract with the CAK: https://www.hetcak.nl/zakelijk/onverzekerbare-vreemdelingen/overige-informatie/#item_15341 |Q: Where can I go to a dentist? A: You can always visit a dentist, but for people older then 18 the costs are not reimbursed. This means you will often have to pay for yourself. Sometimes there is a free dental service once in a while, for example in bigger cities. 

For an overview of where to find a dentist, please see HIA (Health & Wellbeing): https://helpfulinformation.redcross.nl/ |Q: Are there organizations that can help with dental care? A: Some health care organizations that are specialized in helping UM, can also help with dentists care. See the information on HIA: https://helpfulinformation.redcross.nl/. Not all organizations want to be on HIA. For example Doctors of the World prefers not to have the information public, but they can help sometimes. So you can direct people to them when they need dental care, but good to not make any promises. ",
"If a person can't call a doctor, how does Red Cross Amsterdam-Amstelland coordinate medical access and reimbursement?",,"If a person can't call a doctor, Red Cross Amsterdam-Amstelland can help by contacting doctors on their behalf and keeping track of the attempts. If after contacting several doctors it is not successful, they connect the person with a specialized organization. For reimbursement, they can provide information about CAK and help access the Emergency Request fund for (partial) reimbursement of medical devices. If needed, they may also reimburse transport costs for up to 3 months.","Q: What can the Red Cross Amsterdam do? A: ## Red Cross Amsterdam-Amstelland can help with: 
• Information provision and referral to partners
• Digital food and hygiene support (maximum 3 months)
• Transport costs (maximum 3 months)
• Guidance by Red Cross volunteers (to medical appointments, explaining the situation clearly)
• Access Emergency Request fund for (partial) reimbursement of medical devices

!! They **cannot** help with:
• Guidance by volunteers must be possible; We therefore do not support clients with addiction problems or serious psychological problems.
• Urgent assistance requests for which assistance must be provided within 24 hours,
• Providing medicines or medical assistance

**For help from Red Cross Amsterdam-Amstelland, send an e-mail to: heretohelp.amsterdam@rodekruis.nl**
|Q: Where can I find a doctor? A: For an overview of where to find a doctor, please see HIA (Health & Wellbeing): https://helpfulinformation.redcross.nl/|Q: What is better, sending somebody to a specialized organization or to a doctor? A: In general it is the best if people are known with a GP, because they can then visit the doctor more often. However, what is best to do, depends also on the situation of the person, and for example if somebody has a fixed address (better if they find a doctor) or somebody is on the street (better to go to a specialized organization). Often it is quicker to get somebody into contact with a specialized organization. This organization can then try to find a doctor for this person. Often they have a network of friendly doctors, who are more willing to receive people that are undocumented. 

In case somebody is in a city where there are specialized organizations, then it is good to give the PA the option to go to a huisarts (and if needed, our help to contact the huisarts) but that there are also specialized organizations that can help. 

**See below an example of a message that you can send:**
*You have the right to visit a family doctor, so you can always contact doctors close by to you. But there are also organizations that are specialized in providing medical help to people without health insurance. 
The benefits of contacting a doctor are that you can get structural help there. This is especially good if you have a fixed place where you are staying. However, sometimes it can teake a bit longer before there is a doctor that 
can receive you, because many doctors don’t take in new patients. 
The benefits of [ name organisation] is that they are specialized in helping people without health insurance. You can go there quickly to discuss your issue. But if you need structural help, they will also have to find you a doctor. Do you have a preference?*
|Q: What if someone needs a doctor in a city without specialized support organization? A: It can sometimes take a long time before we can help somebody to get the help from a doctor. However this is somebodies right. Therefore we do try this, but in case it is taken too long, then we connect somebody with a 
specialized organization: 
• Check if somebody can call with a doctor, or has somebody in their network; give the address of 
doctors close by
• In case he cannot call; contact your TC to check if there is an option that we can call as the Red Cross
• Keep track of the doctors that you call in ‘conversation summery’ 
• If after 5 doctors it didn’t work, call with the specialized organization that is most close by to see if he can go there
• If we need to reimburse travel costs; check with Team Captain if we can do this. 
• You can always send them the letter with information about CAK (you can find this letter here: https://helpfulinformation.redcross.nl/files/Brief-zorgverlening-ongedocumenteerde-migranten-landelijk.pdf |Q: What if someone needs urgent medical support after office hours/ during weekends? A: Ask him to call with huisartsenpost. In case he cannot do this: 
• Ask him his date of birth and to explain to you the symptoms. Tell him to stay on WA to answer 
questions from the Huisartsenpost and to pick up the phone in case he is called 
• Discuss with your TC if it is possible to call the huisartsenpost and discuss with them. Often they will ask to call in the patient, so then you can add the PA to the call. 
• In case you face difficulties; you can always call with piket to take over the case from you. 
|Q: I am afraid the doctor will send me away/ the doctor send me away A: Everyone in the Netherlands has the right to see a doctor., also if you don't have residence papers or health insurance. Clearly explain to PA what his/her rights are and that the doctor has to see him/her. Since they don't have health insurance, the costs are reimbursed by the CAK. Sometimes doctors don’t know about this. Therefore the Red Cross has developed a letter with information. In case somebody is scared to go to the doctor, then you can give them this letter, which they can show to the doctor. You can find this letter here: https://helpfulinformation.redcross.nl/files/Brief-zorgverlening-ongedocumenteerde-migranten-landelijk.pdf |Q: Can I go to the ermergency post at the hospital? A: Yes, and if it is an emergency they have the legal duty to help you. They can reimburse the costs for 80% at the CAK. 
|Q: Can I go to every hospital and where can I find the hospital? A: For all other help besides emergency care, you can best go to hospital that have a contract with the CAK. You can find here which hospitals have a contract with the CAK: https://www.hetcak.nl/zakelijk/onverzekerbare-vreemdelingen/overige-informatie/#item_15341 |Q: Where can I go to a dentist? A: You can always visit a dentist, but for people older then 18 the costs are not reimbursed. This means you will often have to pay for yourself. Sometimes there is a free dental service once in a while, for example in bigger cities. 

For an overview of where to find a dentist, please see HIA (Health & Wellbeing): https://helpfulinformation.redcross.nl/ |Q: Are there organizations that can help with dental care? A: Some health care organizations that are specialized in helping UM, can also help with dentists care. See the information on HIA: https://helpfulinformation.redcross.nl/. Not all organizations want to be on HIA. For example Doctors of the World prefers not to have the information public, but they can help sometimes. So you can direct people to them when they need dental care, but good to not make any promises. ",
"If multiple doctors are unavailable, how should you proceed to secure medical assistance and reimbursement?",,"If multiple doctors are unavailable, you should:

1. Check if the person can call a doctor or has someone in their network; provide addresses of nearby doctors.
2. If they cannot call, contact your Team Captain (TC) to see if the Red Cross can call on their behalf.
3. Keep track of the doctors you contact in the conversation summary.
4. If after contacting 5 doctors it still doesn’t work, call the nearest specialized organization to see if they can help.
5. If travel costs need to be reimbursed, check with your Team Captain if this is possible.

For reimbursement, you can provide the person with the CAK information letter: https://helpfulinformation.redcross.nl/files/Brief-zorgverlening-ongedocumenteerde-migranten-landelijk.pdf","Q: What can the Red Cross Amsterdam do? A: ## Red Cross Amsterdam-Amstelland can help with: 
• Information provision and referral to partners
• Digital food and hygiene support (maximum 3 months)
• Transport costs (maximum 3 months)
• Guidance by Red Cross volunteers (to medical appointments, explaining the situation clearly)
• Access Emergency Request fund for (partial) reimbursement of medical devices

!! They **cannot** help with:
• Guidance by volunteers must be possible; We therefore do not support clients with addiction problems or serious psychological problems.
• Urgent assistance requests for which assistance must be provided within 24 hours,
• Providing medicines or medical assistance

**For help from Red Cross Amsterdam-Amstelland, send an e-mail to: heretohelp.amsterdam@rodekruis.nl**
|Q: Where can I find a doctor? A: For an overview of where to find a doctor, please see HIA (Health & Wellbeing): https://helpfulinformation.redcross.nl/|Q: What is better, sending somebody to a specialized organization or to a doctor? A: In general it is the best if people are known with a GP, because they can then visit the doctor more often. However, what is best to do, depends also on the situation of the person, and for example if somebody has a fixed address (better if they find a doctor) or somebody is on the street (better to go to a specialized organization). Often it is quicker to get somebody into contact with a specialized organization. This organization can then try to find a doctor for this person. Often they have a network of friendly doctors, who are more willing to receive people that are undocumented. 

In case somebody is in a city where there are specialized organizations, then it is good to give the PA the option to go to a huisarts (and if needed, our help to contact the huisarts) but that there are also specialized organizations that can help. 

**See below an example of a message that you can send:**
*You have the right to visit a family doctor, so you can always contact doctors close by to you. But there are also organizations that are specialized in providing medical help to people without health insurance. 
The benefits of contacting a doctor are that you can get structural help there. This is especially good if you have a fixed place where you are staying. However, sometimes it can teake a bit longer before there is a doctor that 
can receive you, because many doctors don’t take in new patients. 
The benefits of [ name organisation] is that they are specialized in helping people without health insurance. You can go there quickly to discuss your issue. But if you need structural help, they will also have to find you a doctor. Do you have a preference?*
|Q: What if someone needs a doctor in a city without specialized support organization? A: It can sometimes take a long time before we can help somebody to get the help from a doctor. However this is somebodies right. Therefore we do try this, but in case it is taken too long, then we connect somebody with a 
specialized organization: 
• Check if somebody can call with a doctor, or has somebody in their network; give the address of 
doctors close by
• In case he cannot call; contact your TC to check if there is an option that we can call as the Red Cross
• Keep track of the doctors that you call in ‘conversation summery’ 
• If after 5 doctors it didn’t work, call with the specialized organization that is most close by to see if he can go there
• If we need to reimburse travel costs; check with Team Captain if we can do this. 
• You can always send them the letter with information about CAK (you can find this letter here: https://helpfulinformation.redcross.nl/files/Brief-zorgverlening-ongedocumenteerde-migranten-landelijk.pdf |Q: What if someone needs urgent medical support after office hours/ during weekends? A: Ask him to call with huisartsenpost. In case he cannot do this: 
• Ask him his date of birth and to explain to you the symptoms. Tell him to stay on WA to answer 
questions from the Huisartsenpost and to pick up the phone in case he is called 
• Discuss with your TC if it is possible to call the huisartsenpost and discuss with them. Often they will ask to call in the patient, so then you can add the PA to the call. 
• In case you face difficulties; you can always call with piket to take over the case from you. 
|Q: I am afraid the doctor will send me away/ the doctor send me away A: Everyone in the Netherlands has the right to see a doctor., also if you don't have residence papers or health insurance. Clearly explain to PA what his/her rights are and that the doctor has to see him/her. Since they don't have health insurance, the costs are reimbursed by the CAK. Sometimes doctors don’t know about this. Therefore the Red Cross has developed a letter with information. In case somebody is scared to go to the doctor, then you can give them this letter, which they can show to the doctor. You can find this letter here: https://helpfulinformation.redcross.nl/files/Brief-zorgverlening-ongedocumenteerde-migranten-landelijk.pdf |Q: Can I go to the ermergency post at the hospital? A: Yes, and if it is an emergency they have the legal duty to help you. They can reimburse the costs for 80% at the CAK. 
|Q: Can I go to every hospital and where can I find the hospital? A: For all other help besides emergency care, you can best go to hospital that have a contract with the CAK. You can find here which hospitals have a contract with the CAK: https://www.hetcak.nl/zakelijk/onverzekerbare-vreemdelingen/overige-informatie/#item_15341 |Q: Where can I go to a dentist? A: You can always visit a dentist, but for people older then 18 the costs are not reimbursed. This means you will often have to pay for yourself. Sometimes there is a free dental service once in a while, for example in bigger cities. 

For an overview of where to find a dentist, please see HIA (Health & Wellbeing): https://helpfulinformation.redcross.nl/ |Q: Are there organizations that can help with dental care? A: Some health care organizations that are specialized in helping UM, can also help with dentists care. See the information on HIA: https://helpfulinformation.redcross.nl/. Not all organizations want to be on HIA. For example Doctors of the World prefers not to have the information public, but they can help sometimes. So you can direct people to them when they need dental care, but good to not make any promises. ",
What steps should be taken for urgent after-hours medical help via huisartsenpost in the Netherlands?,,"For urgent after-hours medical help in the Netherlands, contact the huisartsenpost (out-of-hours GP service). If the person cannot call themselves:

1. Ask for their date of birth and symptoms.
2. Tell them to stay available to answer questions from the huisartsenpost and to pick up the phone if called.
3. Discuss with your Team Captain (TC) if you can call the huisartsenpost on their behalf; often, the huisartsenpost will ask to speak directly with the patient, so you can add them to the call.
4. If you face difficulties, call piket to take over the case.

This ensures urgent medical needs are addressed even outside office hours.","Q: What can the Red Cross Amsterdam do? A: ## Red Cross Amsterdam-Amstelland can help with: 
• Information provision and referral to partners
• Digital food and hygiene support (maximum 3 months)
• Transport costs (maximum 3 months)
• Guidance by Red Cross volunteers (to medical appointments, explaining the situation clearly)
• Access Emergency Request fund for (partial) reimbursement of medical devices

!! They **cannot** help with:
• Guidance by volunteers must be possible; We therefore do not support clients with addiction problems or serious psychological problems.
• Urgent assistance requests for which assistance must be provided within 24 hours,
• Providing medicines or medical assistance

**For help from Red Cross Amsterdam-Amstelland, send an e-mail to: heretohelp.amsterdam@rodekruis.nl**
|Q: Where can I find a doctor? A: For an overview of where to find a doctor, please see HIA (Health & Wellbeing): https://helpfulinformation.redcross.nl/|Q: What is better, sending somebody to a specialized organization or to a doctor? A: In general it is the best if people are known with a GP, because they can then visit the doctor more often. However, what is best to do, depends also on the situation of the person, and for example if somebody has a fixed address (better if they find a doctor) or somebody is on the street (better to go to a specialized organization). Often it is quicker to get somebody into contact with a specialized organization. This organization can then try to find a doctor for this person. Often they have a network of friendly doctors, who are more willing to receive people that are undocumented. 

In case somebody is in a city where there are specialized organizations, then it is good to give the PA the option to go to a huisarts (and if needed, our help to contact the huisarts) but that there are also specialized organizations that can help. 

**See below an example of a message that you can send:**
*You have the right to visit a family doctor, so you can always contact doctors close by to you. But there are also organizations that are specialized in providing medical help to people without health insurance. 
The benefits of contacting a doctor are that you can get structural help there. This is especially good if you have a fixed place where you are staying. However, sometimes it can teake a bit longer before there is a doctor that 
can receive you, because many doctors don’t take in new patients. 
The benefits of [ name organisation] is that they are specialized in helping people without health insurance. You can go there quickly to discuss your issue. But if you need structural help, they will also have to find you a doctor. Do you have a preference?*
|Q: What if someone needs a doctor in a city without specialized support organization? A: It can sometimes take a long time before we can help somebody to get the help from a doctor. However this is somebodies right. Therefore we do try this, but in case it is taken too long, then we connect somebody with a 
specialized organization: 
• Check if somebody can call with a doctor, or has somebody in their network; give the address of 
doctors close by
• In case he cannot call; contact your TC to check if there is an option that we can call as the Red Cross
• Keep track of the doctors that you call in ‘conversation summery’ 
• If after 5 doctors it didn’t work, call with the specialized organization that is most close by to see if he can go there
• If we need to reimburse travel costs; check with Team Captain if we can do this. 
• You can always send them the letter with information about CAK (you can find this letter here: https://helpfulinformation.redcross.nl/files/Brief-zorgverlening-ongedocumenteerde-migranten-landelijk.pdf |Q: What if someone needs urgent medical support after office hours/ during weekends? A: Ask him to call with huisartsenpost. In case he cannot do this: 
• Ask him his date of birth and to explain to you the symptoms. Tell him to stay on WA to answer 
questions from the Huisartsenpost and to pick up the phone in case he is called 
• Discuss with your TC if it is possible to call the huisartsenpost and discuss with them. Often they will ask to call in the patient, so then you can add the PA to the call. 
• In case you face difficulties; you can always call with piket to take over the case from you. 
|Q: I am afraid the doctor will send me away/ the doctor send me away A: Everyone in the Netherlands has the right to see a doctor., also if you don't have residence papers or health insurance. Clearly explain to PA what his/her rights are and that the doctor has to see him/her. Since they don't have health insurance, the costs are reimbursed by the CAK. Sometimes doctors don’t know about this. Therefore the Red Cross has developed a letter with information. In case somebody is scared to go to the doctor, then you can give them this letter, which they can show to the doctor. You can find this letter here: https://helpfulinformation.redcross.nl/files/Brief-zorgverlening-ongedocumenteerde-migranten-landelijk.pdf |Q: Can I go to the ermergency post at the hospital? A: Yes, and if it is an emergency they have the legal duty to help you. They can reimburse the costs for 80% at the CAK. 
|Q: Can I go to every hospital and where can I find the hospital? A: For all other help besides emergency care, you can best go to hospital that have a contract with the CAK. You can find here which hospitals have a contract with the CAK: https://www.hetcak.nl/zakelijk/onverzekerbare-vreemdelingen/overige-informatie/#item_15341 |Q: Where can I go to a dentist? A: You can always visit a dentist, but for people older then 18 the costs are not reimbursed. This means you will often have to pay for yourself. Sometimes there is a free dental service once in a while, for example in bigger cities. 

For an overview of where to find a dentist, please see HIA (Health & Wellbeing): https://helpfulinformation.redcross.nl/ |Q: Are there organizations that can help with dental care? A: Some health care organizations that are specialized in helping UM, can also help with dentists care. See the information on HIA: https://helpfulinformation.redcross.nl/. Not all organizations want to be on HIA. For example Doctors of the World prefers not to have the information public, but they can help sometimes. So you can direct people to them when they need dental care, but good to not make any promises. ",
"Is emergency hospital care accessible and reimbursable for uninsured individuals, and what percentage is covered?",,"Yes, emergency hospital care is accessible for uninsured individuals, and hospitals have a legal duty to help in emergencies. The costs can be reimbursed for 80% at the CAK.","Q: What can the Red Cross Amsterdam do? A: ## Red Cross Amsterdam-Amstelland can help with: 
• Information provision and referral to partners
• Digital food and hygiene support (maximum 3 months)
• Transport costs (maximum 3 months)
• Guidance by Red Cross volunteers (to medical appointments, explaining the situation clearly)
• Access Emergency Request fund for (partial) reimbursement of medical devices

!! They **cannot** help with:
• Guidance by volunteers must be possible; We therefore do not support clients with addiction problems or serious psychological problems.
• Urgent assistance requests for which assistance must be provided within 24 hours,
• Providing medicines or medical assistance

**For help from Red Cross Amsterdam-Amstelland, send an e-mail to: heretohelp.amsterdam@rodekruis.nl**
|Q: Where can I find a doctor? A: For an overview of where to find a doctor, please see HIA (Health & Wellbeing): https://helpfulinformation.redcross.nl/|Q: What is better, sending somebody to a specialized organization or to a doctor? A: In general it is the best if people are known with a GP, because they can then visit the doctor more often. However, what is best to do, depends also on the situation of the person, and for example if somebody has a fixed address (better if they find a doctor) or somebody is on the street (better to go to a specialized organization). Often it is quicker to get somebody into contact with a specialized organization. This organization can then try to find a doctor for this person. Often they have a network of friendly doctors, who are more willing to receive people that are undocumented. 

In case somebody is in a city where there are specialized organizations, then it is good to give the PA the option to go to a huisarts (and if needed, our help to contact the huisarts) but that there are also specialized organizations that can help. 

**See below an example of a message that you can send:**
*You have the right to visit a family doctor, so you can always contact doctors close by to you. But there are also organizations that are specialized in providing medical help to people without health insurance. 
The benefits of contacting a doctor are that you can get structural help there. This is especially good if you have a fixed place where you are staying. However, sometimes it can teake a bit longer before there is a doctor that 
can receive you, because many doctors don’t take in new patients. 
The benefits of [ name organisation] is that they are specialized in helping people without health insurance. You can go there quickly to discuss your issue. But if you need structural help, they will also have to find you a doctor. Do you have a preference?*
|Q: What if someone needs a doctor in a city without specialized support organization? A: It can sometimes take a long time before we can help somebody to get the help from a doctor. However this is somebodies right. Therefore we do try this, but in case it is taken too long, then we connect somebody with a 
specialized organization: 
• Check if somebody can call with a doctor, or has somebody in their network; give the address of 
doctors close by
• In case he cannot call; contact your TC to check if there is an option that we can call as the Red Cross
• Keep track of the doctors that you call in ‘conversation summery’ 
• If after 5 doctors it didn’t work, call with the specialized organization that is most close by to see if he can go there
• If we need to reimburse travel costs; check with Team Captain if we can do this. 
• You can always send them the letter with information about CAK (you can find this letter here: https://helpfulinformation.redcross.nl/files/Brief-zorgverlening-ongedocumenteerde-migranten-landelijk.pdf |Q: What if someone needs urgent medical support after office hours/ during weekends? A: Ask him to call with huisartsenpost. In case he cannot do this: 
• Ask him his date of birth and to explain to you the symptoms. Tell him to stay on WA to answer 
questions from the Huisartsenpost and to pick up the phone in case he is called 
• Discuss with your TC if it is possible to call the huisartsenpost and discuss with them. Often they will ask to call in the patient, so then you can add the PA to the call. 
• In case you face difficulties; you can always call with piket to take over the case from you. 
|Q: I am afraid the doctor will send me away/ the doctor send me away A: Everyone in the Netherlands has the right to see a doctor., also if you don't have residence papers or health insurance. Clearly explain to PA what his/her rights are and that the doctor has to see him/her. Since they don't have health insurance, the costs are reimbursed by the CAK. Sometimes doctors don’t know about this. Therefore the Red Cross has developed a letter with information. In case somebody is scared to go to the doctor, then you can give them this letter, which they can show to the doctor. You can find this letter here: https://helpfulinformation.redcross.nl/files/Brief-zorgverlening-ongedocumenteerde-migranten-landelijk.pdf |Q: Can I go to the ermergency post at the hospital? A: Yes, and if it is an emergency they have the legal duty to help you. They can reimburse the costs for 80% at the CAK. 
|Q: Can I go to every hospital and where can I find the hospital? A: For all other help besides emergency care, you can best go to hospital that have a contract with the CAK. You can find here which hospitals have a contract with the CAK: https://www.hetcak.nl/zakelijk/onverzekerbare-vreemdelingen/overige-informatie/#item_15341 |Q: Where can I go to a dentist? A: You can always visit a dentist, but for people older then 18 the costs are not reimbursed. This means you will often have to pay for yourself. Sometimes there is a free dental service once in a while, for example in bigger cities. 

For an overview of where to find a dentist, please see HIA (Health & Wellbeing): https://helpfulinformation.redcross.nl/ |Q: Are there organizations that can help with dental care? A: Some health care organizations that are specialized in helping UM, can also help with dentists care. See the information on HIA: https://helpfulinformation.redcross.nl/. Not all organizations want to be on HIA. For example Doctors of the World prefers not to have the information public, but they can help sometimes. So you can direct people to them when they need dental care, but good to not make any promises. ",
"Which hospitals in NL offer non-emergency care to uninsured, and how does CAK contracting affect access?",,"Hospitals in the Netherlands that have a contract with the CAK offer non-emergency care to uninsured individuals. You can find a list of these hospitals here: https://www.hetcak.nl/zakelijk/onverzekerbare-vreemdelingen/overige-informatie/#item_15341. Access is easier at CAK-contracted hospitals because they are familiar with reimbursement procedures for uninsured patients. For non-emergency care, it is best to go to a hospital with a CAK contract.","Q: What can the Red Cross Amsterdam do? A: ## Red Cross Amsterdam-Amstelland can help with: 
• Information provision and referral to partners
• Digital food and hygiene support (maximum 3 months)
• Transport costs (maximum 3 months)
• Guidance by Red Cross volunteers (to medical appointments, explaining the situation clearly)
• Access Emergency Request fund for (partial) reimbursement of medical devices

!! They **cannot** help with:
• Guidance by volunteers must be possible; We therefore do not support clients with addiction problems or serious psychological problems.
• Urgent assistance requests for which assistance must be provided within 24 hours,
• Providing medicines or medical assistance

**For help from Red Cross Amsterdam-Amstelland, send an e-mail to: heretohelp.amsterdam@rodekruis.nl**
|Q: Where can I find a doctor? A: For an overview of where to find a doctor, please see HIA (Health & Wellbeing): https://helpfulinformation.redcross.nl/|Q: What is better, sending somebody to a specialized organization or to a doctor? A: In general it is the best if people are known with a GP, because they can then visit the doctor more often. However, what is best to do, depends also on the situation of the person, and for example if somebody has a fixed address (better if they find a doctor) or somebody is on the street (better to go to a specialized organization). Often it is quicker to get somebody into contact with a specialized organization. This organization can then try to find a doctor for this person. Often they have a network of friendly doctors, who are more willing to receive people that are undocumented. 

In case somebody is in a city where there are specialized organizations, then it is good to give the PA the option to go to a huisarts (and if needed, our help to contact the huisarts) but that there are also specialized organizations that can help. 

**See below an example of a message that you can send:**
*You have the right to visit a family doctor, so you can always contact doctors close by to you. But there are also organizations that are specialized in providing medical help to people without health insurance. 
The benefits of contacting a doctor are that you can get structural help there. This is especially good if you have a fixed place where you are staying. However, sometimes it can teake a bit longer before there is a doctor that 
can receive you, because many doctors don’t take in new patients. 
The benefits of [ name organisation] is that they are specialized in helping people without health insurance. You can go there quickly to discuss your issue. But if you need structural help, they will also have to find you a doctor. Do you have a preference?*
|Q: What if someone needs a doctor in a city without specialized support organization? A: It can sometimes take a long time before we can help somebody to get the help from a doctor. However this is somebodies right. Therefore we do try this, but in case it is taken too long, then we connect somebody with a 
specialized organization: 
• Check if somebody can call with a doctor, or has somebody in their network; give the address of 
doctors close by
• In case he cannot call; contact your TC to check if there is an option that we can call as the Red Cross
• Keep track of the doctors that you call in ‘conversation summery’ 
• If after 5 doctors it didn’t work, call with the specialized organization that is most close by to see if he can go there
• If we need to reimburse travel costs; check with Team Captain if we can do this. 
• You can always send them the letter with information about CAK (you can find this letter here: https://helpfulinformation.redcross.nl/files/Brief-zorgverlening-ongedocumenteerde-migranten-landelijk.pdf |Q: What if someone needs urgent medical support after office hours/ during weekends? A: Ask him to call with huisartsenpost. In case he cannot do this: 
• Ask him his date of birth and to explain to you the symptoms. Tell him to stay on WA to answer 
questions from the Huisartsenpost and to pick up the phone in case he is called 
• Discuss with your TC if it is possible to call the huisartsenpost and discuss with them. Often they will ask to call in the patient, so then you can add the PA to the call. 
• In case you face difficulties; you can always call with piket to take over the case from you. 
|Q: I am afraid the doctor will send me away/ the doctor send me away A: Everyone in the Netherlands has the right to see a doctor., also if you don't have residence papers or health insurance. Clearly explain to PA what his/her rights are and that the doctor has to see him/her. Since they don't have health insurance, the costs are reimbursed by the CAK. Sometimes doctors don’t know about this. Therefore the Red Cross has developed a letter with information. In case somebody is scared to go to the doctor, then you can give them this letter, which they can show to the doctor. You can find this letter here: https://helpfulinformation.redcross.nl/files/Brief-zorgverlening-ongedocumenteerde-migranten-landelijk.pdf |Q: Can I go to the ermergency post at the hospital? A: Yes, and if it is an emergency they have the legal duty to help you. They can reimburse the costs for 80% at the CAK. 
|Q: Can I go to every hospital and where can I find the hospital? A: For all other help besides emergency care, you can best go to hospital that have a contract with the CAK. You can find here which hospitals have a contract with the CAK: https://www.hetcak.nl/zakelijk/onverzekerbare-vreemdelingen/overige-informatie/#item_15341 |Q: Where can I go to a dentist? A: You can always visit a dentist, but for people older then 18 the costs are not reimbursed. This means you will often have to pay for yourself. Sometimes there is a free dental service once in a while, for example in bigger cities. 

For an overview of where to find a dentist, please see HIA (Health & Wellbeing): https://helpfulinformation.redcross.nl/ |Q: Are there organizations that can help with dental care? A: Some health care organizations that are specialized in helping UM, can also help with dentists care. See the information on HIA: https://helpfulinformation.redcross.nl/. Not all organizations want to be on HIA. For example Doctors of the World prefers not to have the information public, but they can help sometimes. So you can direct people to them when they need dental care, but good to not make any promises. ",
Identify how to access hospitals with CAK contracts and explain why this matters for uninsured patients.,,"To access hospitals with CAK contracts, visit this link for a list: https://www.hetcak.nl/zakelijk/onverzekerbare-vreemdelingen/overige-informatie/#item_15341. This matters for uninsured patients because hospitals with CAK contracts can provide care and have costs reimbursed by the CAK, making medical help more accessible and affordable for those without health insurance.","Q: What can the Red Cross Amsterdam do? A: ## Red Cross Amsterdam-Amstelland can help with: 
• Information provision and referral to partners
• Digital food and hygiene support (maximum 3 months)
• Transport costs (maximum 3 months)
• Guidance by Red Cross volunteers (to medical appointments, explaining the situation clearly)
• Access Emergency Request fund for (partial) reimbursement of medical devices

!! They **cannot** help with:
• Guidance by volunteers must be possible; We therefore do not support clients with addiction problems or serious psychological problems.
• Urgent assistance requests for which assistance must be provided within 24 hours,
• Providing medicines or medical assistance

**For help from Red Cross Amsterdam-Amstelland, send an e-mail to: heretohelp.amsterdam@rodekruis.nl**
|Q: Where can I find a doctor? A: For an overview of where to find a doctor, please see HIA (Health & Wellbeing): https://helpfulinformation.redcross.nl/|Q: What is better, sending somebody to a specialized organization or to a doctor? A: In general it is the best if people are known with a GP, because they can then visit the doctor more often. However, what is best to do, depends also on the situation of the person, and for example if somebody has a fixed address (better if they find a doctor) or somebody is on the street (better to go to a specialized organization). Often it is quicker to get somebody into contact with a specialized organization. This organization can then try to find a doctor for this person. Often they have a network of friendly doctors, who are more willing to receive people that are undocumented. 

In case somebody is in a city where there are specialized organizations, then it is good to give the PA the option to go to a huisarts (and if needed, our help to contact the huisarts) but that there are also specialized organizations that can help. 

**See below an example of a message that you can send:**
*You have the right to visit a family doctor, so you can always contact doctors close by to you. But there are also organizations that are specialized in providing medical help to people without health insurance. 
The benefits of contacting a doctor are that you can get structural help there. This is especially good if you have a fixed place where you are staying. However, sometimes it can teake a bit longer before there is a doctor that 
can receive you, because many doctors don’t take in new patients. 
The benefits of [ name organisation] is that they are specialized in helping people without health insurance. You can go there quickly to discuss your issue. But if you need structural help, they will also have to find you a doctor. Do you have a preference?*
|Q: What if someone needs a doctor in a city without specialized support organization? A: It can sometimes take a long time before we can help somebody to get the help from a doctor. However this is somebodies right. Therefore we do try this, but in case it is taken too long, then we connect somebody with a 
specialized organization: 
• Check if somebody can call with a doctor, or has somebody in their network; give the address of 
doctors close by
• In case he cannot call; contact your TC to check if there is an option that we can call as the Red Cross
• Keep track of the doctors that you call in ‘conversation summery’ 
• If after 5 doctors it didn’t work, call with the specialized organization that is most close by to see if he can go there
• If we need to reimburse travel costs; check with Team Captain if we can do this. 
• You can always send them the letter with information about CAK (you can find this letter here: https://helpfulinformation.redcross.nl/files/Brief-zorgverlening-ongedocumenteerde-migranten-landelijk.pdf |Q: What if someone needs urgent medical support after office hours/ during weekends? A: Ask him to call with huisartsenpost. In case he cannot do this: 
• Ask him his date of birth and to explain to you the symptoms. Tell him to stay on WA to answer 
questions from the Huisartsenpost and to pick up the phone in case he is called 
• Discuss with your TC if it is possible to call the huisartsenpost and discuss with them. Often they will ask to call in the patient, so then you can add the PA to the call. 
• In case you face difficulties; you can always call with piket to take over the case from you. 
|Q: I am afraid the doctor will send me away/ the doctor send me away A: Everyone in the Netherlands has the right to see a doctor., also if you don't have residence papers or health insurance. Clearly explain to PA what his/her rights are and that the doctor has to see him/her. Since they don't have health insurance, the costs are reimbursed by the CAK. Sometimes doctors don’t know about this. Therefore the Red Cross has developed a letter with information. In case somebody is scared to go to the doctor, then you can give them this letter, which they can show to the doctor. You can find this letter here: https://helpfulinformation.redcross.nl/files/Brief-zorgverlening-ongedocumenteerde-migranten-landelijk.pdf |Q: Can I go to the ermergency post at the hospital? A: Yes, and if it is an emergency they have the legal duty to help you. They can reimburse the costs for 80% at the CAK. 
|Q: Can I go to every hospital and where can I find the hospital? A: For all other help besides emergency care, you can best go to hospital that have a contract with the CAK. You can find here which hospitals have a contract with the CAK: https://www.hetcak.nl/zakelijk/onverzekerbare-vreemdelingen/overige-informatie/#item_15341 |Q: Where can I go to a dentist? A: You can always visit a dentist, but for people older then 18 the costs are not reimbursed. This means you will often have to pay for yourself. Sometimes there is a free dental service once in a while, for example in bigger cities. 

For an overview of where to find a dentist, please see HIA (Health & Wellbeing): https://helpfulinformation.redcross.nl/ |Q: Are there organizations that can help with dental care? A: Some health care organizations that are specialized in helping UM, can also help with dentists care. See the information on HIA: https://helpfulinformation.redcross.nl/. Not all organizations want to be on HIA. For example Doctors of the World prefers not to have the information public, but they can help sometimes. So you can direct people to them when they need dental care, but good to not make any promises. ",
How does dental care access and cost differ for uninsured adults vs. emergency hospital care?,,"For uninsured adults, dental care is generally not reimbursed for those over 18, so they usually have to pay the costs themselves. In contrast, emergency hospital care must be provided regardless of insurance status, and 80% of the costs can be reimbursed by the CAK. Non-emergency hospital care is best sought at hospitals with a CAK contract.","Q: What can the Red Cross Amsterdam do? A: ## Red Cross Amsterdam-Amstelland can help with: 
• Information provision and referral to partners
• Digital food and hygiene support (maximum 3 months)
• Transport costs (maximum 3 months)
• Guidance by Red Cross volunteers (to medical appointments, explaining the situation clearly)
• Access Emergency Request fund for (partial) reimbursement of medical devices

!! They **cannot** help with:
• Guidance by volunteers must be possible; We therefore do not support clients with addiction problems or serious psychological problems.
• Urgent assistance requests for which assistance must be provided within 24 hours,
• Providing medicines or medical assistance

**For help from Red Cross Amsterdam-Amstelland, send an e-mail to: heretohelp.amsterdam@rodekruis.nl**
|Q: Where can I find a doctor? A: For an overview of where to find a doctor, please see HIA (Health & Wellbeing): https://helpfulinformation.redcross.nl/|Q: What is better, sending somebody to a specialized organization or to a doctor? A: In general it is the best if people are known with a GP, because they can then visit the doctor more often. However, what is best to do, depends also on the situation of the person, and for example if somebody has a fixed address (better if they find a doctor) or somebody is on the street (better to go to a specialized organization). Often it is quicker to get somebody into contact with a specialized organization. This organization can then try to find a doctor for this person. Often they have a network of friendly doctors, who are more willing to receive people that are undocumented. 

In case somebody is in a city where there are specialized organizations, then it is good to give the PA the option to go to a huisarts (and if needed, our help to contact the huisarts) but that there are also specialized organizations that can help. 

**See below an example of a message that you can send:**
*You have the right to visit a family doctor, so you can always contact doctors close by to you. But there are also organizations that are specialized in providing medical help to people without health insurance. 
The benefits of contacting a doctor are that you can get structural help there. This is especially good if you have a fixed place where you are staying. However, sometimes it can teake a bit longer before there is a doctor that 
can receive you, because many doctors don’t take in new patients. 
The benefits of [ name organisation] is that they are specialized in helping people without health insurance. You can go there quickly to discuss your issue. But if you need structural help, they will also have to find you a doctor. Do you have a preference?*
|Q: What if someone needs a doctor in a city without specialized support organization? A: It can sometimes take a long time before we can help somebody to get the help from a doctor. However this is somebodies right. Therefore we do try this, but in case it is taken too long, then we connect somebody with a 
specialized organization: 
• Check if somebody can call with a doctor, or has somebody in their network; give the address of 
doctors close by
• In case he cannot call; contact your TC to check if there is an option that we can call as the Red Cross
• Keep track of the doctors that you call in ‘conversation summery’ 
• If after 5 doctors it didn’t work, call with the specialized organization that is most close by to see if he can go there
• If we need to reimburse travel costs; check with Team Captain if we can do this. 
• You can always send them the letter with information about CAK (you can find this letter here: https://helpfulinformation.redcross.nl/files/Brief-zorgverlening-ongedocumenteerde-migranten-landelijk.pdf |Q: What if someone needs urgent medical support after office hours/ during weekends? A: Ask him to call with huisartsenpost. In case he cannot do this: 
• Ask him his date of birth and to explain to you the symptoms. Tell him to stay on WA to answer 
questions from the Huisartsenpost and to pick up the phone in case he is called 
• Discuss with your TC if it is possible to call the huisartsenpost and discuss with them. Often they will ask to call in the patient, so then you can add the PA to the call. 
• In case you face difficulties; you can always call with piket to take over the case from you. 
|Q: I am afraid the doctor will send me away/ the doctor send me away A: Everyone in the Netherlands has the right to see a doctor., also if you don't have residence papers or health insurance. Clearly explain to PA what his/her rights are and that the doctor has to see him/her. Since they don't have health insurance, the costs are reimbursed by the CAK. Sometimes doctors don’t know about this. Therefore the Red Cross has developed a letter with information. In case somebody is scared to go to the doctor, then you can give them this letter, which they can show to the doctor. You can find this letter here: https://helpfulinformation.redcross.nl/files/Brief-zorgverlening-ongedocumenteerde-migranten-landelijk.pdf |Q: Can I go to the ermergency post at the hospital? A: Yes, and if it is an emergency they have the legal duty to help you. They can reimburse the costs for 80% at the CAK. 
|Q: Can I go to every hospital and where can I find the hospital? A: For all other help besides emergency care, you can best go to hospital that have a contract with the CAK. You can find here which hospitals have a contract with the CAK: https://www.hetcak.nl/zakelijk/onverzekerbare-vreemdelingen/overige-informatie/#item_15341 |Q: Where can I go to a dentist? A: You can always visit a dentist, but for people older then 18 the costs are not reimbursed. This means you will often have to pay for yourself. Sometimes there is a free dental service once in a while, for example in bigger cities. 

For an overview of where to find a dentist, please see HIA (Health & Wellbeing): https://helpfulinformation.redcross.nl/ |Q: Are there organizations that can help with dental care? A: Some health care organizations that are specialized in helping UM, can also help with dentists care. See the information on HIA: https://helpfulinformation.redcross.nl/. Not all organizations want to be on HIA. For example Doctors of the World prefers not to have the information public, but they can help sometimes. So you can direct people to them when they need dental care, but good to not make any promises. ",
How do specialized health orgs and regular dentists differ in providing dental care to undocumented migrants?,,"Specialized health organizations are experienced in helping undocumented migrants and may offer quicker access to dental care, sometimes even free services, especially in bigger cities. Regular dentists can be visited by anyone, but for adults over 18, costs are not reimbursed and must usually be paid out-of-pocket. Specialized organizations may also help find dentists willing to treat undocumented migrants, but availability and support can vary. For more information, see HIA: https://helpfulinformation.redcross.nl/","Q: What can the Red Cross Amsterdam do? A: ## Red Cross Amsterdam-Amstelland can help with: 
• Information provision and referral to partners
• Digital food and hygiene support (maximum 3 months)
• Transport costs (maximum 3 months)
• Guidance by Red Cross volunteers (to medical appointments, explaining the situation clearly)
• Access Emergency Request fund for (partial) reimbursement of medical devices

!! They **cannot** help with:
• Guidance by volunteers must be possible; We therefore do not support clients with addiction problems or serious psychological problems.
• Urgent assistance requests for which assistance must be provided within 24 hours,
• Providing medicines or medical assistance

**For help from Red Cross Amsterdam-Amstelland, send an e-mail to: heretohelp.amsterdam@rodekruis.nl**
|Q: Where can I find a doctor? A: For an overview of where to find a doctor, please see HIA (Health & Wellbeing): https://helpfulinformation.redcross.nl/|Q: What is better, sending somebody to a specialized organization or to a doctor? A: In general it is the best if people are known with a GP, because they can then visit the doctor more often. However, what is best to do, depends also on the situation of the person, and for example if somebody has a fixed address (better if they find a doctor) or somebody is on the street (better to go to a specialized organization). Often it is quicker to get somebody into contact with a specialized organization. This organization can then try to find a doctor for this person. Often they have a network of friendly doctors, who are more willing to receive people that are undocumented. 

In case somebody is in a city where there are specialized organizations, then it is good to give the PA the option to go to a huisarts (and if needed, our help to contact the huisarts) but that there are also specialized organizations that can help. 

**See below an example of a message that you can send:**
*You have the right to visit a family doctor, so you can always contact doctors close by to you. But there are also organizations that are specialized in providing medical help to people without health insurance. 
The benefits of contacting a doctor are that you can get structural help there. This is especially good if you have a fixed place where you are staying. However, sometimes it can teake a bit longer before there is a doctor that 
can receive you, because many doctors don’t take in new patients. 
The benefits of [ name organisation] is that they are specialized in helping people without health insurance. You can go there quickly to discuss your issue. But if you need structural help, they will also have to find you a doctor. Do you have a preference?*
|Q: What if someone needs a doctor in a city without specialized support organization? A: It can sometimes take a long time before we can help somebody to get the help from a doctor. However this is somebodies right. Therefore we do try this, but in case it is taken too long, then we connect somebody with a 
specialized organization: 
• Check if somebody can call with a doctor, or has somebody in their network; give the address of 
doctors close by
• In case he cannot call; contact your TC to check if there is an option that we can call as the Red Cross
• Keep track of the doctors that you call in ‘conversation summery’ 
• If after 5 doctors it didn’t work, call with the specialized organization that is most close by to see if he can go there
• If we need to reimburse travel costs; check with Team Captain if we can do this. 
• You can always send them the letter with information about CAK (you can find this letter here: https://helpfulinformation.redcross.nl/files/Brief-zorgverlening-ongedocumenteerde-migranten-landelijk.pdf |Q: What if someone needs urgent medical support after office hours/ during weekends? A: Ask him to call with huisartsenpost. In case he cannot do this: 
• Ask him his date of birth and to explain to you the symptoms. Tell him to stay on WA to answer 
questions from the Huisartsenpost and to pick up the phone in case he is called 
• Discuss with your TC if it is possible to call the huisartsenpost and discuss with them. Often they will ask to call in the patient, so then you can add the PA to the call. 
• In case you face difficulties; you can always call with piket to take over the case from you. 
|Q: I am afraid the doctor will send me away/ the doctor send me away A: Everyone in the Netherlands has the right to see a doctor., also if you don't have residence papers or health insurance. Clearly explain to PA what his/her rights are and that the doctor has to see him/her. Since they don't have health insurance, the costs are reimbursed by the CAK. Sometimes doctors don’t know about this. Therefore the Red Cross has developed a letter with information. In case somebody is scared to go to the doctor, then you can give them this letter, which they can show to the doctor. You can find this letter here: https://helpfulinformation.redcross.nl/files/Brief-zorgverlening-ongedocumenteerde-migranten-landelijk.pdf |Q: Can I go to the ermergency post at the hospital? A: Yes, and if it is an emergency they have the legal duty to help you. They can reimburse the costs for 80% at the CAK. 
|Q: Can I go to every hospital and where can I find the hospital? A: For all other help besides emergency care, you can best go to hospital that have a contract with the CAK. You can find here which hospitals have a contract with the CAK: https://www.hetcak.nl/zakelijk/onverzekerbare-vreemdelingen/overige-informatie/#item_15341 |Q: Where can I go to a dentist? A: You can always visit a dentist, but for people older then 18 the costs are not reimbursed. This means you will often have to pay for yourself. Sometimes there is a free dental service once in a while, for example in bigger cities. 

For an overview of where to find a dentist, please see HIA (Health & Wellbeing): https://helpfulinformation.redcross.nl/ |Q: Are there organizations that can help with dental care? A: Some health care organizations that are specialized in helping UM, can also help with dentists care. See the information on HIA: https://helpfulinformation.redcross.nl/. Not all organizations want to be on HIA. For example Doctors of the World prefers not to have the information public, but they can help sometimes. So you can direct people to them when they need dental care, but good to not make any promises. ",
What legal rights do undocumented migrants in NL have to access GP care and cost reimbursement?,,"Undocumented migrants in the Netherlands have the legal right to see a GP (family doctor), even if they do not have residence papers or health insurance. The costs for their care are reimbursed by the CAK. If a doctor is unaware of this, migrants can show them the Red Cross letter explaining their rights and the reimbursement process: https://helpfulinformation.redcross.nl/files/Brief-zorgverlening-ongedocumenteerde-migranten-landelijk.pdf","Q: What can the Red Cross Amsterdam do? A: ## Red Cross Amsterdam-Amstelland can help with: 
• Information provision and referral to partners
• Digital food and hygiene support (maximum 3 months)
• Transport costs (maximum 3 months)
• Guidance by Red Cross volunteers (to medical appointments, explaining the situation clearly)
• Access Emergency Request fund for (partial) reimbursement of medical devices

!! They **cannot** help with:
• Guidance by volunteers must be possible; We therefore do not support clients with addiction problems or serious psychological problems.
• Urgent assistance requests for which assistance must be provided within 24 hours,
• Providing medicines or medical assistance

**For help from Red Cross Amsterdam-Amstelland, send an e-mail to: heretohelp.amsterdam@rodekruis.nl**
|Q: Where can I find a doctor? A: For an overview of where to find a doctor, please see HIA (Health & Wellbeing): https://helpfulinformation.redcross.nl/|Q: What is better, sending somebody to a specialized organization or to a doctor? A: In general it is the best if people are known with a GP, because they can then visit the doctor more often. However, what is best to do, depends also on the situation of the person, and for example if somebody has a fixed address (better if they find a doctor) or somebody is on the street (better to go to a specialized organization). Often it is quicker to get somebody into contact with a specialized organization. This organization can then try to find a doctor for this person. Often they have a network of friendly doctors, who are more willing to receive people that are undocumented. 

In case somebody is in a city where there are specialized organizations, then it is good to give the PA the option to go to a huisarts (and if needed, our help to contact the huisarts) but that there are also specialized organizations that can help. 

**See below an example of a message that you can send:**
*You have the right to visit a family doctor, so you can always contact doctors close by to you. But there are also organizations that are specialized in providing medical help to people without health insurance. 
The benefits of contacting a doctor are that you can get structural help there. This is especially good if you have a fixed place where you are staying. However, sometimes it can teake a bit longer before there is a doctor that 
can receive you, because many doctors don’t take in new patients. 
The benefits of [ name organisation] is that they are specialized in helping people without health insurance. You can go there quickly to discuss your issue. But if you need structural help, they will also have to find you a doctor. Do you have a preference?*
|Q: What if someone needs a doctor in a city without specialized support organization? A: It can sometimes take a long time before we can help somebody to get the help from a doctor. However this is somebodies right. Therefore we do try this, but in case it is taken too long, then we connect somebody with a 
specialized organization: 
• Check if somebody can call with a doctor, or has somebody in their network; give the address of 
doctors close by
• In case he cannot call; contact your TC to check if there is an option that we can call as the Red Cross
• Keep track of the doctors that you call in ‘conversation summery’ 
• If after 5 doctors it didn’t work, call with the specialized organization that is most close by to see if he can go there
• If we need to reimburse travel costs; check with Team Captain if we can do this. 
• You can always send them the letter with information about CAK (you can find this letter here: https://helpfulinformation.redcross.nl/files/Brief-zorgverlening-ongedocumenteerde-migranten-landelijk.pdf |Q: What if someone needs urgent medical support after office hours/ during weekends? A: Ask him to call with huisartsenpost. In case he cannot do this: 
• Ask him his date of birth and to explain to you the symptoms. Tell him to stay on WA to answer 
questions from the Huisartsenpost and to pick up the phone in case he is called 
• Discuss with your TC if it is possible to call the huisartsenpost and discuss with them. Often they will ask to call in the patient, so then you can add the PA to the call. 
• In case you face difficulties; you can always call with piket to take over the case from you. 
|Q: I am afraid the doctor will send me away/ the doctor send me away A: Everyone in the Netherlands has the right to see a doctor., also if you don't have residence papers or health insurance. Clearly explain to PA what his/her rights are and that the doctor has to see him/her. Since they don't have health insurance, the costs are reimbursed by the CAK. Sometimes doctors don’t know about this. Therefore the Red Cross has developed a letter with information. In case somebody is scared to go to the doctor, then you can give them this letter, which they can show to the doctor. You can find this letter here: https://helpfulinformation.redcross.nl/files/Brief-zorgverlening-ongedocumenteerde-migranten-landelijk.pdf |Q: Can I go to the ermergency post at the hospital? A: Yes, and if it is an emergency they have the legal duty to help you. They can reimburse the costs for 80% at the CAK. 
|Q: Can I go to every hospital and where can I find the hospital? A: For all other help besides emergency care, you can best go to hospital that have a contract with the CAK. You can find here which hospitals have a contract with the CAK: https://www.hetcak.nl/zakelijk/onverzekerbare-vreemdelingen/overige-informatie/#item_15341 |Q: Where can I go to a dentist? A: You can always visit a dentist, but for people older then 18 the costs are not reimbursed. This means you will often have to pay for yourself. Sometimes there is a free dental service once in a while, for example in bigger cities. 

For an overview of where to find a dentist, please see HIA (Health & Wellbeing): https://helpfulinformation.redcross.nl/ |Q: Are there organizations that can help with dental care? A: Some health care organizations that are specialized in helping UM, can also help with dentists care. See the information on HIA: https://helpfulinformation.redcross.nl/. Not all organizations want to be on HIA. For example Doctors of the World prefers not to have the information public, but they can help sometimes. So you can direct people to them when they need dental care, but good to not make any promises. ",
Where is the CAK reimbursement info letter for undocumented patients and doctors available online?,,The CAK reimbursement info letter for undocumented patients and doctors is available online at: https://helpfulinformation.redcross.nl/files/Brief-zorgverlening-ongedocumenteerde-migranten-landelijk.pdf,"Q: What can the Red Cross Amsterdam do? A: ## Red Cross Amsterdam-Amstelland can help with: 
• Information provision and referral to partners
• Digital food and hygiene support (maximum 3 months)
• Transport costs (maximum 3 months)
• Guidance by Red Cross volunteers (to medical appointments, explaining the situation clearly)
• Access Emergency Request fund for (partial) reimbursement of medical devices

!! They **cannot** help with:
• Guidance by volunteers must be possible; We therefore do not support clients with addiction problems or serious psychological problems.
• Urgent assistance requests for which assistance must be provided within 24 hours,
• Providing medicines or medical assistance

**For help from Red Cross Amsterdam-Amstelland, send an e-mail to: heretohelp.amsterdam@rodekruis.nl**
|Q: Where can I find a doctor? A: For an overview of where to find a doctor, please see HIA (Health & Wellbeing): https://helpfulinformation.redcross.nl/|Q: What is better, sending somebody to a specialized organization or to a doctor? A: In general it is the best if people are known with a GP, because they can then visit the doctor more often. However, what is best to do, depends also on the situation of the person, and for example if somebody has a fixed address (better if they find a doctor) or somebody is on the street (better to go to a specialized organization). Often it is quicker to get somebody into contact with a specialized organization. This organization can then try to find a doctor for this person. Often they have a network of friendly doctors, who are more willing to receive people that are undocumented. 

In case somebody is in a city where there are specialized organizations, then it is good to give the PA the option to go to a huisarts (and if needed, our help to contact the huisarts) but that there are also specialized organizations that can help. 

**See below an example of a message that you can send:**
*You have the right to visit a family doctor, so you can always contact doctors close by to you. But there are also organizations that are specialized in providing medical help to people without health insurance. 
The benefits of contacting a doctor are that you can get structural help there. This is especially good if you have a fixed place where you are staying. However, sometimes it can teake a bit longer before there is a doctor that 
can receive you, because many doctors don’t take in new patients. 
The benefits of [ name organisation] is that they are specialized in helping people without health insurance. You can go there quickly to discuss your issue. But if you need structural help, they will also have to find you a doctor. Do you have a preference?*
|Q: What if someone needs a doctor in a city without specialized support organization? A: It can sometimes take a long time before we can help somebody to get the help from a doctor. However this is somebodies right. Therefore we do try this, but in case it is taken too long, then we connect somebody with a 
specialized organization: 
• Check if somebody can call with a doctor, or has somebody in their network; give the address of 
doctors close by
• In case he cannot call; contact your TC to check if there is an option that we can call as the Red Cross
• Keep track of the doctors that you call in ‘conversation summery’ 
• If after 5 doctors it didn’t work, call with the specialized organization that is most close by to see if he can go there
• If we need to reimburse travel costs; check with Team Captain if we can do this. 
• You can always send them the letter with information about CAK (you can find this letter here: https://helpfulinformation.redcross.nl/files/Brief-zorgverlening-ongedocumenteerde-migranten-landelijk.pdf |Q: What if someone needs urgent medical support after office hours/ during weekends? A: Ask him to call with huisartsenpost. In case he cannot do this: 
• Ask him his date of birth and to explain to you the symptoms. Tell him to stay on WA to answer 
questions from the Huisartsenpost and to pick up the phone in case he is called 
• Discuss with your TC if it is possible to call the huisartsenpost and discuss with them. Often they will ask to call in the patient, so then you can add the PA to the call. 
• In case you face difficulties; you can always call with piket to take over the case from you. 
|Q: I am afraid the doctor will send me away/ the doctor send me away A: Everyone in the Netherlands has the right to see a doctor., also if you don't have residence papers or health insurance. Clearly explain to PA what his/her rights are and that the doctor has to see him/her. Since they don't have health insurance, the costs are reimbursed by the CAK. Sometimes doctors don’t know about this. Therefore the Red Cross has developed a letter with information. In case somebody is scared to go to the doctor, then you can give them this letter, which they can show to the doctor. You can find this letter here: https://helpfulinformation.redcross.nl/files/Brief-zorgverlening-ongedocumenteerde-migranten-landelijk.pdf |Q: Can I go to the ermergency post at the hospital? A: Yes, and if it is an emergency they have the legal duty to help you. They can reimburse the costs for 80% at the CAK. 
|Q: Can I go to every hospital and where can I find the hospital? A: For all other help besides emergency care, you can best go to hospital that have a contract with the CAK. You can find here which hospitals have a contract with the CAK: https://www.hetcak.nl/zakelijk/onverzekerbare-vreemdelingen/overige-informatie/#item_15341 |Q: Where can I go to a dentist? A: You can always visit a dentist, but for people older then 18 the costs are not reimbursed. This means you will often have to pay for yourself. Sometimes there is a free dental service once in a while, for example in bigger cities. 

For an overview of where to find a dentist, please see HIA (Health & Wellbeing): https://helpfulinformation.redcross.nl/ |Q: Are there organizations that can help with dental care? A: Some health care organizations that are specialized in helping UM, can also help with dentists care. See the information on HIA: https://helpfulinformation.redcross.nl/. Not all organizations want to be on HIA. For example Doctors of the World prefers not to have the information public, but they can help sometimes. So you can direct people to them when they need dental care, but good to not make any promises. ",
What steps should undocumented pregnant women take to access midwife care and temporary shelter?,,"Undocumented pregnant women can contact a midwife directly after three months of pregnancy; they do not need to see a doctor first. They also have the right to temporary shelter for 6 weeks before and 6 weeks after birth. For more information and an overview of services, see HIA (Pregnancy & Sexual Health): https://helpfulinformation.redcross.nl/","Q: Where can I go when I am pregnant? A: People who are undocumented have the right to see a midwife after they are pregnant for three months. Women who are pregnant also have the right to get shelter for the period of 6 weeks before the birth and 6 weeks after the birth. For a midwife, somebody doesn’t have to first see a doctor. So they can contact a midwife directly.

For an overview of where to go when you are pregnant, please see HIA (Pregnancy & Sexual Health): https://helpfulinformation.redcross.nl/ 

For more information about pregnancy in 13 different languages, see:
https://www.zanzu.de/nl/gezinsplanning-en-zwangerschap/|Q: Where can I go when I want to get an abortion? A: If your pregnancy wasn’t planned and you’re considering your options, abortion is a possibility. How abortion can be carried out depends on how far you are in the pregnancy. The costs are usually not reimbursed but there are options for you if you are unable to pay for it yourself. Please check HIA for more information (women) - https://helpfulinformation.redcross.nl/ |Q: Where can I go for physiotherapy? A: Since physiotherapy is in not in the basic health insurence, it is not compensated. This means somebody has to pay for it themselves. Somethimes special organizations can help. 

For an overview of where to find a physiotherapist and which special organizations can help with payment, please see HIA: https://helpfulinformation.redcross.nl/ 
|Q: Where can I go for information about or help with HIV, STD and birth control? A: For an overview of where to go to get more information or help with HIV, STD or birthcontrol, please see HIA (Health & Wellbeing): https://helpfulinformation.redcross.nl/ 

For more information about relationships, sexual health and pregnancy in 13 languages, see: https://www.zanzu.nl/nl/taalkeuze|Q: Where can I get medication? A: In case a PA needs medicine, they need a recipe from the doctor. So first check if the person has this. In case the person has a prescription, they can go to a pharmacy that has a contract with the CAK. They have to pay €5,- for the medicine.

Check which pharmacies are contracted with the CAK. You can find the list here: https://www.hetcak.nl/zakelijk/onverzekerbare-vreemdelingen/overige-informatie/#item_15340 

Please see HIA for an overview of the listed pharmacies per city: https://helpfulinformation.redcross.nl/ (health & wellbeing - medication)|Q: How can I get a repeat prescription? A: If somebody needs a repeat prescription, but doesn’t have the prescription anymore or used to get it in their home country, it can help to contact a contracted pharmacy directly to discuss this with them. Maybe they are willing to give it or they know a doctor where this person can go to. 

You can find the list of pharmacies contracted with the CAK here: https://www.hetcak.nl/zakelijk/onverzekerbare-vreemdelingen/overige-informatie/#item_15340|Q: Where can I go to for psychosocial support? A: For an overview of where to go for psychosocial support, please see HIA (Mental Wellbeing): https://helpfulinformation.redcross.nl/ 

In addition, you can send them this folder about mental wellbeing (it's available in multiple languages): https://www.pharos.nl/kennisbank/als-je-stress-hebt-veel-denkt-en-slecht-slaapt-engels/

**IMPORTANT** In general when somebody is saying that he feels depressed, it is important that the PA receives good help from us. It can be important that they are helped by only one person and don’t get answers from different helpdesk agents. When you have the feeling that somebody is not feeling well, inform the Team Captain or piket about it, to see if she should take over the case.|Q: Do people have the right to get legal assistance? A: Everyone has the right to legal assistance, including people without a residence permit. A Juridisch Loket (legal help desk) can help with legal issues. Some cities have legal aid centres that provide assistance. Other relief organisations, such as VluchtelingenWerk (the Dutch Refugee Council), ASKV Refugee Support and Stek, also help people without residence permits.|Q: Where can somebody go if they want to request asylum for the first time? A: People that are looking for asylum can best go to VluchtelingenWerk for advice. VluchtelingenWerk also has a 
website where people can get information or get into contact with VluchtelingenWerk: www.refugeehelp.nl|Q: Who can help someone who has been rejected for asylum, but wants to try it again? A: People that have a negative decision on their asylum, might be able to get juridical help and in some cases temporary shelter. It is good to check with them what kind of help they already received, and where they are staying. In most cities there are organizations that can give juridical advice to people that are undocumented (and received a negative decision).
You can find information about this on HIA: https://helpfulinformation.redcross.nl/. In case there is no specialized organization close by, then it is best to send them to VluchtelingenWerk.",
What are the options for late-term abortion access for undocumented individuals in the Netherlands?,,"Late-term abortion access in the Netherlands depends on how far you are in the pregnancy. Undocumented individuals can consider abortion, but the costs are usually not reimbursed. If you are unable to pay, there may be options for assistance. For more information and support, please check HIA: https://helpfulinformation.redcross.nl/.","Q: Where can I go when I am pregnant? A: People who are undocumented have the right to see a midwife after they are pregnant for three months. Women who are pregnant also have the right to get shelter for the period of 6 weeks before the birth and 6 weeks after the birth. For a midwife, somebody doesn’t have to first see a doctor. So they can contact a midwife directly.

For an overview of where to go when you are pregnant, please see HIA (Pregnancy & Sexual Health): https://helpfulinformation.redcross.nl/ 

For more information about pregnancy in 13 different languages, see:
https://www.zanzu.de/nl/gezinsplanning-en-zwangerschap/|Q: Where can I go when I want to get an abortion? A: If your pregnancy wasn’t planned and you’re considering your options, abortion is a possibility. How abortion can be carried out depends on how far you are in the pregnancy. The costs are usually not reimbursed but there are options for you if you are unable to pay for it yourself. Please check HIA for more information (women) - https://helpfulinformation.redcross.nl/ |Q: Where can I go for physiotherapy? A: Since physiotherapy is in not in the basic health insurence, it is not compensated. This means somebody has to pay for it themselves. Somethimes special organizations can help. 

For an overview of where to find a physiotherapist and which special organizations can help with payment, please see HIA: https://helpfulinformation.redcross.nl/ 
|Q: Where can I go for information about or help with HIV, STD and birth control? A: For an overview of where to go to get more information or help with HIV, STD or birthcontrol, please see HIA (Health & Wellbeing): https://helpfulinformation.redcross.nl/ 

For more information about relationships, sexual health and pregnancy in 13 languages, see: https://www.zanzu.nl/nl/taalkeuze|Q: Where can I get medication? A: In case a PA needs medicine, they need a recipe from the doctor. So first check if the person has this. In case the person has a prescription, they can go to a pharmacy that has a contract with the CAK. They have to pay €5,- for the medicine.

Check which pharmacies are contracted with the CAK. You can find the list here: https://www.hetcak.nl/zakelijk/onverzekerbare-vreemdelingen/overige-informatie/#item_15340 

Please see HIA for an overview of the listed pharmacies per city: https://helpfulinformation.redcross.nl/ (health & wellbeing - medication)|Q: How can I get a repeat prescription? A: If somebody needs a repeat prescription, but doesn’t have the prescription anymore or used to get it in their home country, it can help to contact a contracted pharmacy directly to discuss this with them. Maybe they are willing to give it or they know a doctor where this person can go to. 

You can find the list of pharmacies contracted with the CAK here: https://www.hetcak.nl/zakelijk/onverzekerbare-vreemdelingen/overige-informatie/#item_15340|Q: Where can I go to for psychosocial support? A: For an overview of where to go for psychosocial support, please see HIA (Mental Wellbeing): https://helpfulinformation.redcross.nl/ 

In addition, you can send them this folder about mental wellbeing (it's available in multiple languages): https://www.pharos.nl/kennisbank/als-je-stress-hebt-veel-denkt-en-slecht-slaapt-engels/

**IMPORTANT** In general when somebody is saying that he feels depressed, it is important that the PA receives good help from us. It can be important that they are helped by only one person and don’t get answers from different helpdesk agents. When you have the feeling that somebody is not feeling well, inform the Team Captain or piket about it, to see if she should take over the case.|Q: Do people have the right to get legal assistance? A: Everyone has the right to legal assistance, including people without a residence permit. A Juridisch Loket (legal help desk) can help with legal issues. Some cities have legal aid centres that provide assistance. Other relief organisations, such as VluchtelingenWerk (the Dutch Refugee Council), ASKV Refugee Support and Stek, also help people without residence permits.|Q: Where can somebody go if they want to request asylum for the first time? A: People that are looking for asylum can best go to VluchtelingenWerk for advice. VluchtelingenWerk also has a 
website where people can get information or get into contact with VluchtelingenWerk: www.refugeehelp.nl|Q: Who can help someone who has been rejected for asylum, but wants to try it again? A: People that have a negative decision on their asylum, might be able to get juridical help and in some cases temporary shelter. It is good to check with them what kind of help they already received, and where they are staying. In most cities there are organizations that can give juridical advice to people that are undocumented (and received a negative decision).
You can find information about this on HIA: https://helpfulinformation.redcross.nl/. In case there is no specialized organization close by, then it is best to send them to VluchtelingenWerk.",
"Is physiotherapy covered by basic health insurance, and are there orgs that help with payment?",,"Physiotherapy is not covered by basic health insurance, so you have to pay for it yourself. Sometimes special organizations can help with payment. For an overview of physiotherapists and organizations that can help, see HIA: https://helpfulinformation.redcross.nl/","Q: Where can I go when I am pregnant? A: People who are undocumented have the right to see a midwife after they are pregnant for three months. Women who are pregnant also have the right to get shelter for the period of 6 weeks before the birth and 6 weeks after the birth. For a midwife, somebody doesn’t have to first see a doctor. So they can contact a midwife directly.

For an overview of where to go when you are pregnant, please see HIA (Pregnancy & Sexual Health): https://helpfulinformation.redcross.nl/ 

For more information about pregnancy in 13 different languages, see:
https://www.zanzu.de/nl/gezinsplanning-en-zwangerschap/|Q: Where can I go when I want to get an abortion? A: If your pregnancy wasn’t planned and you’re considering your options, abortion is a possibility. How abortion can be carried out depends on how far you are in the pregnancy. The costs are usually not reimbursed but there are options for you if you are unable to pay for it yourself. Please check HIA for more information (women) - https://helpfulinformation.redcross.nl/ |Q: Where can I go for physiotherapy? A: Since physiotherapy is in not in the basic health insurence, it is not compensated. This means somebody has to pay for it themselves. Somethimes special organizations can help. 

For an overview of where to find a physiotherapist and which special organizations can help with payment, please see HIA: https://helpfulinformation.redcross.nl/ 
|Q: Where can I go for information about or help with HIV, STD and birth control? A: For an overview of where to go to get more information or help with HIV, STD or birthcontrol, please see HIA (Health & Wellbeing): https://helpfulinformation.redcross.nl/ 

For more information about relationships, sexual health and pregnancy in 13 languages, see: https://www.zanzu.nl/nl/taalkeuze|Q: Where can I get medication? A: In case a PA needs medicine, they need a recipe from the doctor. So first check if the person has this. In case the person has a prescription, they can go to a pharmacy that has a contract with the CAK. They have to pay €5,- for the medicine.

Check which pharmacies are contracted with the CAK. You can find the list here: https://www.hetcak.nl/zakelijk/onverzekerbare-vreemdelingen/overige-informatie/#item_15340 

Please see HIA for an overview of the listed pharmacies per city: https://helpfulinformation.redcross.nl/ (health & wellbeing - medication)|Q: How can I get a repeat prescription? A: If somebody needs a repeat prescription, but doesn’t have the prescription anymore or used to get it in their home country, it can help to contact a contracted pharmacy directly to discuss this with them. Maybe they are willing to give it or they know a doctor where this person can go to. 

You can find the list of pharmacies contracted with the CAK here: https://www.hetcak.nl/zakelijk/onverzekerbare-vreemdelingen/overige-informatie/#item_15340|Q: Where can I go to for psychosocial support? A: For an overview of where to go for psychosocial support, please see HIA (Mental Wellbeing): https://helpfulinformation.redcross.nl/ 

In addition, you can send them this folder about mental wellbeing (it's available in multiple languages): https://www.pharos.nl/kennisbank/als-je-stress-hebt-veel-denkt-en-slecht-slaapt-engels/

**IMPORTANT** In general when somebody is saying that he feels depressed, it is important that the PA receives good help from us. It can be important that they are helped by only one person and don’t get answers from different helpdesk agents. When you have the feeling that somebody is not feeling well, inform the Team Captain or piket about it, to see if she should take over the case.|Q: Do people have the right to get legal assistance? A: Everyone has the right to legal assistance, including people without a residence permit. A Juridisch Loket (legal help desk) can help with legal issues. Some cities have legal aid centres that provide assistance. Other relief organisations, such as VluchtelingenWerk (the Dutch Refugee Council), ASKV Refugee Support and Stek, also help people without residence permits.|Q: Where can somebody go if they want to request asylum for the first time? A: People that are looking for asylum can best go to VluchtelingenWerk for advice. VluchtelingenWerk also has a 
website where people can get information or get into contact with VluchtelingenWerk: www.refugeehelp.nl|Q: Who can help someone who has been rejected for asylum, but wants to try it again? A: People that have a negative decision on their asylum, might be able to get juridical help and in some cases temporary shelter. It is good to check with them what kind of help they already received, and where they are staying. In most cities there are organizations that can give juridical advice to people that are undocumented (and received a negative decision).
You can find information about this on HIA: https://helpfulinformation.redcross.nl/. In case there is no specialized organization close by, then it is best to send them to VluchtelingenWerk.",
How do resources for HIV/STD info compare to those for birth control support and guidance?,,"Resources for HIV/STD information and birth control support are provided through the same channels. For both, you can find an overview of where to go for information or help at HIA (Health & Wellbeing): https://helpfulinformation.redcross.nl/. Additionally, more information about relationships, sexual health, and pregnancy in 13 languages is available at https://www.zanzu.nl/nl/taalkeuze.","Q: Where can I go when I am pregnant? A: People who are undocumented have the right to see a midwife after they are pregnant for three months. Women who are pregnant also have the right to get shelter for the period of 6 weeks before the birth and 6 weeks after the birth. For a midwife, somebody doesn’t have to first see a doctor. So they can contact a midwife directly.

For an overview of where to go when you are pregnant, please see HIA (Pregnancy & Sexual Health): https://helpfulinformation.redcross.nl/ 

For more information about pregnancy in 13 different languages, see:
https://www.zanzu.de/nl/gezinsplanning-en-zwangerschap/|Q: Where can I go when I want to get an abortion? A: If your pregnancy wasn’t planned and you’re considering your options, abortion is a possibility. How abortion can be carried out depends on how far you are in the pregnancy. The costs are usually not reimbursed but there are options for you if you are unable to pay for it yourself. Please check HIA for more information (women) - https://helpfulinformation.redcross.nl/ |Q: Where can I go for physiotherapy? A: Since physiotherapy is in not in the basic health insurence, it is not compensated. This means somebody has to pay for it themselves. Somethimes special organizations can help. 

For an overview of where to find a physiotherapist and which special organizations can help with payment, please see HIA: https://helpfulinformation.redcross.nl/ 
|Q: Where can I go for information about or help with HIV, STD and birth control? A: For an overview of where to go to get more information or help with HIV, STD or birthcontrol, please see HIA (Health & Wellbeing): https://helpfulinformation.redcross.nl/ 

For more information about relationships, sexual health and pregnancy in 13 languages, see: https://www.zanzu.nl/nl/taalkeuze|Q: Where can I get medication? A: In case a PA needs medicine, they need a recipe from the doctor. So first check if the person has this. In case the person has a prescription, they can go to a pharmacy that has a contract with the CAK. They have to pay €5,- for the medicine.

Check which pharmacies are contracted with the CAK. You can find the list here: https://www.hetcak.nl/zakelijk/onverzekerbare-vreemdelingen/overige-informatie/#item_15340 

Please see HIA for an overview of the listed pharmacies per city: https://helpfulinformation.redcross.nl/ (health & wellbeing - medication)|Q: How can I get a repeat prescription? A: If somebody needs a repeat prescription, but doesn’t have the prescription anymore or used to get it in their home country, it can help to contact a contracted pharmacy directly to discuss this with them. Maybe they are willing to give it or they know a doctor where this person can go to. 

You can find the list of pharmacies contracted with the CAK here: https://www.hetcak.nl/zakelijk/onverzekerbare-vreemdelingen/overige-informatie/#item_15340|Q: Where can I go to for psychosocial support? A: For an overview of where to go for psychosocial support, please see HIA (Mental Wellbeing): https://helpfulinformation.redcross.nl/ 

In addition, you can send them this folder about mental wellbeing (it's available in multiple languages): https://www.pharos.nl/kennisbank/als-je-stress-hebt-veel-denkt-en-slecht-slaapt-engels/

**IMPORTANT** In general when somebody is saying that he feels depressed, it is important that the PA receives good help from us. It can be important that they are helped by only one person and don’t get answers from different helpdesk agents. When you have the feeling that somebody is not feeling well, inform the Team Captain or piket about it, to see if she should take over the case.|Q: Do people have the right to get legal assistance? A: Everyone has the right to legal assistance, including people without a residence permit. A Juridisch Loket (legal help desk) can help with legal issues. Some cities have legal aid centres that provide assistance. Other relief organisations, such as VluchtelingenWerk (the Dutch Refugee Council), ASKV Refugee Support and Stek, also help people without residence permits.|Q: Where can somebody go if they want to request asylum for the first time? A: People that are looking for asylum can best go to VluchtelingenWerk for advice. VluchtelingenWerk also has a 
website where people can get information or get into contact with VluchtelingenWerk: www.refugeehelp.nl|Q: Who can help someone who has been rejected for asylum, but wants to try it again? A: People that have a negative decision on their asylum, might be able to get juridical help and in some cases temporary shelter. It is good to check with them what kind of help they already received, and where they are staying. In most cities there are organizations that can give juridical advice to people that are undocumented (and received a negative decision).
You can find information about this on HIA: https://helpfulinformation.redcross.nl/. In case there is no specialized organization close by, then it is best to send them to VluchtelingenWerk.",
How do I get medication with a prescription and pay the €5 fee at a CAK-contracted pharmacy?,,"If you have a prescription, you can get medication at a pharmacy that is contracted with the CAK. You will need to pay €5 for the medicine. You can find a list of CAK-contracted pharmacies here: https://www.hetcak.nl/zakelijk/onverzekerbare-vreemdelingen/overige-informatie/#item_15340. For an overview of pharmacies per city, see: https://helpfulinformation.redcross.nl/ (health & wellbeing - medication).","Q: Where can I go when I am pregnant? A: People who are undocumented have the right to see a midwife after they are pregnant for three months. Women who are pregnant also have the right to get shelter for the period of 6 weeks before the birth and 6 weeks after the birth. For a midwife, somebody doesn’t have to first see a doctor. So they can contact a midwife directly.

For an overview of where to go when you are pregnant, please see HIA (Pregnancy & Sexual Health): https://helpfulinformation.redcross.nl/ 

For more information about pregnancy in 13 different languages, see:
https://www.zanzu.de/nl/gezinsplanning-en-zwangerschap/|Q: Where can I go when I want to get an abortion? A: If your pregnancy wasn’t planned and you’re considering your options, abortion is a possibility. How abortion can be carried out depends on how far you are in the pregnancy. The costs are usually not reimbursed but there are options for you if you are unable to pay for it yourself. Please check HIA for more information (women) - https://helpfulinformation.redcross.nl/ |Q: Where can I go for physiotherapy? A: Since physiotherapy is in not in the basic health insurence, it is not compensated. This means somebody has to pay for it themselves. Somethimes special organizations can help. 

For an overview of where to find a physiotherapist and which special organizations can help with payment, please see HIA: https://helpfulinformation.redcross.nl/ 
|Q: Where can I go for information about or help with HIV, STD and birth control? A: For an overview of where to go to get more information or help with HIV, STD or birthcontrol, please see HIA (Health & Wellbeing): https://helpfulinformation.redcross.nl/ 

For more information about relationships, sexual health and pregnancy in 13 languages, see: https://www.zanzu.nl/nl/taalkeuze|Q: Where can I get medication? A: In case a PA needs medicine, they need a recipe from the doctor. So first check if the person has this. In case the person has a prescription, they can go to a pharmacy that has a contract with the CAK. They have to pay €5,- for the medicine.

Check which pharmacies are contracted with the CAK. You can find the list here: https://www.hetcak.nl/zakelijk/onverzekerbare-vreemdelingen/overige-informatie/#item_15340 

Please see HIA for an overview of the listed pharmacies per city: https://helpfulinformation.redcross.nl/ (health & wellbeing - medication)|Q: How can I get a repeat prescription? A: If somebody needs a repeat prescription, but doesn’t have the prescription anymore or used to get it in their home country, it can help to contact a contracted pharmacy directly to discuss this with them. Maybe they are willing to give it or they know a doctor where this person can go to. 

You can find the list of pharmacies contracted with the CAK here: https://www.hetcak.nl/zakelijk/onverzekerbare-vreemdelingen/overige-informatie/#item_15340|Q: Where can I go to for psychosocial support? A: For an overview of where to go for psychosocial support, please see HIA (Mental Wellbeing): https://helpfulinformation.redcross.nl/ 

In addition, you can send them this folder about mental wellbeing (it's available in multiple languages): https://www.pharos.nl/kennisbank/als-je-stress-hebt-veel-denkt-en-slecht-slaapt-engels/

**IMPORTANT** In general when somebody is saying that he feels depressed, it is important that the PA receives good help from us. It can be important that they are helped by only one person and don’t get answers from different helpdesk agents. When you have the feeling that somebody is not feeling well, inform the Team Captain or piket about it, to see if she should take over the case.|Q: Do people have the right to get legal assistance? A: Everyone has the right to legal assistance, including people without a residence permit. A Juridisch Loket (legal help desk) can help with legal issues. Some cities have legal aid centres that provide assistance. Other relief organisations, such as VluchtelingenWerk (the Dutch Refugee Council), ASKV Refugee Support and Stek, also help people without residence permits.|Q: Where can somebody go if they want to request asylum for the first time? A: People that are looking for asylum can best go to VluchtelingenWerk for advice. VluchtelingenWerk also has a 
website where people can get information or get into contact with VluchtelingenWerk: www.refugeehelp.nl|Q: Who can help someone who has been rejected for asylum, but wants to try it again? A: People that have a negative decision on their asylum, might be able to get juridical help and in some cases temporary shelter. It is good to check with them what kind of help they already received, and where they are staying. In most cities there are organizations that can give juridical advice to people that are undocumented (and received a negative decision).
You can find information about this on HIA: https://helpfulinformation.redcross.nl/. In case there is no specialized organization close by, then it is best to send them to VluchtelingenWerk.",
"If I need a repeat prescription without the original, how can I get it from a CAK-contracted pharmacy?",,"If you need a repeat prescription but don’t have the original, you can contact a CAK-contracted pharmacy directly to discuss your situation. They may be able to provide the prescription or refer you to a doctor who can help. You can find the list of CAK-contracted pharmacies here: https://www.hetcak.nl/zakelijk/onverzekerbare-vreemdelingen/overige-informatie/#item_15340","Q: Where can I go when I am pregnant? A: People who are undocumented have the right to see a midwife after they are pregnant for three months. Women who are pregnant also have the right to get shelter for the period of 6 weeks before the birth and 6 weeks after the birth. For a midwife, somebody doesn’t have to first see a doctor. So they can contact a midwife directly.

For an overview of where to go when you are pregnant, please see HIA (Pregnancy & Sexual Health): https://helpfulinformation.redcross.nl/ 

For more information about pregnancy in 13 different languages, see:
https://www.zanzu.de/nl/gezinsplanning-en-zwangerschap/|Q: Where can I go when I want to get an abortion? A: If your pregnancy wasn’t planned and you’re considering your options, abortion is a possibility. How abortion can be carried out depends on how far you are in the pregnancy. The costs are usually not reimbursed but there are options for you if you are unable to pay for it yourself. Please check HIA for more information (women) - https://helpfulinformation.redcross.nl/ |Q: Where can I go for physiotherapy? A: Since physiotherapy is in not in the basic health insurence, it is not compensated. This means somebody has to pay for it themselves. Somethimes special organizations can help. 

For an overview of where to find a physiotherapist and which special organizations can help with payment, please see HIA: https://helpfulinformation.redcross.nl/ 
|Q: Where can I go for information about or help with HIV, STD and birth control? A: For an overview of where to go to get more information or help with HIV, STD or birthcontrol, please see HIA (Health & Wellbeing): https://helpfulinformation.redcross.nl/ 

For more information about relationships, sexual health and pregnancy in 13 languages, see: https://www.zanzu.nl/nl/taalkeuze|Q: Where can I get medication? A: In case a PA needs medicine, they need a recipe from the doctor. So first check if the person has this. In case the person has a prescription, they can go to a pharmacy that has a contract with the CAK. They have to pay €5,- for the medicine.

Check which pharmacies are contracted with the CAK. You can find the list here: https://www.hetcak.nl/zakelijk/onverzekerbare-vreemdelingen/overige-informatie/#item_15340 

Please see HIA for an overview of the listed pharmacies per city: https://helpfulinformation.redcross.nl/ (health & wellbeing - medication)|Q: How can I get a repeat prescription? A: If somebody needs a repeat prescription, but doesn’t have the prescription anymore or used to get it in their home country, it can help to contact a contracted pharmacy directly to discuss this with them. Maybe they are willing to give it or they know a doctor where this person can go to. 

You can find the list of pharmacies contracted with the CAK here: https://www.hetcak.nl/zakelijk/onverzekerbare-vreemdelingen/overige-informatie/#item_15340|Q: Where can I go to for psychosocial support? A: For an overview of where to go for psychosocial support, please see HIA (Mental Wellbeing): https://helpfulinformation.redcross.nl/ 

In addition, you can send them this folder about mental wellbeing (it's available in multiple languages): https://www.pharos.nl/kennisbank/als-je-stress-hebt-veel-denkt-en-slecht-slaapt-engels/

**IMPORTANT** In general when somebody is saying that he feels depressed, it is important that the PA receives good help from us. It can be important that they are helped by only one person and don’t get answers from different helpdesk agents. When you have the feeling that somebody is not feeling well, inform the Team Captain or piket about it, to see if she should take over the case.|Q: Do people have the right to get legal assistance? A: Everyone has the right to legal assistance, including people without a residence permit. A Juridisch Loket (legal help desk) can help with legal issues. Some cities have legal aid centres that provide assistance. Other relief organisations, such as VluchtelingenWerk (the Dutch Refugee Council), ASKV Refugee Support and Stek, also help people without residence permits.|Q: Where can somebody go if they want to request asylum for the first time? A: People that are looking for asylum can best go to VluchtelingenWerk for advice. VluchtelingenWerk also has a 
website where people can get information or get into contact with VluchtelingenWerk: www.refugeehelp.nl|Q: Who can help someone who has been rejected for asylum, but wants to try it again? A: People that have a negative decision on their asylum, might be able to get juridical help and in some cases temporary shelter. It is good to check with them what kind of help they already received, and where they are staying. In most cities there are organizations that can give juridical advice to people that are undocumented (and received a negative decision).
You can find information about this on HIA: https://helpfulinformation.redcross.nl/. In case there is no specialized organization close by, then it is best to send them to VluchtelingenWerk.",
Which HIA resources and multilingual folder options exist for psychosocial support and mental wellbeing assistance?,,"For psychosocial support and mental wellbeing assistance, you can find an overview of resources on HIA (Mental Wellbeing): https://helpfulinformation.redcross.nl/. Additionally, there is a multilingual folder about mental wellbeing available here: https://www.pharos.nl/kennisbank/als-je-stress-hebt-veel-denkt-en-slecht-slaapt-engels/.","Q: Where can I go when I am pregnant? A: People who are undocumented have the right to see a midwife after they are pregnant for three months. Women who are pregnant also have the right to get shelter for the period of 6 weeks before the birth and 6 weeks after the birth. For a midwife, somebody doesn’t have to first see a doctor. So they can contact a midwife directly.

For an overview of where to go when you are pregnant, please see HIA (Pregnancy & Sexual Health): https://helpfulinformation.redcross.nl/ 

For more information about pregnancy in 13 different languages, see:
https://www.zanzu.de/nl/gezinsplanning-en-zwangerschap/|Q: Where can I go when I want to get an abortion? A: If your pregnancy wasn’t planned and you’re considering your options, abortion is a possibility. How abortion can be carried out depends on how far you are in the pregnancy. The costs are usually not reimbursed but there are options for you if you are unable to pay for it yourself. Please check HIA for more information (women) - https://helpfulinformation.redcross.nl/ |Q: Where can I go for physiotherapy? A: Since physiotherapy is in not in the basic health insurence, it is not compensated. This means somebody has to pay for it themselves. Somethimes special organizations can help. 

For an overview of where to find a physiotherapist and which special organizations can help with payment, please see HIA: https://helpfulinformation.redcross.nl/ 
|Q: Where can I go for information about or help with HIV, STD and birth control? A: For an overview of where to go to get more information or help with HIV, STD or birthcontrol, please see HIA (Health & Wellbeing): https://helpfulinformation.redcross.nl/ 

For more information about relationships, sexual health and pregnancy in 13 languages, see: https://www.zanzu.nl/nl/taalkeuze|Q: Where can I get medication? A: In case a PA needs medicine, they need a recipe from the doctor. So first check if the person has this. In case the person has a prescription, they can go to a pharmacy that has a contract with the CAK. They have to pay €5,- for the medicine.

Check which pharmacies are contracted with the CAK. You can find the list here: https://www.hetcak.nl/zakelijk/onverzekerbare-vreemdelingen/overige-informatie/#item_15340 

Please see HIA for an overview of the listed pharmacies per city: https://helpfulinformation.redcross.nl/ (health & wellbeing - medication)|Q: How can I get a repeat prescription? A: If somebody needs a repeat prescription, but doesn’t have the prescription anymore or used to get it in their home country, it can help to contact a contracted pharmacy directly to discuss this with them. Maybe they are willing to give it or they know a doctor where this person can go to. 

You can find the list of pharmacies contracted with the CAK here: https://www.hetcak.nl/zakelijk/onverzekerbare-vreemdelingen/overige-informatie/#item_15340|Q: Where can I go to for psychosocial support? A: For an overview of where to go for psychosocial support, please see HIA (Mental Wellbeing): https://helpfulinformation.redcross.nl/ 

In addition, you can send them this folder about mental wellbeing (it's available in multiple languages): https://www.pharos.nl/kennisbank/als-je-stress-hebt-veel-denkt-en-slecht-slaapt-engels/

**IMPORTANT** In general when somebody is saying that he feels depressed, it is important that the PA receives good help from us. It can be important that they are helped by only one person and don’t get answers from different helpdesk agents. When you have the feeling that somebody is not feeling well, inform the Team Captain or piket about it, to see if she should take over the case.|Q: Do people have the right to get legal assistance? A: Everyone has the right to legal assistance, including people without a residence permit. A Juridisch Loket (legal help desk) can help with legal issues. Some cities have legal aid centres that provide assistance. Other relief organisations, such as VluchtelingenWerk (the Dutch Refugee Council), ASKV Refugee Support and Stek, also help people without residence permits.|Q: Where can somebody go if they want to request asylum for the first time? A: People that are looking for asylum can best go to VluchtelingenWerk for advice. VluchtelingenWerk also has a 
website where people can get information or get into contact with VluchtelingenWerk: www.refugeehelp.nl|Q: Who can help someone who has been rejected for asylum, but wants to try it again? A: People that have a negative decision on their asylum, might be able to get juridical help and in some cases temporary shelter. It is good to check with them what kind of help they already received, and where they are staying. In most cities there are organizations that can give juridical advice to people that are undocumented (and received a negative decision).
You can find information about this on HIA: https://helpfulinformation.redcross.nl/. In case there is no specialized organization close by, then it is best to send them to VluchtelingenWerk.",
Can undocumented minors access specialized legal aid for complex family reunification cases?,,"Yes, undocumented minors have the right to legal assistance, including for complex family reunification cases. They can access help from a Juridisch Loket (legal help desk), legal aid centres in some cities, and relief organisations such as VluchtelingenWerk, ASKV Refugee Support, and Stek.","Q: Where can I go when I am pregnant? A: People who are undocumented have the right to see a midwife after they are pregnant for three months. Women who are pregnant also have the right to get shelter for the period of 6 weeks before the birth and 6 weeks after the birth. For a midwife, somebody doesn’t have to first see a doctor. So they can contact a midwife directly.

For an overview of where to go when you are pregnant, please see HIA (Pregnancy & Sexual Health): https://helpfulinformation.redcross.nl/ 

For more information about pregnancy in 13 different languages, see:
https://www.zanzu.de/nl/gezinsplanning-en-zwangerschap/|Q: Where can I go when I want to get an abortion? A: If your pregnancy wasn’t planned and you’re considering your options, abortion is a possibility. How abortion can be carried out depends on how far you are in the pregnancy. The costs are usually not reimbursed but there are options for you if you are unable to pay for it yourself. Please check HIA for more information (women) - https://helpfulinformation.redcross.nl/ |Q: Where can I go for physiotherapy? A: Since physiotherapy is in not in the basic health insurence, it is not compensated. This means somebody has to pay for it themselves. Somethimes special organizations can help. 

For an overview of where to find a physiotherapist and which special organizations can help with payment, please see HIA: https://helpfulinformation.redcross.nl/ 
|Q: Where can I go for information about or help with HIV, STD and birth control? A: For an overview of where to go to get more information or help with HIV, STD or birthcontrol, please see HIA (Health & Wellbeing): https://helpfulinformation.redcross.nl/ 

For more information about relationships, sexual health and pregnancy in 13 languages, see: https://www.zanzu.nl/nl/taalkeuze|Q: Where can I get medication? A: In case a PA needs medicine, they need a recipe from the doctor. So first check if the person has this. In case the person has a prescription, they can go to a pharmacy that has a contract with the CAK. They have to pay €5,- for the medicine.

Check which pharmacies are contracted with the CAK. You can find the list here: https://www.hetcak.nl/zakelijk/onverzekerbare-vreemdelingen/overige-informatie/#item_15340 

Please see HIA for an overview of the listed pharmacies per city: https://helpfulinformation.redcross.nl/ (health & wellbeing - medication)|Q: How can I get a repeat prescription? A: If somebody needs a repeat prescription, but doesn’t have the prescription anymore or used to get it in their home country, it can help to contact a contracted pharmacy directly to discuss this with them. Maybe they are willing to give it or they know a doctor where this person can go to. 

You can find the list of pharmacies contracted with the CAK here: https://www.hetcak.nl/zakelijk/onverzekerbare-vreemdelingen/overige-informatie/#item_15340|Q: Where can I go to for psychosocial support? A: For an overview of where to go for psychosocial support, please see HIA (Mental Wellbeing): https://helpfulinformation.redcross.nl/ 

In addition, you can send them this folder about mental wellbeing (it's available in multiple languages): https://www.pharos.nl/kennisbank/als-je-stress-hebt-veel-denkt-en-slecht-slaapt-engels/

**IMPORTANT** In general when somebody is saying that he feels depressed, it is important that the PA receives good help from us. It can be important that they are helped by only one person and don’t get answers from different helpdesk agents. When you have the feeling that somebody is not feeling well, inform the Team Captain or piket about it, to see if she should take over the case.|Q: Do people have the right to get legal assistance? A: Everyone has the right to legal assistance, including people without a residence permit. A Juridisch Loket (legal help desk) can help with legal issues. Some cities have legal aid centres that provide assistance. Other relief organisations, such as VluchtelingenWerk (the Dutch Refugee Council), ASKV Refugee Support and Stek, also help people without residence permits.|Q: Where can somebody go if they want to request asylum for the first time? A: People that are looking for asylum can best go to VluchtelingenWerk for advice. VluchtelingenWerk also has a 
website where people can get information or get into contact with VluchtelingenWerk: www.refugeehelp.nl|Q: Who can help someone who has been rejected for asylum, but wants to try it again? A: People that have a negative decision on their asylum, might be able to get juridical help and in some cases temporary shelter. It is good to check with them what kind of help they already received, and where they are staying. In most cities there are organizations that can give juridical advice to people that are undocumented (and received a negative decision).
You can find information about this on HIA: https://helpfulinformation.redcross.nl/. In case there is no specialized organization close by, then it is best to send them to VluchtelingenWerk.",
How does seeking first-time asylum differ from getting help after a rejected asylum application?,,"Seeking first-time asylum involves going to VluchtelingenWerk for advice and support, and using their website (www.refugeehelp.nl) for information and contact. After a rejected asylum application, people can get juridical help and, in some cases, temporary shelter. Specialized organizations in most cities provide legal advice to undocumented people with a negative decision. If no specialized organization is nearby, VluchtelingenWerk can also help. For more information, see HIA: https://helpfulinformation.redcross.nl/.","Q: Where can I go when I am pregnant? A: People who are undocumented have the right to see a midwife after they are pregnant for three months. Women who are pregnant also have the right to get shelter for the period of 6 weeks before the birth and 6 weeks after the birth. For a midwife, somebody doesn’t have to first see a doctor. So they can contact a midwife directly.

For an overview of where to go when you are pregnant, please see HIA (Pregnancy & Sexual Health): https://helpfulinformation.redcross.nl/ 

For more information about pregnancy in 13 different languages, see:
https://www.zanzu.de/nl/gezinsplanning-en-zwangerschap/|Q: Where can I go when I want to get an abortion? A: If your pregnancy wasn’t planned and you’re considering your options, abortion is a possibility. How abortion can be carried out depends on how far you are in the pregnancy. The costs are usually not reimbursed but there are options for you if you are unable to pay for it yourself. Please check HIA for more information (women) - https://helpfulinformation.redcross.nl/ |Q: Where can I go for physiotherapy? A: Since physiotherapy is in not in the basic health insurence, it is not compensated. This means somebody has to pay for it themselves. Somethimes special organizations can help. 

For an overview of where to find a physiotherapist and which special organizations can help with payment, please see HIA: https://helpfulinformation.redcross.nl/ 
|Q: Where can I go for information about or help with HIV, STD and birth control? A: For an overview of where to go to get more information or help with HIV, STD or birthcontrol, please see HIA (Health & Wellbeing): https://helpfulinformation.redcross.nl/ 

For more information about relationships, sexual health and pregnancy in 13 languages, see: https://www.zanzu.nl/nl/taalkeuze|Q: Where can I get medication? A: In case a PA needs medicine, they need a recipe from the doctor. So first check if the person has this. In case the person has a prescription, they can go to a pharmacy that has a contract with the CAK. They have to pay €5,- for the medicine.

Check which pharmacies are contracted with the CAK. You can find the list here: https://www.hetcak.nl/zakelijk/onverzekerbare-vreemdelingen/overige-informatie/#item_15340 

Please see HIA for an overview of the listed pharmacies per city: https://helpfulinformation.redcross.nl/ (health & wellbeing - medication)|Q: How can I get a repeat prescription? A: If somebody needs a repeat prescription, but doesn’t have the prescription anymore or used to get it in their home country, it can help to contact a contracted pharmacy directly to discuss this with them. Maybe they are willing to give it or they know a doctor where this person can go to. 

You can find the list of pharmacies contracted with the CAK here: https://www.hetcak.nl/zakelijk/onverzekerbare-vreemdelingen/overige-informatie/#item_15340|Q: Where can I go to for psychosocial support? A: For an overview of where to go for psychosocial support, please see HIA (Mental Wellbeing): https://helpfulinformation.redcross.nl/ 

In addition, you can send them this folder about mental wellbeing (it's available in multiple languages): https://www.pharos.nl/kennisbank/als-je-stress-hebt-veel-denkt-en-slecht-slaapt-engels/

**IMPORTANT** In general when somebody is saying that he feels depressed, it is important that the PA receives good help from us. It can be important that they are helped by only one person and don’t get answers from different helpdesk agents. When you have the feeling that somebody is not feeling well, inform the Team Captain or piket about it, to see if she should take over the case.|Q: Do people have the right to get legal assistance? A: Everyone has the right to legal assistance, including people without a residence permit. A Juridisch Loket (legal help desk) can help with legal issues. Some cities have legal aid centres that provide assistance. Other relief organisations, such as VluchtelingenWerk (the Dutch Refugee Council), ASKV Refugee Support and Stek, also help people without residence permits.|Q: Where can somebody go if they want to request asylum for the first time? A: People that are looking for asylum can best go to VluchtelingenWerk for advice. VluchtelingenWerk also has a 
website where people can get information or get into contact with VluchtelingenWerk: www.refugeehelp.nl|Q: Who can help someone who has been rejected for asylum, but wants to try it again? A: People that have a negative decision on their asylum, might be able to get juridical help and in some cases temporary shelter. It is good to check with them what kind of help they already received, and where they are staying. In most cities there are organizations that can give juridical advice to people that are undocumented (and received a negative decision).
You can find information about this on HIA: https://helpfulinformation.redcross.nl/. In case there is no specialized organization close by, then it is best to send them to VluchtelingenWerk.",
How do options for legal help differ for first-time asylum seekers vs. those rejected previously?,,"First-time asylum seekers can get advice and support from VluchtelingenWerk (www.refugeehelp.nl) and legal help desks like Juridisch Loket. Those who have been rejected can still access juridical help and, in some cases, temporary shelter. Specialized organizations in most cities offer legal advice to undocumented people with negative decisions. If no specialized organization is nearby, VluchtelingenWerk is recommended. See HIA for more information: https://helpfulinformation.redcross.nl/","Q: Where can I go when I am pregnant? A: People who are undocumented have the right to see a midwife after they are pregnant for three months. Women who are pregnant also have the right to get shelter for the period of 6 weeks before the birth and 6 weeks after the birth. For a midwife, somebody doesn’t have to first see a doctor. So they can contact a midwife directly.

For an overview of where to go when you are pregnant, please see HIA (Pregnancy & Sexual Health): https://helpfulinformation.redcross.nl/ 

For more information about pregnancy in 13 different languages, see:
https://www.zanzu.de/nl/gezinsplanning-en-zwangerschap/|Q: Where can I go when I want to get an abortion? A: If your pregnancy wasn’t planned and you’re considering your options, abortion is a possibility. How abortion can be carried out depends on how far you are in the pregnancy. The costs are usually not reimbursed but there are options for you if you are unable to pay for it yourself. Please check HIA for more information (women) - https://helpfulinformation.redcross.nl/ |Q: Where can I go for physiotherapy? A: Since physiotherapy is in not in the basic health insurence, it is not compensated. This means somebody has to pay for it themselves. Somethimes special organizations can help. 

For an overview of where to find a physiotherapist and which special organizations can help with payment, please see HIA: https://helpfulinformation.redcross.nl/ 
|Q: Where can I go for information about or help with HIV, STD and birth control? A: For an overview of where to go to get more information or help with HIV, STD or birthcontrol, please see HIA (Health & Wellbeing): https://helpfulinformation.redcross.nl/ 

For more information about relationships, sexual health and pregnancy in 13 languages, see: https://www.zanzu.nl/nl/taalkeuze|Q: Where can I get medication? A: In case a PA needs medicine, they need a recipe from the doctor. So first check if the person has this. In case the person has a prescription, they can go to a pharmacy that has a contract with the CAK. They have to pay €5,- for the medicine.

Check which pharmacies are contracted with the CAK. You can find the list here: https://www.hetcak.nl/zakelijk/onverzekerbare-vreemdelingen/overige-informatie/#item_15340 

Please see HIA for an overview of the listed pharmacies per city: https://helpfulinformation.redcross.nl/ (health & wellbeing - medication)|Q: How can I get a repeat prescription? A: If somebody needs a repeat prescription, but doesn’t have the prescription anymore or used to get it in their home country, it can help to contact a contracted pharmacy directly to discuss this with them. Maybe they are willing to give it or they know a doctor where this person can go to. 

You can find the list of pharmacies contracted with the CAK here: https://www.hetcak.nl/zakelijk/onverzekerbare-vreemdelingen/overige-informatie/#item_15340|Q: Where can I go to for psychosocial support? A: For an overview of where to go for psychosocial support, please see HIA (Mental Wellbeing): https://helpfulinformation.redcross.nl/ 

In addition, you can send them this folder about mental wellbeing (it's available in multiple languages): https://www.pharos.nl/kennisbank/als-je-stress-hebt-veel-denkt-en-slecht-slaapt-engels/

**IMPORTANT** In general when somebody is saying that he feels depressed, it is important that the PA receives good help from us. It can be important that they are helped by only one person and don’t get answers from different helpdesk agents. When you have the feeling that somebody is not feeling well, inform the Team Captain or piket about it, to see if she should take over the case.|Q: Do people have the right to get legal assistance? A: Everyone has the right to legal assistance, including people without a residence permit. A Juridisch Loket (legal help desk) can help with legal issues. Some cities have legal aid centres that provide assistance. Other relief organisations, such as VluchtelingenWerk (the Dutch Refugee Council), ASKV Refugee Support and Stek, also help people without residence permits.|Q: Where can somebody go if they want to request asylum for the first time? A: People that are looking for asylum can best go to VluchtelingenWerk for advice. VluchtelingenWerk also has a 
website where people can get information or get into contact with VluchtelingenWerk: www.refugeehelp.nl|Q: Who can help someone who has been rejected for asylum, but wants to try it again? A: People that have a negative decision on their asylum, might be able to get juridical help and in some cases temporary shelter. It is good to check with them what kind of help they already received, and where they are staying. In most cities there are organizations that can give juridical advice to people that are undocumented (and received a negative decision).
You can find information about this on HIA: https://helpfulinformation.redcross.nl/. In case there is no specialized organization close by, then it is best to send them to VluchtelingenWerk.",
Can undocumented pregnant women access midwife-led home births without prior physician consultation?,,"Yes, undocumented pregnant women have the right to see a midwife after three months of pregnancy and can contact a midwife directly without first seeing a doctor.","Q: Where can I go when I am pregnant? A: People who are undocumented have the right to see a midwife after they are pregnant for three months. Women who are pregnant also have the right to get shelter for the period of 6 weeks before the birth and 6 weeks after the birth. For a midwife, somebody doesn’t have to first see a doctor. So they can contact a midwife directly.

For an overview of where to go when you are pregnant, please see HIA (Pregnancy & Sexual Health): https://helpfulinformation.redcross.nl/ 

For more information about pregnancy in 13 different languages, see:
https://www.zanzu.de/nl/gezinsplanning-en-zwangerschap/|Q: Where can I go when I want to get an abortion? A: If your pregnancy wasn’t planned and you’re considering your options, abortion is a possibility. How abortion can be carried out depends on how far you are in the pregnancy. The costs are usually not reimbursed but there are options for you if you are unable to pay for it yourself. Please check HIA for more information (women) - https://helpfulinformation.redcross.nl/ |Q: Where can I go for physiotherapy? A: Since physiotherapy is in not in the basic health insurence, it is not compensated. This means somebody has to pay for it themselves. Somethimes special organizations can help. 

For an overview of where to find a physiotherapist and which special organizations can help with payment, please see HIA: https://helpfulinformation.redcross.nl/ 
|Q: Where can I go for information about or help with HIV, STD and birth control? A: For an overview of where to go to get more information or help with HIV, STD or birthcontrol, please see HIA (Health & Wellbeing): https://helpfulinformation.redcross.nl/ 

For more information about relationships, sexual health and pregnancy in 13 languages, see: https://www.zanzu.nl/nl/taalkeuze|Q: Where can I get medication? A: In case a PA needs medicine, they need a recipe from the doctor. So first check if the person has this. In case the person has a prescription, they can go to a pharmacy that has a contract with the CAK. They have to pay €5,- for the medicine.

Check which pharmacies are contracted with the CAK. You can find the list here: https://www.hetcak.nl/zakelijk/onverzekerbare-vreemdelingen/overige-informatie/#item_15340 

Please see HIA for an overview of the listed pharmacies per city: https://helpfulinformation.redcross.nl/ (health & wellbeing - medication)|Q: How can I get a repeat prescription? A: If somebody needs a repeat prescription, but doesn’t have the prescription anymore or used to get it in their home country, it can help to contact a contracted pharmacy directly to discuss this with them. Maybe they are willing to give it or they know a doctor where this person can go to. 

You can find the list of pharmacies contracted with the CAK here: https://www.hetcak.nl/zakelijk/onverzekerbare-vreemdelingen/overige-informatie/#item_15340|Q: Where can I go to for psychosocial support? A: For an overview of where to go for psychosocial support, please see HIA (Mental Wellbeing): https://helpfulinformation.redcross.nl/ 

In addition, you can send them this folder about mental wellbeing (it's available in multiple languages): https://www.pharos.nl/kennisbank/als-je-stress-hebt-veel-denkt-en-slecht-slaapt-engels/

**IMPORTANT** In general when somebody is saying that he feels depressed, it is important that the PA receives good help from us. It can be important that they are helped by only one person and don’t get answers from different helpdesk agents. When you have the feeling that somebody is not feeling well, inform the Team Captain or piket about it, to see if she should take over the case.|Q: Do people have the right to get legal assistance? A: Everyone has the right to legal assistance, including people without a residence permit. A Juridisch Loket (legal help desk) can help with legal issues. Some cities have legal aid centres that provide assistance. Other relief organisations, such as VluchtelingenWerk (the Dutch Refugee Council), ASKV Refugee Support and Stek, also help people without residence permits.|Q: Where can somebody go if they want to request asylum for the first time? A: People that are looking for asylum can best go to VluchtelingenWerk for advice. VluchtelingenWerk also has a 
website where people can get information or get into contact with VluchtelingenWerk: www.refugeehelp.nl|Q: Who can help someone who has been rejected for asylum, but wants to try it again? A: People that have a negative decision on their asylum, might be able to get juridical help and in some cases temporary shelter. It is good to check with them what kind of help they already received, and where they are staying. In most cities there are organizations that can give juridical advice to people that are undocumented (and received a negative decision).
You can find information about this on HIA: https://helpfulinformation.redcross.nl/. In case there is no specialized organization close by, then it is best to send them to VluchtelingenWerk.",
"If physiotherapy isn’t covered, how can special orgs assist with access and payment options?",,"Special organizations can sometimes help with access and payment for physiotherapy, since it is not covered by basic health insurance and must be paid for personally. For an overview of where to find a physiotherapist and which organizations can assist with payment, see HIA: https://helpfulinformation.redcross.nl/","Q: Where can I go when I am pregnant? A: People who are undocumented have the right to see a midwife after they are pregnant for three months. Women who are pregnant also have the right to get shelter for the period of 6 weeks before the birth and 6 weeks after the birth. For a midwife, somebody doesn’t have to first see a doctor. So they can contact a midwife directly.

For an overview of where to go when you are pregnant, please see HIA (Pregnancy & Sexual Health): https://helpfulinformation.redcross.nl/ 

For more information about pregnancy in 13 different languages, see:
https://www.zanzu.de/nl/gezinsplanning-en-zwangerschap/|Q: Where can I go when I want to get an abortion? A: If your pregnancy wasn’t planned and you’re considering your options, abortion is a possibility. How abortion can be carried out depends on how far you are in the pregnancy. The costs are usually not reimbursed but there are options for you if you are unable to pay for it yourself. Please check HIA for more information (women) - https://helpfulinformation.redcross.nl/ |Q: Where can I go for physiotherapy? A: Since physiotherapy is in not in the basic health insurence, it is not compensated. This means somebody has to pay for it themselves. Somethimes special organizations can help. 

For an overview of where to find a physiotherapist and which special organizations can help with payment, please see HIA: https://helpfulinformation.redcross.nl/ 
|Q: Where can I go for information about or help with HIV, STD and birth control? A: For an overview of where to go to get more information or help with HIV, STD or birthcontrol, please see HIA (Health & Wellbeing): https://helpfulinformation.redcross.nl/ 

For more information about relationships, sexual health and pregnancy in 13 languages, see: https://www.zanzu.nl/nl/taalkeuze|Q: Where can I get medication? A: In case a PA needs medicine, they need a recipe from the doctor. So first check if the person has this. In case the person has a prescription, they can go to a pharmacy that has a contract with the CAK. They have to pay €5,- for the medicine.

Check which pharmacies are contracted with the CAK. You can find the list here: https://www.hetcak.nl/zakelijk/onverzekerbare-vreemdelingen/overige-informatie/#item_15340 

Please see HIA for an overview of the listed pharmacies per city: https://helpfulinformation.redcross.nl/ (health & wellbeing - medication)|Q: How can I get a repeat prescription? A: If somebody needs a repeat prescription, but doesn’t have the prescription anymore or used to get it in their home country, it can help to contact a contracted pharmacy directly to discuss this with them. Maybe they are willing to give it or they know a doctor where this person can go to. 

You can find the list of pharmacies contracted with the CAK here: https://www.hetcak.nl/zakelijk/onverzekerbare-vreemdelingen/overige-informatie/#item_15340|Q: Where can I go to for psychosocial support? A: For an overview of where to go for psychosocial support, please see HIA (Mental Wellbeing): https://helpfulinformation.redcross.nl/ 

In addition, you can send them this folder about mental wellbeing (it's available in multiple languages): https://www.pharos.nl/kennisbank/als-je-stress-hebt-veel-denkt-en-slecht-slaapt-engels/

**IMPORTANT** In general when somebody is saying that he feels depressed, it is important that the PA receives good help from us. It can be important that they are helped by only one person and don’t get answers from different helpdesk agents. When you have the feeling that somebody is not feeling well, inform the Team Captain or piket about it, to see if she should take over the case.|Q: Do people have the right to get legal assistance? A: Everyone has the right to legal assistance, including people without a residence permit. A Juridisch Loket (legal help desk) can help with legal issues. Some cities have legal aid centres that provide assistance. Other relief organisations, such as VluchtelingenWerk (the Dutch Refugee Council), ASKV Refugee Support and Stek, also help people without residence permits.|Q: Where can somebody go if they want to request asylum for the first time? A: People that are looking for asylum can best go to VluchtelingenWerk for advice. VluchtelingenWerk also has a 
website where people can get information or get into contact with VluchtelingenWerk: www.refugeehelp.nl|Q: Who can help someone who has been rejected for asylum, but wants to try it again? A: People that have a negative decision on their asylum, might be able to get juridical help and in some cases temporary shelter. It is good to check with them what kind of help they already received, and where they are staying. In most cities there are organizations that can give juridical advice to people that are undocumented (and received a negative decision).
You can find information about this on HIA: https://helpfulinformation.redcross.nl/. In case there is no specialized organization close by, then it is best to send them to VluchtelingenWerk.",
Suppose a migrant urgently needs meds; how could they quickly locate CAK-contracted NL pharmacies online?,,"A migrant can quickly locate CAK-contracted pharmacies in the Netherlands online by visiting this link: https://www.hetcak.nl/zakelijk/onverzekerbare-vreemdelingen/overige-informatie/#item_15340. For an overview of pharmacies per city, see: https://helpfulinformation.redcross.nl/ (health & wellbeing - medication).","Q: Where can I go when I am pregnant? A: People who are undocumented have the right to see a midwife after they are pregnant for three months. Women who are pregnant also have the right to get shelter for the period of 6 weeks before the birth and 6 weeks after the birth. For a midwife, somebody doesn’t have to first see a doctor. So they can contact a midwife directly.

For an overview of where to go when you are pregnant, please see HIA (Pregnancy & Sexual Health): https://helpfulinformation.redcross.nl/ 

For more information about pregnancy in 13 different languages, see:
https://www.zanzu.de/nl/gezinsplanning-en-zwangerschap/|Q: Where can I go when I want to get an abortion? A: If your pregnancy wasn’t planned and you’re considering your options, abortion is a possibility. How abortion can be carried out depends on how far you are in the pregnancy. The costs are usually not reimbursed but there are options for you if you are unable to pay for it yourself. Please check HIA for more information (women) - https://helpfulinformation.redcross.nl/ |Q: Where can I go for physiotherapy? A: Since physiotherapy is in not in the basic health insurence, it is not compensated. This means somebody has to pay for it themselves. Somethimes special organizations can help. 

For an overview of where to find a physiotherapist and which special organizations can help with payment, please see HIA: https://helpfulinformation.redcross.nl/ 
|Q: Where can I go for information about or help with HIV, STD and birth control? A: For an overview of where to go to get more information or help with HIV, STD or birthcontrol, please see HIA (Health & Wellbeing): https://helpfulinformation.redcross.nl/ 

For more information about relationships, sexual health and pregnancy in 13 languages, see: https://www.zanzu.nl/nl/taalkeuze|Q: Where can I get medication? A: In case a PA needs medicine, they need a recipe from the doctor. So first check if the person has this. In case the person has a prescription, they can go to a pharmacy that has a contract with the CAK. They have to pay €5,- for the medicine.

Check which pharmacies are contracted with the CAK. You can find the list here: https://www.hetcak.nl/zakelijk/onverzekerbare-vreemdelingen/overige-informatie/#item_15340 

Please see HIA for an overview of the listed pharmacies per city: https://helpfulinformation.redcross.nl/ (health & wellbeing - medication)|Q: How can I get a repeat prescription? A: If somebody needs a repeat prescription, but doesn’t have the prescription anymore or used to get it in their home country, it can help to contact a contracted pharmacy directly to discuss this with them. Maybe they are willing to give it or they know a doctor where this person can go to. 

You can find the list of pharmacies contracted with the CAK here: https://www.hetcak.nl/zakelijk/onverzekerbare-vreemdelingen/overige-informatie/#item_15340|Q: Where can I go to for psychosocial support? A: For an overview of where to go for psychosocial support, please see HIA (Mental Wellbeing): https://helpfulinformation.redcross.nl/ 

In addition, you can send them this folder about mental wellbeing (it's available in multiple languages): https://www.pharos.nl/kennisbank/als-je-stress-hebt-veel-denkt-en-slecht-slaapt-engels/

**IMPORTANT** In general when somebody is saying that he feels depressed, it is important that the PA receives good help from us. It can be important that they are helped by only one person and don’t get answers from different helpdesk agents. When you have the feeling that somebody is not feeling well, inform the Team Captain or piket about it, to see if she should take over the case.|Q: Do people have the right to get legal assistance? A: Everyone has the right to legal assistance, including people without a residence permit. A Juridisch Loket (legal help desk) can help with legal issues. Some cities have legal aid centres that provide assistance. Other relief organisations, such as VluchtelingenWerk (the Dutch Refugee Council), ASKV Refugee Support and Stek, also help people without residence permits.|Q: Where can somebody go if they want to request asylum for the first time? A: People that are looking for asylum can best go to VluchtelingenWerk for advice. VluchtelingenWerk also has a 
website where people can get information or get into contact with VluchtelingenWerk: www.refugeehelp.nl|Q: Who can help someone who has been rejected for asylum, but wants to try it again? A: People that have a negative decision on their asylum, might be able to get juridical help and in some cases temporary shelter. It is good to check with them what kind of help they already received, and where they are staying. In most cities there are organizations that can give juridical advice to people that are undocumented (and received a negative decision).
You can find information about this on HIA: https://helpfulinformation.redcross.nl/. In case there is no specialized organization close by, then it is best to send them to VluchtelingenWerk.",
"Where can I find pregnancy info in 13 languages, including Dutch, via official resources?",,"You can find pregnancy information in 13 languages, including Dutch, at https://www.zanzu.de/nl/gezinsplanning-en-zwangerschap/. This is an official resource.","Q: Where can I go when I am pregnant? A: People who are undocumented have the right to see a midwife after they are pregnant for three months. Women who are pregnant also have the right to get shelter for the period of 6 weeks before the birth and 6 weeks after the birth. For a midwife, somebody doesn’t have to first see a doctor. So they can contact a midwife directly.

For an overview of where to go when you are pregnant, please see HIA (Pregnancy & Sexual Health): https://helpfulinformation.redcross.nl/ 

For more information about pregnancy in 13 different languages, see:
https://www.zanzu.de/nl/gezinsplanning-en-zwangerschap/|Q: Where can I go when I want to get an abortion? A: If your pregnancy wasn’t planned and you’re considering your options, abortion is a possibility. How abortion can be carried out depends on how far you are in the pregnancy. The costs are usually not reimbursed but there are options for you if you are unable to pay for it yourself. Please check HIA for more information (women) - https://helpfulinformation.redcross.nl/ |Q: Where can I go for physiotherapy? A: Since physiotherapy is in not in the basic health insurence, it is not compensated. This means somebody has to pay for it themselves. Somethimes special organizations can help. 

For an overview of where to find a physiotherapist and which special organizations can help with payment, please see HIA: https://helpfulinformation.redcross.nl/ 
|Q: Where can I go for information about or help with HIV, STD and birth control? A: For an overview of where to go to get more information or help with HIV, STD or birthcontrol, please see HIA (Health & Wellbeing): https://helpfulinformation.redcross.nl/ 

For more information about relationships, sexual health and pregnancy in 13 languages, see: https://www.zanzu.nl/nl/taalkeuze|Q: Where can I get medication? A: In case a PA needs medicine, they need a recipe from the doctor. So first check if the person has this. In case the person has a prescription, they can go to a pharmacy that has a contract with the CAK. They have to pay €5,- for the medicine.

Check which pharmacies are contracted with the CAK. You can find the list here: https://www.hetcak.nl/zakelijk/onverzekerbare-vreemdelingen/overige-informatie/#item_15340 

Please see HIA for an overview of the listed pharmacies per city: https://helpfulinformation.redcross.nl/ (health & wellbeing - medication)|Q: How can I get a repeat prescription? A: If somebody needs a repeat prescription, but doesn’t have the prescription anymore or used to get it in their home country, it can help to contact a contracted pharmacy directly to discuss this with them. Maybe they are willing to give it or they know a doctor where this person can go to. 

You can find the list of pharmacies contracted with the CAK here: https://www.hetcak.nl/zakelijk/onverzekerbare-vreemdelingen/overige-informatie/#item_15340|Q: Where can I go to for psychosocial support? A: For an overview of where to go for psychosocial support, please see HIA (Mental Wellbeing): https://helpfulinformation.redcross.nl/ 

In addition, you can send them this folder about mental wellbeing (it's available in multiple languages): https://www.pharos.nl/kennisbank/als-je-stress-hebt-veel-denkt-en-slecht-slaapt-engels/

**IMPORTANT** In general when somebody is saying that he feels depressed, it is important that the PA receives good help from us. It can be important that they are helped by only one person and don’t get answers from different helpdesk agents. When you have the feeling that somebody is not feeling well, inform the Team Captain or piket about it, to see if she should take over the case.|Q: Do people have the right to get legal assistance? A: Everyone has the right to legal assistance, including people without a residence permit. A Juridisch Loket (legal help desk) can help with legal issues. Some cities have legal aid centres that provide assistance. Other relief organisations, such as VluchtelingenWerk (the Dutch Refugee Council), ASKV Refugee Support and Stek, also help people without residence permits.|Q: Where can somebody go if they want to request asylum for the first time? A: People that are looking for asylum can best go to VluchtelingenWerk for advice. VluchtelingenWerk also has a 
website where people can get information or get into contact with VluchtelingenWerk: www.refugeehelp.nl|Q: Who can help someone who has been rejected for asylum, but wants to try it again? A: People that have a negative decision on their asylum, might be able to get juridical help and in some cases temporary shelter. It is good to check with them what kind of help they already received, and where they are staying. In most cities there are organizations that can give juridical advice to people that are undocumented (and received a negative decision).
You can find information about this on HIA: https://helpfulinformation.redcross.nl/. In case there is no specialized organization close by, then it is best to send them to VluchtelingenWerk.",
"If a PA reports severe depression, what steps would you take if they refuse multiple helpers?",,"If a PA reports severe depression and refuses multiple helpers, it is important that they receive good help from only one person and do not get answers from different helpdesk agents. If you feel the person is not well, inform the Team Captain or piket to see if they should take over the case. This ensures consistent support and proper follow-up.","Q: Where can I go when I am pregnant? A: People who are undocumented have the right to see a midwife after they are pregnant for three months. Women who are pregnant also have the right to get shelter for the period of 6 weeks before the birth and 6 weeks after the birth. For a midwife, somebody doesn’t have to first see a doctor. So they can contact a midwife directly.

For an overview of where to go when you are pregnant, please see HIA (Pregnancy & Sexual Health): https://helpfulinformation.redcross.nl/ 

For more information about pregnancy in 13 different languages, see:
https://www.zanzu.de/nl/gezinsplanning-en-zwangerschap/|Q: Where can I go when I want to get an abortion? A: If your pregnancy wasn’t planned and you’re considering your options, abortion is a possibility. How abortion can be carried out depends on how far you are in the pregnancy. The costs are usually not reimbursed but there are options for you if you are unable to pay for it yourself. Please check HIA for more information (women) - https://helpfulinformation.redcross.nl/ |Q: Where can I go for physiotherapy? A: Since physiotherapy is in not in the basic health insurence, it is not compensated. This means somebody has to pay for it themselves. Somethimes special organizations can help. 

For an overview of where to find a physiotherapist and which special organizations can help with payment, please see HIA: https://helpfulinformation.redcross.nl/ 
|Q: Where can I go for information about or help with HIV, STD and birth control? A: For an overview of where to go to get more information or help with HIV, STD or birthcontrol, please see HIA (Health & Wellbeing): https://helpfulinformation.redcross.nl/ 

For more information about relationships, sexual health and pregnancy in 13 languages, see: https://www.zanzu.nl/nl/taalkeuze|Q: Where can I get medication? A: In case a PA needs medicine, they need a recipe from the doctor. So first check if the person has this. In case the person has a prescription, they can go to a pharmacy that has a contract with the CAK. They have to pay €5,- for the medicine.

Check which pharmacies are contracted with the CAK. You can find the list here: https://www.hetcak.nl/zakelijk/onverzekerbare-vreemdelingen/overige-informatie/#item_15340 

Please see HIA for an overview of the listed pharmacies per city: https://helpfulinformation.redcross.nl/ (health & wellbeing - medication)|Q: How can I get a repeat prescription? A: If somebody needs a repeat prescription, but doesn’t have the prescription anymore or used to get it in their home country, it can help to contact a contracted pharmacy directly to discuss this with them. Maybe they are willing to give it or they know a doctor where this person can go to. 

You can find the list of pharmacies contracted with the CAK here: https://www.hetcak.nl/zakelijk/onverzekerbare-vreemdelingen/overige-informatie/#item_15340|Q: Where can I go to for psychosocial support? A: For an overview of where to go for psychosocial support, please see HIA (Mental Wellbeing): https://helpfulinformation.redcross.nl/ 

In addition, you can send them this folder about mental wellbeing (it's available in multiple languages): https://www.pharos.nl/kennisbank/als-je-stress-hebt-veel-denkt-en-slecht-slaapt-engels/

**IMPORTANT** In general when somebody is saying that he feels depressed, it is important that the PA receives good help from us. It can be important that they are helped by only one person and don’t get answers from different helpdesk agents. When you have the feeling that somebody is not feeling well, inform the Team Captain or piket about it, to see if she should take over the case.|Q: Do people have the right to get legal assistance? A: Everyone has the right to legal assistance, including people without a residence permit. A Juridisch Loket (legal help desk) can help with legal issues. Some cities have legal aid centres that provide assistance. Other relief organisations, such as VluchtelingenWerk (the Dutch Refugee Council), ASKV Refugee Support and Stek, also help people without residence permits.|Q: Where can somebody go if they want to request asylum for the first time? A: People that are looking for asylum can best go to VluchtelingenWerk for advice. VluchtelingenWerk also has a 
website where people can get information or get into contact with VluchtelingenWerk: www.refugeehelp.nl|Q: Who can help someone who has been rejected for asylum, but wants to try it again? A: People that have a negative decision on their asylum, might be able to get juridical help and in some cases temporary shelter. It is good to check with them what kind of help they already received, and where they are staying. In most cities there are organizations that can give juridical advice to people that are undocumented (and received a negative decision).
You can find information about this on HIA: https://helpfulinformation.redcross.nl/. In case there is no specialized organization close by, then it is best to send them to VluchtelingenWerk.",
How do legal aid centres and other organizations assist undocumented individuals seeking legal help?,,"Legal aid centres and organizations like Juridisch Loket, VluchtelingenWerk, ASKV Refugee Support, and Stek provide legal assistance to undocumented individuals. They help with legal issues, offer advice, and support people without residence permits. Everyone has the right to legal assistance, regardless of their status.","Q: Where can I go when I am pregnant? A: People who are undocumented have the right to see a midwife after they are pregnant for three months. Women who are pregnant also have the right to get shelter for the period of 6 weeks before the birth and 6 weeks after the birth. For a midwife, somebody doesn’t have to first see a doctor. So they can contact a midwife directly.

For an overview of where to go when you are pregnant, please see HIA (Pregnancy & Sexual Health): https://helpfulinformation.redcross.nl/ 

For more information about pregnancy in 13 different languages, see:
https://www.zanzu.de/nl/gezinsplanning-en-zwangerschap/|Q: Where can I go when I want to get an abortion? A: If your pregnancy wasn’t planned and you’re considering your options, abortion is a possibility. How abortion can be carried out depends on how far you are in the pregnancy. The costs are usually not reimbursed but there are options for you if you are unable to pay for it yourself. Please check HIA for more information (women) - https://helpfulinformation.redcross.nl/ |Q: Where can I go for physiotherapy? A: Since physiotherapy is in not in the basic health insurence, it is not compensated. This means somebody has to pay for it themselves. Somethimes special organizations can help. 

For an overview of where to find a physiotherapist and which special organizations can help with payment, please see HIA: https://helpfulinformation.redcross.nl/ 
|Q: Where can I go for information about or help with HIV, STD and birth control? A: For an overview of where to go to get more information or help with HIV, STD or birthcontrol, please see HIA (Health & Wellbeing): https://helpfulinformation.redcross.nl/ 

For more information about relationships, sexual health and pregnancy in 13 languages, see: https://www.zanzu.nl/nl/taalkeuze|Q: Where can I get medication? A: In case a PA needs medicine, they need a recipe from the doctor. So first check if the person has this. In case the person has a prescription, they can go to a pharmacy that has a contract with the CAK. They have to pay €5,- for the medicine.

Check which pharmacies are contracted with the CAK. You can find the list here: https://www.hetcak.nl/zakelijk/onverzekerbare-vreemdelingen/overige-informatie/#item_15340 

Please see HIA for an overview of the listed pharmacies per city: https://helpfulinformation.redcross.nl/ (health & wellbeing - medication)|Q: How can I get a repeat prescription? A: If somebody needs a repeat prescription, but doesn’t have the prescription anymore or used to get it in their home country, it can help to contact a contracted pharmacy directly to discuss this with them. Maybe they are willing to give it or they know a doctor where this person can go to. 

You can find the list of pharmacies contracted with the CAK here: https://www.hetcak.nl/zakelijk/onverzekerbare-vreemdelingen/overige-informatie/#item_15340|Q: Where can I go to for psychosocial support? A: For an overview of where to go for psychosocial support, please see HIA (Mental Wellbeing): https://helpfulinformation.redcross.nl/ 

In addition, you can send them this folder about mental wellbeing (it's available in multiple languages): https://www.pharos.nl/kennisbank/als-je-stress-hebt-veel-denkt-en-slecht-slaapt-engels/

**IMPORTANT** In general when somebody is saying that he feels depressed, it is important that the PA receives good help from us. It can be important that they are helped by only one person and don’t get answers from different helpdesk agents. When you have the feeling that somebody is not feeling well, inform the Team Captain or piket about it, to see if she should take over the case.|Q: Do people have the right to get legal assistance? A: Everyone has the right to legal assistance, including people without a residence permit. A Juridisch Loket (legal help desk) can help with legal issues. Some cities have legal aid centres that provide assistance. Other relief organisations, such as VluchtelingenWerk (the Dutch Refugee Council), ASKV Refugee Support and Stek, also help people without residence permits.|Q: Where can somebody go if they want to request asylum for the first time? A: People that are looking for asylum can best go to VluchtelingenWerk for advice. VluchtelingenWerk also has a 
website where people can get information or get into contact with VluchtelingenWerk: www.refugeehelp.nl|Q: Who can help someone who has been rejected for asylum, but wants to try it again? A: People that have a negative decision on their asylum, might be able to get juridical help and in some cases temporary shelter. It is good to check with them what kind of help they already received, and where they are staying. In most cities there are organizations that can give juridical advice to people that are undocumented (and received a negative decision).
You can find information about this on HIA: https://helpfulinformation.redcross.nl/. In case there is no specialized organization close by, then it is best to send them to VluchtelingenWerk.",
Identify multilingual resources for sexual health info and infer how language options support diverse communities.,,"Multilingual resources for sexual health information include https://www.zanzu.de/nl/gezinsplanning-en-zwangerschap/ and https://www.zanzu.nl/nl/taalkeuze, which offer information in 13 different languages. Providing information in multiple languages ensures that diverse communities, including those who may not speak Dutch, can access essential sexual health guidance and support. This helps overcome language barriers and promotes inclusivity.","Q: Where can I go when I am pregnant? A: People who are undocumented have the right to see a midwife after they are pregnant for three months. Women who are pregnant also have the right to get shelter for the period of 6 weeks before the birth and 6 weeks after the birth. For a midwife, somebody doesn’t have to first see a doctor. So they can contact a midwife directly.

For an overview of where to go when you are pregnant, please see HIA (Pregnancy & Sexual Health): https://helpfulinformation.redcross.nl/ 

For more information about pregnancy in 13 different languages, see:
https://www.zanzu.de/nl/gezinsplanning-en-zwangerschap/|Q: Where can I go when I want to get an abortion? A: If your pregnancy wasn’t planned and you’re considering your options, abortion is a possibility. How abortion can be carried out depends on how far you are in the pregnancy. The costs are usually not reimbursed but there are options for you if you are unable to pay for it yourself. Please check HIA for more information (women) - https://helpfulinformation.redcross.nl/ |Q: Where can I go for physiotherapy? A: Since physiotherapy is in not in the basic health insurence, it is not compensated. This means somebody has to pay for it themselves. Somethimes special organizations can help. 

For an overview of where to find a physiotherapist and which special organizations can help with payment, please see HIA: https://helpfulinformation.redcross.nl/ 
|Q: Where can I go for information about or help with HIV, STD and birth control? A: For an overview of where to go to get more information or help with HIV, STD or birthcontrol, please see HIA (Health & Wellbeing): https://helpfulinformation.redcross.nl/ 

For more information about relationships, sexual health and pregnancy in 13 languages, see: https://www.zanzu.nl/nl/taalkeuze|Q: Where can I get medication? A: In case a PA needs medicine, they need a recipe from the doctor. So first check if the person has this. In case the person has a prescription, they can go to a pharmacy that has a contract with the CAK. They have to pay €5,- for the medicine.

Check which pharmacies are contracted with the CAK. You can find the list here: https://www.hetcak.nl/zakelijk/onverzekerbare-vreemdelingen/overige-informatie/#item_15340 

Please see HIA for an overview of the listed pharmacies per city: https://helpfulinformation.redcross.nl/ (health & wellbeing - medication)|Q: How can I get a repeat prescription? A: If somebody needs a repeat prescription, but doesn’t have the prescription anymore or used to get it in their home country, it can help to contact a contracted pharmacy directly to discuss this with them. Maybe they are willing to give it or they know a doctor where this person can go to. 

You can find the list of pharmacies contracted with the CAK here: https://www.hetcak.nl/zakelijk/onverzekerbare-vreemdelingen/overige-informatie/#item_15340|Q: Where can I go to for psychosocial support? A: For an overview of where to go for psychosocial support, please see HIA (Mental Wellbeing): https://helpfulinformation.redcross.nl/ 

In addition, you can send them this folder about mental wellbeing (it's available in multiple languages): https://www.pharos.nl/kennisbank/als-je-stress-hebt-veel-denkt-en-slecht-slaapt-engels/

**IMPORTANT** In general when somebody is saying that he feels depressed, it is important that the PA receives good help from us. It can be important that they are helped by only one person and don’t get answers from different helpdesk agents. When you have the feeling that somebody is not feeling well, inform the Team Captain or piket about it, to see if she should take over the case.|Q: Do people have the right to get legal assistance? A: Everyone has the right to legal assistance, including people without a residence permit. A Juridisch Loket (legal help desk) can help with legal issues. Some cities have legal aid centres that provide assistance. Other relief organisations, such as VluchtelingenWerk (the Dutch Refugee Council), ASKV Refugee Support and Stek, also help people without residence permits.|Q: Where can somebody go if they want to request asylum for the first time? A: People that are looking for asylum can best go to VluchtelingenWerk for advice. VluchtelingenWerk also has a 
website where people can get information or get into contact with VluchtelingenWerk: www.refugeehelp.nl|Q: Who can help someone who has been rejected for asylum, but wants to try it again? A: People that have a negative decision on their asylum, might be able to get juridical help and in some cases temporary shelter. It is good to check with them what kind of help they already received, and where they are staying. In most cities there are organizations that can give juridical advice to people that are undocumented (and received a negative decision).
You can find information about this on HIA: https://helpfulinformation.redcross.nl/. In case there is no specialized organization close by, then it is best to send them to VluchtelingenWerk.",
Which orgs assist with return to country of origin and provide info on legal procedures?,,"For assistance with returning to your country of origin, you can find information on HIA: https://helpfulinformation.redcross.nl/. For legal procedures, the Red Cross does not provide legal support but can refer you to the right organizations. For juridical advice, you can contact Stichting LOS: https://www.stichtinglos.nl/content/contact. For other legal questions not related to residence permits, you can go to the Juridisch Loket: https://www.juridischloket.nl/contact/.","Q: What are important support organizations for returning back to country of origin? A: There are different organizations that can help with return back to country of origin. You can find information about this on HIA: https://helpfulinformation.redcross.nl/|Q: What can the Red Cross do? A: The Red Cross does not provide legal support. We can only refer people to the right organizations that have more knowledge about the legal procedures.|Q: Which other organizations can be helpful? A: People can also contact the helpdesk of Stichting LOS if they want juridical advise: https://www.stichtinglos.nl/content/contact . For questions that have nothing to do with their residence permit / legal stay, they can also go to a Juridisch Loket: https://www.juridischloket.nl/contact/. |Q: Can I contact the police? A: Even without a residence permit or passport, you have the right to report a crime in the Netherlands without being deported immediately. If you are the victim of a crime in the Netherlands, you can always report it. The police are obliged to deal with every report.

**For internal use only:** Make sure that you stress that PA has the right to go to the police without being deported. Sometimes people don't know this, while they are a vulnerable group that can be a victim of crime more easily.

**Please note: the police also have the task of deporting undocumented migrants. Therefore, it is advisable for undocumented migrants to make an appointment with the police together with an aid worker. This is to avoid misunderstandings or unjustified deportation.**|Q: What does human trafficking entail? A: Human traffickers take advantage of the dependency of undocumented migrants. They are a vulnerable target group. Their lack of knowledge about their rights, precautions and available assistance makes them particularly vulnerable. Victims of human trafficking have often experienced degrading living and/or working conditions and a loss of control over their lives. This often leads to long-term psychological and physical problems.|Q: How can you spot human trafficking? A: * If people are forced to work in unsafe conditions, are paid far too little, or have to work extremely long hours, then this is exploitation.
* If exploitation is accompanied by coercion or is a result of deception, it may also be a case of human trafficking.
* Even if you do not have a residence permit or passport, you have rights in the Netherlands. You have the right to a fair wage and to file a report with the police if you are getting exploited.|Q: Who to contact if you think somebody is victim of Human trafficking? A: In case you think somebody is victim of human trafficking, then always discuss the case with piket or with your Team Captain.|Q: I have work problems (for example, I am not payed, I am not treated well) A: Also when people are undocumented, they still have work rights. 

For questions about labour rights you can share the flyer 'Know your rights when you work' with the person affected:
- [English](https://www.comensha.nl/media/rtbj5ggv/2026-know-your-rights-flyer-geen-verblijfsstatus-eng.pdf) 
- [Dutch](https://www.comensha.nl/media/lwvbm1sm/2026-know-your-rights-flyer-geen-verblijfsstatus-nl.pdf) 
- [Arabic](https://www.comensha.nl/media/y52f42oz/2026-know-your-rights-flyer-geen-verblijfsstatus-ar.pdf) 
- [Portuguese](https://www.comensha.nl/media/igqeeotx/2026-know-your-rights-flyer-geen-verblijfsstatus-po.pdf) 
- [French](https://www.comensha.nl/media/g5zl4y2t/2026-know-your-rights-flyer-geen-verblijfsstatus-fr.pdf) 
- [Spanish](https://www.comensha.nl/media/obpfh0nt/2026-know-your-rights-flyer-geen-verblijfsstatus-esp.pdf) 
- [Indonesian](https://www.comensha.nl/media/hablxzvb/2026-know-your-rights-flyer-geen-verblijfsstatus-bahasa.pdf) 
- [Tagalog](https://www.comensha.nl/media/skdj3gdb/2026-know-your-rights-flyer-geen-verblijfsstatus-tag.pdf)

An important organization that can help when people are mistreated is FairWork.FairWork is specialized in helping people who have problems at work and/or people who are affected by labour exploitation or human trafficking. If the PA shows signs of labour exploitation/human trafficking, you can ask the following questions:

- Can you tell me more about your work environment?
- Are the work conditions as you expected?
- Do you feel safe at work?
- Does your employer treat you badly?
- Are you being forced to do work against your will?

1. If the situation **does not seem urgent:** Send the contact information of FairWork as well as the flyer below. 
2. If the situation is serious and **needs a follow up:** You can make a warm referral: ask for permission to share the phone number of the PA with FairWork, so that the organisation can reach out to the PA directly. Explain to the PA what FairWork does and that someone from the organisation will reach out to them in the following days. If they give approval, contact your TC and explain the situation. They can contact FairWork.
3. If the situation **needs immediate attention:** Inform the TC and they will call FairWork themselves to request help for the PA immediately.

https://www.fairwork.nu/en/homepage/ 
Phone: +31 20 760 08 09
|Q: What can I do if I want to do volunteer work? A: Also volunteer work is complicated when somebody is undocumented. The Red Cross doesn’t provide this service in general for people that are undocumented (for example becoming a Ready 2 Helper is not possible), but sometimes districts can have ideas, especially when they are more familiar with giving support to people that are undocumented. Therefore, first check what kind of volunteer work somebody is looking for. See if there is information on HIA under the category 'Activities'. If not, send somebody to day shelters, because there they work with volunteers or can advise somebody. Or you can also check with a district if they have ideas. 

Example of a message:

*It is really great that you want to do volunteer work. Unfortunately the Red Cross cannot work with volunteers without BSN. I am sorry about that. But I can think with you about what options there are. Can you therefore tell me a bit more about the work you would like to do? And where you are staying?*|Q: Do childeren that are UM have the right to get education? A: Children are even required to attend school until the age of 18! Children aged 5 to 18 must go to school until they have achieved a basic qualification (havo, vwo or mbo diploma level 2 or higher [Dutch school certificates]). Even if your child does not have a residence permit, they are still required to attend school. Children can register at all schools. Public schools are not allowed to refuse them. Special schools (such as Christian or Islamic schools) can. School education is free. In some cities, the Leergeld foundation (https://www.leergeld.nl/) provides assistance in paying for tutoring, laptops and school trips.",
"If someone urgently needs to return home, which orgs could assist with info and support?",,"If someone urgently needs to return to their country of origin, they can find information and support through HIA: https://helpfulinformation.redcross.nl/. The Red Cross can refer people to the right organizations but does not provide legal support. For legal advice, Stichting LOS can be contacted: https://www.stichtinglos.nl/content/contact. For non-legal questions, the Juridisch Loket is also available: https://www.juridischloket.nl/contact/.","Q: What are important support organizations for returning back to country of origin? A: There are different organizations that can help with return back to country of origin. You can find information about this on HIA: https://helpfulinformation.redcross.nl/|Q: What can the Red Cross do? A: The Red Cross does not provide legal support. We can only refer people to the right organizations that have more knowledge about the legal procedures.|Q: Which other organizations can be helpful? A: People can also contact the helpdesk of Stichting LOS if they want juridical advise: https://www.stichtinglos.nl/content/contact . For questions that have nothing to do with their residence permit / legal stay, they can also go to a Juridisch Loket: https://www.juridischloket.nl/contact/. |Q: Can I contact the police? A: Even without a residence permit or passport, you have the right to report a crime in the Netherlands without being deported immediately. If you are the victim of a crime in the Netherlands, you can always report it. The police are obliged to deal with every report.

**For internal use only:** Make sure that you stress that PA has the right to go to the police without being deported. Sometimes people don't know this, while they are a vulnerable group that can be a victim of crime more easily.

**Please note: the police also have the task of deporting undocumented migrants. Therefore, it is advisable for undocumented migrants to make an appointment with the police together with an aid worker. This is to avoid misunderstandings or unjustified deportation.**|Q: What does human trafficking entail? A: Human traffickers take advantage of the dependency of undocumented migrants. They are a vulnerable target group. Their lack of knowledge about their rights, precautions and available assistance makes them particularly vulnerable. Victims of human trafficking have often experienced degrading living and/or working conditions and a loss of control over their lives. This often leads to long-term psychological and physical problems.|Q: How can you spot human trafficking? A: * If people are forced to work in unsafe conditions, are paid far too little, or have to work extremely long hours, then this is exploitation.
* If exploitation is accompanied by coercion or is a result of deception, it may also be a case of human trafficking.
* Even if you do not have a residence permit or passport, you have rights in the Netherlands. You have the right to a fair wage and to file a report with the police if you are getting exploited.|Q: Who to contact if you think somebody is victim of Human trafficking? A: In case you think somebody is victim of human trafficking, then always discuss the case with piket or with your Team Captain.|Q: I have work problems (for example, I am not payed, I am not treated well) A: Also when people are undocumented, they still have work rights. 

For questions about labour rights you can share the flyer 'Know your rights when you work' with the person affected:
- [English](https://www.comensha.nl/media/rtbj5ggv/2026-know-your-rights-flyer-geen-verblijfsstatus-eng.pdf) 
- [Dutch](https://www.comensha.nl/media/lwvbm1sm/2026-know-your-rights-flyer-geen-verblijfsstatus-nl.pdf) 
- [Arabic](https://www.comensha.nl/media/y52f42oz/2026-know-your-rights-flyer-geen-verblijfsstatus-ar.pdf) 
- [Portuguese](https://www.comensha.nl/media/igqeeotx/2026-know-your-rights-flyer-geen-verblijfsstatus-po.pdf) 
- [French](https://www.comensha.nl/media/g5zl4y2t/2026-know-your-rights-flyer-geen-verblijfsstatus-fr.pdf) 
- [Spanish](https://www.comensha.nl/media/obpfh0nt/2026-know-your-rights-flyer-geen-verblijfsstatus-esp.pdf) 
- [Indonesian](https://www.comensha.nl/media/hablxzvb/2026-know-your-rights-flyer-geen-verblijfsstatus-bahasa.pdf) 
- [Tagalog](https://www.comensha.nl/media/skdj3gdb/2026-know-your-rights-flyer-geen-verblijfsstatus-tag.pdf)

An important organization that can help when people are mistreated is FairWork.FairWork is specialized in helping people who have problems at work and/or people who are affected by labour exploitation or human trafficking. If the PA shows signs of labour exploitation/human trafficking, you can ask the following questions:

- Can you tell me more about your work environment?
- Are the work conditions as you expected?
- Do you feel safe at work?
- Does your employer treat you badly?
- Are you being forced to do work against your will?

1. If the situation **does not seem urgent:** Send the contact information of FairWork as well as the flyer below. 
2. If the situation is serious and **needs a follow up:** You can make a warm referral: ask for permission to share the phone number of the PA with FairWork, so that the organisation can reach out to the PA directly. Explain to the PA what FairWork does and that someone from the organisation will reach out to them in the following days. If they give approval, contact your TC and explain the situation. They can contact FairWork.
3. If the situation **needs immediate attention:** Inform the TC and they will call FairWork themselves to request help for the PA immediately.

https://www.fairwork.nu/en/homepage/ 
Phone: +31 20 760 08 09
|Q: What can I do if I want to do volunteer work? A: Also volunteer work is complicated when somebody is undocumented. The Red Cross doesn’t provide this service in general for people that are undocumented (for example becoming a Ready 2 Helper is not possible), but sometimes districts can have ideas, especially when they are more familiar with giving support to people that are undocumented. Therefore, first check what kind of volunteer work somebody is looking for. See if there is information on HIA under the category 'Activities'. If not, send somebody to day shelters, because there they work with volunteers or can advise somebody. Or you can also check with a district if they have ideas. 

Example of a message:

*It is really great that you want to do volunteer work. Unfortunately the Red Cross cannot work with volunteers without BSN. I am sorry about that. But I can think with you about what options there are. Can you therefore tell me a bit more about the work you would like to do? And where you are staying?*|Q: Do childeren that are UM have the right to get education? A: Children are even required to attend school until the age of 18! Children aged 5 to 18 must go to school until they have achieved a basic qualification (havo, vwo or mbo diploma level 2 or higher [Dutch school certificates]). Even if your child does not have a residence permit, they are still required to attend school. Children can register at all schools. Public schools are not allowed to refuse them. Special schools (such as Christian or Islamic schools) can. School education is free. In some cities, the Leergeld foundation (https://www.leergeld.nl/) provides assistance in paying for tutoring, laptops and school trips.",
"Which orgs does the Red Cross refer to for juridical advice, residence permit, or labor rights issues?",,"The Red Cross refers people to Stichting LOS (https://www.stichtinglos.nl/content/contact) for juridical advice and questions about residence permits. For general legal questions not related to residence permits, you can contact the Juridisch Loket (https://www.juridischloket.nl/contact/). For labor rights issues, including problems at work or labor exploitation, the Red Cross refers to FairWork (https://www.fairwork.nu/en/homepage/). Additionally, you can share the 'Know your rights when you work' flyer in various languages for information about labor rights.","Q: What are important support organizations for returning back to country of origin? A: There are different organizations that can help with return back to country of origin. You can find information about this on HIA: https://helpfulinformation.redcross.nl/|Q: What can the Red Cross do? A: The Red Cross does not provide legal support. We can only refer people to the right organizations that have more knowledge about the legal procedures.|Q: Which other organizations can be helpful? A: People can also contact the helpdesk of Stichting LOS if they want juridical advise: https://www.stichtinglos.nl/content/contact . For questions that have nothing to do with their residence permit / legal stay, they can also go to a Juridisch Loket: https://www.juridischloket.nl/contact/. |Q: Can I contact the police? A: Even without a residence permit or passport, you have the right to report a crime in the Netherlands without being deported immediately. If you are the victim of a crime in the Netherlands, you can always report it. The police are obliged to deal with every report.

**For internal use only:** Make sure that you stress that PA has the right to go to the police without being deported. Sometimes people don't know this, while they are a vulnerable group that can be a victim of crime more easily.

**Please note: the police also have the task of deporting undocumented migrants. Therefore, it is advisable for undocumented migrants to make an appointment with the police together with an aid worker. This is to avoid misunderstandings or unjustified deportation.**|Q: What does human trafficking entail? A: Human traffickers take advantage of the dependency of undocumented migrants. They are a vulnerable target group. Their lack of knowledge about their rights, precautions and available assistance makes them particularly vulnerable. Victims of human trafficking have often experienced degrading living and/or working conditions and a loss of control over their lives. This often leads to long-term psychological and physical problems.|Q: How can you spot human trafficking? A: * If people are forced to work in unsafe conditions, are paid far too little, or have to work extremely long hours, then this is exploitation.
* If exploitation is accompanied by coercion or is a result of deception, it may also be a case of human trafficking.
* Even if you do not have a residence permit or passport, you have rights in the Netherlands. You have the right to a fair wage and to file a report with the police if you are getting exploited.|Q: Who to contact if you think somebody is victim of Human trafficking? A: In case you think somebody is victim of human trafficking, then always discuss the case with piket or with your Team Captain.|Q: I have work problems (for example, I am not payed, I am not treated well) A: Also when people are undocumented, they still have work rights. 

For questions about labour rights you can share the flyer 'Know your rights when you work' with the person affected:
- [English](https://www.comensha.nl/media/rtbj5ggv/2026-know-your-rights-flyer-geen-verblijfsstatus-eng.pdf) 
- [Dutch](https://www.comensha.nl/media/lwvbm1sm/2026-know-your-rights-flyer-geen-verblijfsstatus-nl.pdf) 
- [Arabic](https://www.comensha.nl/media/y52f42oz/2026-know-your-rights-flyer-geen-verblijfsstatus-ar.pdf) 
- [Portuguese](https://www.comensha.nl/media/igqeeotx/2026-know-your-rights-flyer-geen-verblijfsstatus-po.pdf) 
- [French](https://www.comensha.nl/media/g5zl4y2t/2026-know-your-rights-flyer-geen-verblijfsstatus-fr.pdf) 
- [Spanish](https://www.comensha.nl/media/obpfh0nt/2026-know-your-rights-flyer-geen-verblijfsstatus-esp.pdf) 
- [Indonesian](https://www.comensha.nl/media/hablxzvb/2026-know-your-rights-flyer-geen-verblijfsstatus-bahasa.pdf) 
- [Tagalog](https://www.comensha.nl/media/skdj3gdb/2026-know-your-rights-flyer-geen-verblijfsstatus-tag.pdf)

An important organization that can help when people are mistreated is FairWork.FairWork is specialized in helping people who have problems at work and/or people who are affected by labour exploitation or human trafficking. If the PA shows signs of labour exploitation/human trafficking, you can ask the following questions:

- Can you tell me more about your work environment?
- Are the work conditions as you expected?
- Do you feel safe at work?
- Does your employer treat you badly?
- Are you being forced to do work against your will?

1. If the situation **does not seem urgent:** Send the contact information of FairWork as well as the flyer below. 
2. If the situation is serious and **needs a follow up:** You can make a warm referral: ask for permission to share the phone number of the PA with FairWork, so that the organisation can reach out to the PA directly. Explain to the PA what FairWork does and that someone from the organisation will reach out to them in the following days. If they give approval, contact your TC and explain the situation. They can contact FairWork.
3. If the situation **needs immediate attention:** Inform the TC and they will call FairWork themselves to request help for the PA immediately.

https://www.fairwork.nu/en/homepage/ 
Phone: +31 20 760 08 09
|Q: What can I do if I want to do volunteer work? A: Also volunteer work is complicated when somebody is undocumented. The Red Cross doesn’t provide this service in general for people that are undocumented (for example becoming a Ready 2 Helper is not possible), but sometimes districts can have ideas, especially when they are more familiar with giving support to people that are undocumented. Therefore, first check what kind of volunteer work somebody is looking for. See if there is information on HIA under the category 'Activities'. If not, send somebody to day shelters, because there they work with volunteers or can advise somebody. Or you can also check with a district if they have ideas. 

Example of a message:

*It is really great that you want to do volunteer work. Unfortunately the Red Cross cannot work with volunteers without BSN. I am sorry about that. But I can think with you about what options there are. Can you therefore tell me a bit more about the work you would like to do? And where you are staying?*|Q: Do childeren that are UM have the right to get education? A: Children are even required to attend school until the age of 18! Children aged 5 to 18 must go to school until they have achieved a basic qualification (havo, vwo or mbo diploma level 2 or higher [Dutch school certificates]). Even if your child does not have a residence permit, they are still required to attend school. Children can register at all schools. Public schools are not allowed to refuse them. Special schools (such as Christian or Islamic schools) can. School education is free. In some cities, the Leergeld foundation (https://www.leergeld.nl/) provides assistance in paying for tutoring, laptops and school trips.",
Suppose an undocumented person faces legal trouble. Which orgs could assist with juridical advice?,,"If an undocumented person needs juridical advice, they can contact the helpdesk of Stichting LOS: https://www.stichtinglos.nl/content/contact. For questions not related to residence permits or legal stay, they can also go to a Juridisch Loket: https://www.juridischloket.nl/contact/. The Red Cross does not provide legal support but can refer people to these organizations.","Q: What are important support organizations for returning back to country of origin? A: There are different organizations that can help with return back to country of origin. You can find information about this on HIA: https://helpfulinformation.redcross.nl/|Q: What can the Red Cross do? A: The Red Cross does not provide legal support. We can only refer people to the right organizations that have more knowledge about the legal procedures.|Q: Which other organizations can be helpful? A: People can also contact the helpdesk of Stichting LOS if they want juridical advise: https://www.stichtinglos.nl/content/contact . For questions that have nothing to do with their residence permit / legal stay, they can also go to a Juridisch Loket: https://www.juridischloket.nl/contact/. |Q: Can I contact the police? A: Even without a residence permit or passport, you have the right to report a crime in the Netherlands without being deported immediately. If you are the victim of a crime in the Netherlands, you can always report it. The police are obliged to deal with every report.

**For internal use only:** Make sure that you stress that PA has the right to go to the police without being deported. Sometimes people don't know this, while they are a vulnerable group that can be a victim of crime more easily.

**Please note: the police also have the task of deporting undocumented migrants. Therefore, it is advisable for undocumented migrants to make an appointment with the police together with an aid worker. This is to avoid misunderstandings or unjustified deportation.**|Q: What does human trafficking entail? A: Human traffickers take advantage of the dependency of undocumented migrants. They are a vulnerable target group. Their lack of knowledge about their rights, precautions and available assistance makes them particularly vulnerable. Victims of human trafficking have often experienced degrading living and/or working conditions and a loss of control over their lives. This often leads to long-term psychological and physical problems.|Q: How can you spot human trafficking? A: * If people are forced to work in unsafe conditions, are paid far too little, or have to work extremely long hours, then this is exploitation.
* If exploitation is accompanied by coercion or is a result of deception, it may also be a case of human trafficking.
* Even if you do not have a residence permit or passport, you have rights in the Netherlands. You have the right to a fair wage and to file a report with the police if you are getting exploited.|Q: Who to contact if you think somebody is victim of Human trafficking? A: In case you think somebody is victim of human trafficking, then always discuss the case with piket or with your Team Captain.|Q: I have work problems (for example, I am not payed, I am not treated well) A: Also when people are undocumented, they still have work rights. 

For questions about labour rights you can share the flyer 'Know your rights when you work' with the person affected:
- [English](https://www.comensha.nl/media/rtbj5ggv/2026-know-your-rights-flyer-geen-verblijfsstatus-eng.pdf) 
- [Dutch](https://www.comensha.nl/media/lwvbm1sm/2026-know-your-rights-flyer-geen-verblijfsstatus-nl.pdf) 
- [Arabic](https://www.comensha.nl/media/y52f42oz/2026-know-your-rights-flyer-geen-verblijfsstatus-ar.pdf) 
- [Portuguese](https://www.comensha.nl/media/igqeeotx/2026-know-your-rights-flyer-geen-verblijfsstatus-po.pdf) 
- [French](https://www.comensha.nl/media/g5zl4y2t/2026-know-your-rights-flyer-geen-verblijfsstatus-fr.pdf) 
- [Spanish](https://www.comensha.nl/media/obpfh0nt/2026-know-your-rights-flyer-geen-verblijfsstatus-esp.pdf) 
- [Indonesian](https://www.comensha.nl/media/hablxzvb/2026-know-your-rights-flyer-geen-verblijfsstatus-bahasa.pdf) 
- [Tagalog](https://www.comensha.nl/media/skdj3gdb/2026-know-your-rights-flyer-geen-verblijfsstatus-tag.pdf)

An important organization that can help when people are mistreated is FairWork.FairWork is specialized in helping people who have problems at work and/or people who are affected by labour exploitation or human trafficking. If the PA shows signs of labour exploitation/human trafficking, you can ask the following questions:

- Can you tell me more about your work environment?
- Are the work conditions as you expected?
- Do you feel safe at work?
- Does your employer treat you badly?
- Are you being forced to do work against your will?

1. If the situation **does not seem urgent:** Send the contact information of FairWork as well as the flyer below. 
2. If the situation is serious and **needs a follow up:** You can make a warm referral: ask for permission to share the phone number of the PA with FairWork, so that the organisation can reach out to the PA directly. Explain to the PA what FairWork does and that someone from the organisation will reach out to them in the following days. If they give approval, contact your TC and explain the situation. They can contact FairWork.
3. If the situation **needs immediate attention:** Inform the TC and they will call FairWork themselves to request help for the PA immediately.

https://www.fairwork.nu/en/homepage/ 
Phone: +31 20 760 08 09
|Q: What can I do if I want to do volunteer work? A: Also volunteer work is complicated when somebody is undocumented. The Red Cross doesn’t provide this service in general for people that are undocumented (for example becoming a Ready 2 Helper is not possible), but sometimes districts can have ideas, especially when they are more familiar with giving support to people that are undocumented. Therefore, first check what kind of volunteer work somebody is looking for. See if there is information on HIA under the category 'Activities'. If not, send somebody to day shelters, because there they work with volunteers or can advise somebody. Or you can also check with a district if they have ideas. 

Example of a message:

*It is really great that you want to do volunteer work. Unfortunately the Red Cross cannot work with volunteers without BSN. I am sorry about that. But I can think with you about what options there are. Can you therefore tell me a bit more about the work you would like to do? And where you are staying?*|Q: Do childeren that are UM have the right to get education? A: Children are even required to attend school until the age of 18! Children aged 5 to 18 must go to school until they have achieved a basic qualification (havo, vwo or mbo diploma level 2 or higher [Dutch school certificates]). Even if your child does not have a residence permit, they are still required to attend school. Children can register at all schools. Public schools are not allowed to refuse them. Special schools (such as Christian or Islamic schools) can. School education is free. In some cities, the Leergeld foundation (https://www.leergeld.nl/) provides assistance in paying for tutoring, laptops and school trips.",
Can undocumented migrants access specialized legal aid for complex residency disputes via Stichting LOS?,,"Yes, undocumented migrants can contact Stichting LOS for juridical advice, including complex residency disputes. Stichting LOS has a helpdesk specifically for legal questions: https://www.stichtinglos.nl/content/contact. For other legal matters not related to residence permits, they can also contact the Juridisch Loket: https://www.juridischloket.nl/contact/.","Q: What are important support organizations for returning back to country of origin? A: There are different organizations that can help with return back to country of origin. You can find information about this on HIA: https://helpfulinformation.redcross.nl/|Q: What can the Red Cross do? A: The Red Cross does not provide legal support. We can only refer people to the right organizations that have more knowledge about the legal procedures.|Q: Which other organizations can be helpful? A: People can also contact the helpdesk of Stichting LOS if they want juridical advise: https://www.stichtinglos.nl/content/contact . For questions that have nothing to do with their residence permit / legal stay, they can also go to a Juridisch Loket: https://www.juridischloket.nl/contact/. |Q: Can I contact the police? A: Even without a residence permit or passport, you have the right to report a crime in the Netherlands without being deported immediately. If you are the victim of a crime in the Netherlands, you can always report it. The police are obliged to deal with every report.

**For internal use only:** Make sure that you stress that PA has the right to go to the police without being deported. Sometimes people don't know this, while they are a vulnerable group that can be a victim of crime more easily.

**Please note: the police also have the task of deporting undocumented migrants. Therefore, it is advisable for undocumented migrants to make an appointment with the police together with an aid worker. This is to avoid misunderstandings or unjustified deportation.**|Q: What does human trafficking entail? A: Human traffickers take advantage of the dependency of undocumented migrants. They are a vulnerable target group. Their lack of knowledge about their rights, precautions and available assistance makes them particularly vulnerable. Victims of human trafficking have often experienced degrading living and/or working conditions and a loss of control over their lives. This often leads to long-term psychological and physical problems.|Q: How can you spot human trafficking? A: * If people are forced to work in unsafe conditions, are paid far too little, or have to work extremely long hours, then this is exploitation.
* If exploitation is accompanied by coercion or is a result of deception, it may also be a case of human trafficking.
* Even if you do not have a residence permit or passport, you have rights in the Netherlands. You have the right to a fair wage and to file a report with the police if you are getting exploited.|Q: Who to contact if you think somebody is victim of Human trafficking? A: In case you think somebody is victim of human trafficking, then always discuss the case with piket or with your Team Captain.|Q: I have work problems (for example, I am not payed, I am not treated well) A: Also when people are undocumented, they still have work rights. 

For questions about labour rights you can share the flyer 'Know your rights when you work' with the person affected:
- [English](https://www.comensha.nl/media/rtbj5ggv/2026-know-your-rights-flyer-geen-verblijfsstatus-eng.pdf) 
- [Dutch](https://www.comensha.nl/media/lwvbm1sm/2026-know-your-rights-flyer-geen-verblijfsstatus-nl.pdf) 
- [Arabic](https://www.comensha.nl/media/y52f42oz/2026-know-your-rights-flyer-geen-verblijfsstatus-ar.pdf) 
- [Portuguese](https://www.comensha.nl/media/igqeeotx/2026-know-your-rights-flyer-geen-verblijfsstatus-po.pdf) 
- [French](https://www.comensha.nl/media/g5zl4y2t/2026-know-your-rights-flyer-geen-verblijfsstatus-fr.pdf) 
- [Spanish](https://www.comensha.nl/media/obpfh0nt/2026-know-your-rights-flyer-geen-verblijfsstatus-esp.pdf) 
- [Indonesian](https://www.comensha.nl/media/hablxzvb/2026-know-your-rights-flyer-geen-verblijfsstatus-bahasa.pdf) 
- [Tagalog](https://www.comensha.nl/media/skdj3gdb/2026-know-your-rights-flyer-geen-verblijfsstatus-tag.pdf)

An important organization that can help when people are mistreated is FairWork.FairWork is specialized in helping people who have problems at work and/or people who are affected by labour exploitation or human trafficking. If the PA shows signs of labour exploitation/human trafficking, you can ask the following questions:

- Can you tell me more about your work environment?
- Are the work conditions as you expected?
- Do you feel safe at work?
- Does your employer treat you badly?
- Are you being forced to do work against your will?

1. If the situation **does not seem urgent:** Send the contact information of FairWork as well as the flyer below. 
2. If the situation is serious and **needs a follow up:** You can make a warm referral: ask for permission to share the phone number of the PA with FairWork, so that the organisation can reach out to the PA directly. Explain to the PA what FairWork does and that someone from the organisation will reach out to them in the following days. If they give approval, contact your TC and explain the situation. They can contact FairWork.
3. If the situation **needs immediate attention:** Inform the TC and they will call FairWork themselves to request help for the PA immediately.

https://www.fairwork.nu/en/homepage/ 
Phone: +31 20 760 08 09
|Q: What can I do if I want to do volunteer work? A: Also volunteer work is complicated when somebody is undocumented. The Red Cross doesn’t provide this service in general for people that are undocumented (for example becoming a Ready 2 Helper is not possible), but sometimes districts can have ideas, especially when they are more familiar with giving support to people that are undocumented. Therefore, first check what kind of volunteer work somebody is looking for. See if there is information on HIA under the category 'Activities'. If not, send somebody to day shelters, because there they work with volunteers or can advise somebody. Or you can also check with a district if they have ideas. 

Example of a message:

*It is really great that you want to do volunteer work. Unfortunately the Red Cross cannot work with volunteers without BSN. I am sorry about that. But I can think with you about what options there are. Can you therefore tell me a bit more about the work you would like to do? And where you are staying?*|Q: Do childeren that are UM have the right to get education? A: Children are even required to attend school until the age of 18! Children aged 5 to 18 must go to school until they have achieved a basic qualification (havo, vwo or mbo diploma level 2 or higher [Dutch school certificates]). Even if your child does not have a residence permit, they are still required to attend school. Children can register at all schools. Public schools are not allowed to refuse them. Special schools (such as Christian or Islamic schools) can. School education is free. In some cities, the Leergeld foundation (https://www.leergeld.nl/) provides assistance in paying for tutoring, laptops and school trips.",
How can undocumented migrants safely report crimes to Dutch police without risking immediate deportation?,,"Undocumented migrants have the right to report a crime to the Dutch police without being deported immediately. The police are obliged to handle every report, even if you do not have a residence permit or passport. However, since the police also have the task of deporting undocumented migrants, it is advisable to make an appointment with the police together with an aid worker. This helps avoid misunderstandings or unjustified deportation.","Q: What are important support organizations for returning back to country of origin? A: There are different organizations that can help with return back to country of origin. You can find information about this on HIA: https://helpfulinformation.redcross.nl/|Q: What can the Red Cross do? A: The Red Cross does not provide legal support. We can only refer people to the right organizations that have more knowledge about the legal procedures.|Q: Which other organizations can be helpful? A: People can also contact the helpdesk of Stichting LOS if they want juridical advise: https://www.stichtinglos.nl/content/contact . For questions that have nothing to do with their residence permit / legal stay, they can also go to a Juridisch Loket: https://www.juridischloket.nl/contact/. |Q: Can I contact the police? A: Even without a residence permit or passport, you have the right to report a crime in the Netherlands without being deported immediately. If you are the victim of a crime in the Netherlands, you can always report it. The police are obliged to deal with every report.

**For internal use only:** Make sure that you stress that PA has the right to go to the police without being deported. Sometimes people don't know this, while they are a vulnerable group that can be a victim of crime more easily.

**Please note: the police also have the task of deporting undocumented migrants. Therefore, it is advisable for undocumented migrants to make an appointment with the police together with an aid worker. This is to avoid misunderstandings or unjustified deportation.**|Q: What does human trafficking entail? A: Human traffickers take advantage of the dependency of undocumented migrants. They are a vulnerable target group. Their lack of knowledge about their rights, precautions and available assistance makes them particularly vulnerable. Victims of human trafficking have often experienced degrading living and/or working conditions and a loss of control over their lives. This often leads to long-term psychological and physical problems.|Q: How can you spot human trafficking? A: * If people are forced to work in unsafe conditions, are paid far too little, or have to work extremely long hours, then this is exploitation.
* If exploitation is accompanied by coercion or is a result of deception, it may also be a case of human trafficking.
* Even if you do not have a residence permit or passport, you have rights in the Netherlands. You have the right to a fair wage and to file a report with the police if you are getting exploited.|Q: Who to contact if you think somebody is victim of Human trafficking? A: In case you think somebody is victim of human trafficking, then always discuss the case with piket or with your Team Captain.|Q: I have work problems (for example, I am not payed, I am not treated well) A: Also when people are undocumented, they still have work rights. 

For questions about labour rights you can share the flyer 'Know your rights when you work' with the person affected:
- [English](https://www.comensha.nl/media/rtbj5ggv/2026-know-your-rights-flyer-geen-verblijfsstatus-eng.pdf) 
- [Dutch](https://www.comensha.nl/media/lwvbm1sm/2026-know-your-rights-flyer-geen-verblijfsstatus-nl.pdf) 
- [Arabic](https://www.comensha.nl/media/y52f42oz/2026-know-your-rights-flyer-geen-verblijfsstatus-ar.pdf) 
- [Portuguese](https://www.comensha.nl/media/igqeeotx/2026-know-your-rights-flyer-geen-verblijfsstatus-po.pdf) 
- [French](https://www.comensha.nl/media/g5zl4y2t/2026-know-your-rights-flyer-geen-verblijfsstatus-fr.pdf) 
- [Spanish](https://www.comensha.nl/media/obpfh0nt/2026-know-your-rights-flyer-geen-verblijfsstatus-esp.pdf) 
- [Indonesian](https://www.comensha.nl/media/hablxzvb/2026-know-your-rights-flyer-geen-verblijfsstatus-bahasa.pdf) 
- [Tagalog](https://www.comensha.nl/media/skdj3gdb/2026-know-your-rights-flyer-geen-verblijfsstatus-tag.pdf)

An important organization that can help when people are mistreated is FairWork.FairWork is specialized in helping people who have problems at work and/or people who are affected by labour exploitation or human trafficking. If the PA shows signs of labour exploitation/human trafficking, you can ask the following questions:

- Can you tell me more about your work environment?
- Are the work conditions as you expected?
- Do you feel safe at work?
- Does your employer treat you badly?
- Are you being forced to do work against your will?

1. If the situation **does not seem urgent:** Send the contact information of FairWork as well as the flyer below. 
2. If the situation is serious and **needs a follow up:** You can make a warm referral: ask for permission to share the phone number of the PA with FairWork, so that the organisation can reach out to the PA directly. Explain to the PA what FairWork does and that someone from the organisation will reach out to them in the following days. If they give approval, contact your TC and explain the situation. They can contact FairWork.
3. If the situation **needs immediate attention:** Inform the TC and they will call FairWork themselves to request help for the PA immediately.

https://www.fairwork.nu/en/homepage/ 
Phone: +31 20 760 08 09
|Q: What can I do if I want to do volunteer work? A: Also volunteer work is complicated when somebody is undocumented. The Red Cross doesn’t provide this service in general for people that are undocumented (for example becoming a Ready 2 Helper is not possible), but sometimes districts can have ideas, especially when they are more familiar with giving support to people that are undocumented. Therefore, first check what kind of volunteer work somebody is looking for. See if there is information on HIA under the category 'Activities'. If not, send somebody to day shelters, because there they work with volunteers or can advise somebody. Or you can also check with a district if they have ideas. 

Example of a message:

*It is really great that you want to do volunteer work. Unfortunately the Red Cross cannot work with volunteers without BSN. I am sorry about that. But I can think with you about what options there are. Can you therefore tell me a bit more about the work you would like to do? And where you are staying?*|Q: Do childeren that are UM have the right to get education? A: Children are even required to attend school until the age of 18! Children aged 5 to 18 must go to school until they have achieved a basic qualification (havo, vwo or mbo diploma level 2 or higher [Dutch school certificates]). Even if your child does not have a residence permit, they are still required to attend school. Children can register at all schools. Public schools are not allowed to refuse them. Special schools (such as Christian or Islamic schools) can. School education is free. In some cities, the Leergeld foundation (https://www.leergeld.nl/) provides assistance in paying for tutoring, laptops and school trips.",
Can undocumented migrants in NL report crimes to police without risk of immediate deportation?,,"Yes, undocumented migrants in the Netherlands have the right to report a crime to the police without being deported immediately. The police are obliged to handle every report, even if you do not have a residence permit or passport. However, since the police also have the task of deporting undocumented migrants, it is advisable to make an appointment with the police together with an aid worker to avoid misunderstandings or unjustified deportation.","Q: What are important support organizations for returning back to country of origin? A: There are different organizations that can help with return back to country of origin. You can find information about this on HIA: https://helpfulinformation.redcross.nl/|Q: What can the Red Cross do? A: The Red Cross does not provide legal support. We can only refer people to the right organizations that have more knowledge about the legal procedures.|Q: Which other organizations can be helpful? A: People can also contact the helpdesk of Stichting LOS if they want juridical advise: https://www.stichtinglos.nl/content/contact . For questions that have nothing to do with their residence permit / legal stay, they can also go to a Juridisch Loket: https://www.juridischloket.nl/contact/. |Q: Can I contact the police? A: Even without a residence permit or passport, you have the right to report a crime in the Netherlands without being deported immediately. If you are the victim of a crime in the Netherlands, you can always report it. The police are obliged to deal with every report.

**For internal use only:** Make sure that you stress that PA has the right to go to the police without being deported. Sometimes people don't know this, while they are a vulnerable group that can be a victim of crime more easily.

**Please note: the police also have the task of deporting undocumented migrants. Therefore, it is advisable for undocumented migrants to make an appointment with the police together with an aid worker. This is to avoid misunderstandings or unjustified deportation.**|Q: What does human trafficking entail? A: Human traffickers take advantage of the dependency of undocumented migrants. They are a vulnerable target group. Their lack of knowledge about their rights, precautions and available assistance makes them particularly vulnerable. Victims of human trafficking have often experienced degrading living and/or working conditions and a loss of control over their lives. This often leads to long-term psychological and physical problems.|Q: How can you spot human trafficking? A: * If people are forced to work in unsafe conditions, are paid far too little, or have to work extremely long hours, then this is exploitation.
* If exploitation is accompanied by coercion or is a result of deception, it may also be a case of human trafficking.
* Even if you do not have a residence permit or passport, you have rights in the Netherlands. You have the right to a fair wage and to file a report with the police if you are getting exploited.|Q: Who to contact if you think somebody is victim of Human trafficking? A: In case you think somebody is victim of human trafficking, then always discuss the case with piket or with your Team Captain.|Q: I have work problems (for example, I am not payed, I am not treated well) A: Also when people are undocumented, they still have work rights. 

For questions about labour rights you can share the flyer 'Know your rights when you work' with the person affected:
- [English](https://www.comensha.nl/media/rtbj5ggv/2026-know-your-rights-flyer-geen-verblijfsstatus-eng.pdf) 
- [Dutch](https://www.comensha.nl/media/lwvbm1sm/2026-know-your-rights-flyer-geen-verblijfsstatus-nl.pdf) 
- [Arabic](https://www.comensha.nl/media/y52f42oz/2026-know-your-rights-flyer-geen-verblijfsstatus-ar.pdf) 
- [Portuguese](https://www.comensha.nl/media/igqeeotx/2026-know-your-rights-flyer-geen-verblijfsstatus-po.pdf) 
- [French](https://www.comensha.nl/media/g5zl4y2t/2026-know-your-rights-flyer-geen-verblijfsstatus-fr.pdf) 
- [Spanish](https://www.comensha.nl/media/obpfh0nt/2026-know-your-rights-flyer-geen-verblijfsstatus-esp.pdf) 
- [Indonesian](https://www.comensha.nl/media/hablxzvb/2026-know-your-rights-flyer-geen-verblijfsstatus-bahasa.pdf) 
- [Tagalog](https://www.comensha.nl/media/skdj3gdb/2026-know-your-rights-flyer-geen-verblijfsstatus-tag.pdf)

An important organization that can help when people are mistreated is FairWork.FairWork is specialized in helping people who have problems at work and/or people who are affected by labour exploitation or human trafficking. If the PA shows signs of labour exploitation/human trafficking, you can ask the following questions:

- Can you tell me more about your work environment?
- Are the work conditions as you expected?
- Do you feel safe at work?
- Does your employer treat you badly?
- Are you being forced to do work against your will?

1. If the situation **does not seem urgent:** Send the contact information of FairWork as well as the flyer below. 
2. If the situation is serious and **needs a follow up:** You can make a warm referral: ask for permission to share the phone number of the PA with FairWork, so that the organisation can reach out to the PA directly. Explain to the PA what FairWork does and that someone from the organisation will reach out to them in the following days. If they give approval, contact your TC and explain the situation. They can contact FairWork.
3. If the situation **needs immediate attention:** Inform the TC and they will call FairWork themselves to request help for the PA immediately.

https://www.fairwork.nu/en/homepage/ 
Phone: +31 20 760 08 09
|Q: What can I do if I want to do volunteer work? A: Also volunteer work is complicated when somebody is undocumented. The Red Cross doesn’t provide this service in general for people that are undocumented (for example becoming a Ready 2 Helper is not possible), but sometimes districts can have ideas, especially when they are more familiar with giving support to people that are undocumented. Therefore, first check what kind of volunteer work somebody is looking for. See if there is information on HIA under the category 'Activities'. If not, send somebody to day shelters, because there they work with volunteers or can advise somebody. Or you can also check with a district if they have ideas. 

Example of a message:

*It is really great that you want to do volunteer work. Unfortunately the Red Cross cannot work with volunteers without BSN. I am sorry about that. But I can think with you about what options there are. Can you therefore tell me a bit more about the work you would like to do? And where you are staying?*|Q: Do childeren that are UM have the right to get education? A: Children are even required to attend school until the age of 18! Children aged 5 to 18 must go to school until they have achieved a basic qualification (havo, vwo or mbo diploma level 2 or higher [Dutch school certificates]). Even if your child does not have a residence permit, they are still required to attend school. Children can register at all schools. Public schools are not allowed to refuse them. Special schools (such as Christian or Islamic schools) can. School education is free. In some cities, the Leergeld foundation (https://www.leergeld.nl/) provides assistance in paying for tutoring, laptops and school trips.",
How do police interactions differ for undocumented migrants vs. documented migrants in NL?,,"Undocumented migrants in the Netherlands have the right to report a crime to the police without being deported immediately, even if they do not have a residence permit or passport. However, the police also have the task of deporting undocumented migrants, so it is advised that undocumented migrants make an appointment with the police together with an aid worker to avoid misunderstandings or unjustified deportation. Documented migrants do not face this risk and can interact with the police without concerns about their residence status.","Q: What are important support organizations for returning back to country of origin? A: There are different organizations that can help with return back to country of origin. You can find information about this on HIA: https://helpfulinformation.redcross.nl/|Q: What can the Red Cross do? A: The Red Cross does not provide legal support. We can only refer people to the right organizations that have more knowledge about the legal procedures.|Q: Which other organizations can be helpful? A: People can also contact the helpdesk of Stichting LOS if they want juridical advise: https://www.stichtinglos.nl/content/contact . For questions that have nothing to do with their residence permit / legal stay, they can also go to a Juridisch Loket: https://www.juridischloket.nl/contact/. |Q: Can I contact the police? A: Even without a residence permit or passport, you have the right to report a crime in the Netherlands without being deported immediately. If you are the victim of a crime in the Netherlands, you can always report it. The police are obliged to deal with every report.

**For internal use only:** Make sure that you stress that PA has the right to go to the police without being deported. Sometimes people don't know this, while they are a vulnerable group that can be a victim of crime more easily.

**Please note: the police also have the task of deporting undocumented migrants. Therefore, it is advisable for undocumented migrants to make an appointment with the police together with an aid worker. This is to avoid misunderstandings or unjustified deportation.**|Q: What does human trafficking entail? A: Human traffickers take advantage of the dependency of undocumented migrants. They are a vulnerable target group. Their lack of knowledge about their rights, precautions and available assistance makes them particularly vulnerable. Victims of human trafficking have often experienced degrading living and/or working conditions and a loss of control over their lives. This often leads to long-term psychological and physical problems.|Q: How can you spot human trafficking? A: * If people are forced to work in unsafe conditions, are paid far too little, or have to work extremely long hours, then this is exploitation.
* If exploitation is accompanied by coercion or is a result of deception, it may also be a case of human trafficking.
* Even if you do not have a residence permit or passport, you have rights in the Netherlands. You have the right to a fair wage and to file a report with the police if you are getting exploited.|Q: Who to contact if you think somebody is victim of Human trafficking? A: In case you think somebody is victim of human trafficking, then always discuss the case with piket or with your Team Captain.|Q: I have work problems (for example, I am not payed, I am not treated well) A: Also when people are undocumented, they still have work rights. 

For questions about labour rights you can share the flyer 'Know your rights when you work' with the person affected:
- [English](https://www.comensha.nl/media/rtbj5ggv/2026-know-your-rights-flyer-geen-verblijfsstatus-eng.pdf) 
- [Dutch](https://www.comensha.nl/media/lwvbm1sm/2026-know-your-rights-flyer-geen-verblijfsstatus-nl.pdf) 
- [Arabic](https://www.comensha.nl/media/y52f42oz/2026-know-your-rights-flyer-geen-verblijfsstatus-ar.pdf) 
- [Portuguese](https://www.comensha.nl/media/igqeeotx/2026-know-your-rights-flyer-geen-verblijfsstatus-po.pdf) 
- [French](https://www.comensha.nl/media/g5zl4y2t/2026-know-your-rights-flyer-geen-verblijfsstatus-fr.pdf) 
- [Spanish](https://www.comensha.nl/media/obpfh0nt/2026-know-your-rights-flyer-geen-verblijfsstatus-esp.pdf) 
- [Indonesian](https://www.comensha.nl/media/hablxzvb/2026-know-your-rights-flyer-geen-verblijfsstatus-bahasa.pdf) 
- [Tagalog](https://www.comensha.nl/media/skdj3gdb/2026-know-your-rights-flyer-geen-verblijfsstatus-tag.pdf)

An important organization that can help when people are mistreated is FairWork.FairWork is specialized in helping people who have problems at work and/or people who are affected by labour exploitation or human trafficking. If the PA shows signs of labour exploitation/human trafficking, you can ask the following questions:

- Can you tell me more about your work environment?
- Are the work conditions as you expected?
- Do you feel safe at work?
- Does your employer treat you badly?
- Are you being forced to do work against your will?

1. If the situation **does not seem urgent:** Send the contact information of FairWork as well as the flyer below. 
2. If the situation is serious and **needs a follow up:** You can make a warm referral: ask for permission to share the phone number of the PA with FairWork, so that the organisation can reach out to the PA directly. Explain to the PA what FairWork does and that someone from the organisation will reach out to them in the following days. If they give approval, contact your TC and explain the situation. They can contact FairWork.
3. If the situation **needs immediate attention:** Inform the TC and they will call FairWork themselves to request help for the PA immediately.

https://www.fairwork.nu/en/homepage/ 
Phone: +31 20 760 08 09
|Q: What can I do if I want to do volunteer work? A: Also volunteer work is complicated when somebody is undocumented. The Red Cross doesn’t provide this service in general for people that are undocumented (for example becoming a Ready 2 Helper is not possible), but sometimes districts can have ideas, especially when they are more familiar with giving support to people that are undocumented. Therefore, first check what kind of volunteer work somebody is looking for. See if there is information on HIA under the category 'Activities'. If not, send somebody to day shelters, because there they work with volunteers or can advise somebody. Or you can also check with a district if they have ideas. 

Example of a message:

*It is really great that you want to do volunteer work. Unfortunately the Red Cross cannot work with volunteers without BSN. I am sorry about that. But I can think with you about what options there are. Can you therefore tell me a bit more about the work you would like to do? And where you are staying?*|Q: Do childeren that are UM have the right to get education? A: Children are even required to attend school until the age of 18! Children aged 5 to 18 must go to school until they have achieved a basic qualification (havo, vwo or mbo diploma level 2 or higher [Dutch school certificates]). Even if your child does not have a residence permit, they are still required to attend school. Children can register at all schools. Public schools are not allowed to refuse them. Special schools (such as Christian or Islamic schools) can. School education is free. In some cities, the Leergeld foundation (https://www.leergeld.nl/) provides assistance in paying for tutoring, laptops and school trips.",
"How do traffickers exploit undocumented migrants’ vulnerabilities, and what are the resulting consequences?",,"Human traffickers exploit undocumented migrants’ vulnerabilities by taking advantage of their dependency, lack of knowledge about their rights, and limited access to help. This makes them a particularly vulnerable target group. As a result, victims often experience degrading living or working conditions and a loss of control over their lives, which can lead to long-term psychological and physical problems.","Q: What are important support organizations for returning back to country of origin? A: There are different organizations that can help with return back to country of origin. You can find information about this on HIA: https://helpfulinformation.redcross.nl/|Q: What can the Red Cross do? A: The Red Cross does not provide legal support. We can only refer people to the right organizations that have more knowledge about the legal procedures.|Q: Which other organizations can be helpful? A: People can also contact the helpdesk of Stichting LOS if they want juridical advise: https://www.stichtinglos.nl/content/contact . For questions that have nothing to do with their residence permit / legal stay, they can also go to a Juridisch Loket: https://www.juridischloket.nl/contact/. |Q: Can I contact the police? A: Even without a residence permit or passport, you have the right to report a crime in the Netherlands without being deported immediately. If you are the victim of a crime in the Netherlands, you can always report it. The police are obliged to deal with every report.

**For internal use only:** Make sure that you stress that PA has the right to go to the police without being deported. Sometimes people don't know this, while they are a vulnerable group that can be a victim of crime more easily.

**Please note: the police also have the task of deporting undocumented migrants. Therefore, it is advisable for undocumented migrants to make an appointment with the police together with an aid worker. This is to avoid misunderstandings or unjustified deportation.**|Q: What does human trafficking entail? A: Human traffickers take advantage of the dependency of undocumented migrants. They are a vulnerable target group. Their lack of knowledge about their rights, precautions and available assistance makes them particularly vulnerable. Victims of human trafficking have often experienced degrading living and/or working conditions and a loss of control over their lives. This often leads to long-term psychological and physical problems.|Q: How can you spot human trafficking? A: * If people are forced to work in unsafe conditions, are paid far too little, or have to work extremely long hours, then this is exploitation.
* If exploitation is accompanied by coercion or is a result of deception, it may also be a case of human trafficking.
* Even if you do not have a residence permit or passport, you have rights in the Netherlands. You have the right to a fair wage and to file a report with the police if you are getting exploited.|Q: Who to contact if you think somebody is victim of Human trafficking? A: In case you think somebody is victim of human trafficking, then always discuss the case with piket or with your Team Captain.|Q: I have work problems (for example, I am not payed, I am not treated well) A: Also when people are undocumented, they still have work rights. 

For questions about labour rights you can share the flyer 'Know your rights when you work' with the person affected:
- [English](https://www.comensha.nl/media/rtbj5ggv/2026-know-your-rights-flyer-geen-verblijfsstatus-eng.pdf) 
- [Dutch](https://www.comensha.nl/media/lwvbm1sm/2026-know-your-rights-flyer-geen-verblijfsstatus-nl.pdf) 
- [Arabic](https://www.comensha.nl/media/y52f42oz/2026-know-your-rights-flyer-geen-verblijfsstatus-ar.pdf) 
- [Portuguese](https://www.comensha.nl/media/igqeeotx/2026-know-your-rights-flyer-geen-verblijfsstatus-po.pdf) 
- [French](https://www.comensha.nl/media/g5zl4y2t/2026-know-your-rights-flyer-geen-verblijfsstatus-fr.pdf) 
- [Spanish](https://www.comensha.nl/media/obpfh0nt/2026-know-your-rights-flyer-geen-verblijfsstatus-esp.pdf) 
- [Indonesian](https://www.comensha.nl/media/hablxzvb/2026-know-your-rights-flyer-geen-verblijfsstatus-bahasa.pdf) 
- [Tagalog](https://www.comensha.nl/media/skdj3gdb/2026-know-your-rights-flyer-geen-verblijfsstatus-tag.pdf)

An important organization that can help when people are mistreated is FairWork.FairWork is specialized in helping people who have problems at work and/or people who are affected by labour exploitation or human trafficking. If the PA shows signs of labour exploitation/human trafficking, you can ask the following questions:

- Can you tell me more about your work environment?
- Are the work conditions as you expected?
- Do you feel safe at work?
- Does your employer treat you badly?
- Are you being forced to do work against your will?

1. If the situation **does not seem urgent:** Send the contact information of FairWork as well as the flyer below. 
2. If the situation is serious and **needs a follow up:** You can make a warm referral: ask for permission to share the phone number of the PA with FairWork, so that the organisation can reach out to the PA directly. Explain to the PA what FairWork does and that someone from the organisation will reach out to them in the following days. If they give approval, contact your TC and explain the situation. They can contact FairWork.
3. If the situation **needs immediate attention:** Inform the TC and they will call FairWork themselves to request help for the PA immediately.

https://www.fairwork.nu/en/homepage/ 
Phone: +31 20 760 08 09
|Q: What can I do if I want to do volunteer work? A: Also volunteer work is complicated when somebody is undocumented. The Red Cross doesn’t provide this service in general for people that are undocumented (for example becoming a Ready 2 Helper is not possible), but sometimes districts can have ideas, especially when they are more familiar with giving support to people that are undocumented. Therefore, first check what kind of volunteer work somebody is looking for. See if there is information on HIA under the category 'Activities'. If not, send somebody to day shelters, because there they work with volunteers or can advise somebody. Or you can also check with a district if they have ideas. 

Example of a message:

*It is really great that you want to do volunteer work. Unfortunately the Red Cross cannot work with volunteers without BSN. I am sorry about that. But I can think with you about what options there are. Can you therefore tell me a bit more about the work you would like to do? And where you are staying?*|Q: Do childeren that are UM have the right to get education? A: Children are even required to attend school until the age of 18! Children aged 5 to 18 must go to school until they have achieved a basic qualification (havo, vwo or mbo diploma level 2 or higher [Dutch school certificates]). Even if your child does not have a residence permit, they are still required to attend school. Children can register at all schools. Public schools are not allowed to refuse them. Special schools (such as Christian or Islamic schools) can. School education is free. In some cities, the Leergeld foundation (https://www.leergeld.nl/) provides assistance in paying for tutoring, laptops and school trips.",
"If an undocumented worker reports coercion at work, what indicators might suggest human trafficking?",,"Indicators that might suggest human trafficking include: being forced to work in unsafe conditions, being paid far too little, having to work extremely long hours (exploitation), and if this exploitation is accompanied by coercion or deception. If an undocumented worker experiences these conditions, it may be a case of human trafficking. Even without a residence permit, they have the right to report this to the police and seek help.","Q: What are important support organizations for returning back to country of origin? A: There are different organizations that can help with return back to country of origin. You can find information about this on HIA: https://helpfulinformation.redcross.nl/|Q: What can the Red Cross do? A: The Red Cross does not provide legal support. We can only refer people to the right organizations that have more knowledge about the legal procedures.|Q: Which other organizations can be helpful? A: People can also contact the helpdesk of Stichting LOS if they want juridical advise: https://www.stichtinglos.nl/content/contact . For questions that have nothing to do with their residence permit / legal stay, they can also go to a Juridisch Loket: https://www.juridischloket.nl/contact/. |Q: Can I contact the police? A: Even without a residence permit or passport, you have the right to report a crime in the Netherlands without being deported immediately. If you are the victim of a crime in the Netherlands, you can always report it. The police are obliged to deal with every report.

**For internal use only:** Make sure that you stress that PA has the right to go to the police without being deported. Sometimes people don't know this, while they are a vulnerable group that can be a victim of crime more easily.

**Please note: the police also have the task of deporting undocumented migrants. Therefore, it is advisable for undocumented migrants to make an appointment with the police together with an aid worker. This is to avoid misunderstandings or unjustified deportation.**|Q: What does human trafficking entail? A: Human traffickers take advantage of the dependency of undocumented migrants. They are a vulnerable target group. Their lack of knowledge about their rights, precautions and available assistance makes them particularly vulnerable. Victims of human trafficking have often experienced degrading living and/or working conditions and a loss of control over their lives. This often leads to long-term psychological and physical problems.|Q: How can you spot human trafficking? A: * If people are forced to work in unsafe conditions, are paid far too little, or have to work extremely long hours, then this is exploitation.
* If exploitation is accompanied by coercion or is a result of deception, it may also be a case of human trafficking.
* Even if you do not have a residence permit or passport, you have rights in the Netherlands. You have the right to a fair wage and to file a report with the police if you are getting exploited.|Q: Who to contact if you think somebody is victim of Human trafficking? A: In case you think somebody is victim of human trafficking, then always discuss the case with piket or with your Team Captain.|Q: I have work problems (for example, I am not payed, I am not treated well) A: Also when people are undocumented, they still have work rights. 

For questions about labour rights you can share the flyer 'Know your rights when you work' with the person affected:
- [English](https://www.comensha.nl/media/rtbj5ggv/2026-know-your-rights-flyer-geen-verblijfsstatus-eng.pdf) 
- [Dutch](https://www.comensha.nl/media/lwvbm1sm/2026-know-your-rights-flyer-geen-verblijfsstatus-nl.pdf) 
- [Arabic](https://www.comensha.nl/media/y52f42oz/2026-know-your-rights-flyer-geen-verblijfsstatus-ar.pdf) 
- [Portuguese](https://www.comensha.nl/media/igqeeotx/2026-know-your-rights-flyer-geen-verblijfsstatus-po.pdf) 
- [French](https://www.comensha.nl/media/g5zl4y2t/2026-know-your-rights-flyer-geen-verblijfsstatus-fr.pdf) 
- [Spanish](https://www.comensha.nl/media/obpfh0nt/2026-know-your-rights-flyer-geen-verblijfsstatus-esp.pdf) 
- [Indonesian](https://www.comensha.nl/media/hablxzvb/2026-know-your-rights-flyer-geen-verblijfsstatus-bahasa.pdf) 
- [Tagalog](https://www.comensha.nl/media/skdj3gdb/2026-know-your-rights-flyer-geen-verblijfsstatus-tag.pdf)

An important organization that can help when people are mistreated is FairWork.FairWork is specialized in helping people who have problems at work and/or people who are affected by labour exploitation or human trafficking. If the PA shows signs of labour exploitation/human trafficking, you can ask the following questions:

- Can you tell me more about your work environment?
- Are the work conditions as you expected?
- Do you feel safe at work?
- Does your employer treat you badly?
- Are you being forced to do work against your will?

1. If the situation **does not seem urgent:** Send the contact information of FairWork as well as the flyer below. 
2. If the situation is serious and **needs a follow up:** You can make a warm referral: ask for permission to share the phone number of the PA with FairWork, so that the organisation can reach out to the PA directly. Explain to the PA what FairWork does and that someone from the organisation will reach out to them in the following days. If they give approval, contact your TC and explain the situation. They can contact FairWork.
3. If the situation **needs immediate attention:** Inform the TC and they will call FairWork themselves to request help for the PA immediately.

https://www.fairwork.nu/en/homepage/ 
Phone: +31 20 760 08 09
|Q: What can I do if I want to do volunteer work? A: Also volunteer work is complicated when somebody is undocumented. The Red Cross doesn’t provide this service in general for people that are undocumented (for example becoming a Ready 2 Helper is not possible), but sometimes districts can have ideas, especially when they are more familiar with giving support to people that are undocumented. Therefore, first check what kind of volunteer work somebody is looking for. See if there is information on HIA under the category 'Activities'. If not, send somebody to day shelters, because there they work with volunteers or can advise somebody. Or you can also check with a district if they have ideas. 

Example of a message:

*It is really great that you want to do volunteer work. Unfortunately the Red Cross cannot work with volunteers without BSN. I am sorry about that. But I can think with you about what options there are. Can you therefore tell me a bit more about the work you would like to do? And where you are staying?*|Q: Do childeren that are UM have the right to get education? A: Children are even required to attend school until the age of 18! Children aged 5 to 18 must go to school until they have achieved a basic qualification (havo, vwo or mbo diploma level 2 or higher [Dutch school certificates]). Even if your child does not have a residence permit, they are still required to attend school. Children can register at all schools. Public schools are not allowed to refuse them. Special schools (such as Christian or Islamic schools) can. School education is free. In some cities, the Leergeld foundation (https://www.leergeld.nl/) provides assistance in paying for tutoring, laptops and school trips.",
"If I suspect human trafficking, who to contact and what info must I share with TC/piket?",,"If you suspect human trafficking, always discuss the case with your Team Captain (TC) or piket. Share all relevant information you have, such as details about the person’s situation, signs of exploitation or coercion, and any urgent safety concerns. This helps the TC/piket assess the situation and decide on the next steps for support and referral.","Q: What are important support organizations for returning back to country of origin? A: There are different organizations that can help with return back to country of origin. You can find information about this on HIA: https://helpfulinformation.redcross.nl/|Q: What can the Red Cross do? A: The Red Cross does not provide legal support. We can only refer people to the right organizations that have more knowledge about the legal procedures.|Q: Which other organizations can be helpful? A: People can also contact the helpdesk of Stichting LOS if they want juridical advise: https://www.stichtinglos.nl/content/contact . For questions that have nothing to do with their residence permit / legal stay, they can also go to a Juridisch Loket: https://www.juridischloket.nl/contact/. |Q: Can I contact the police? A: Even without a residence permit or passport, you have the right to report a crime in the Netherlands without being deported immediately. If you are the victim of a crime in the Netherlands, you can always report it. The police are obliged to deal with every report.

**For internal use only:** Make sure that you stress that PA has the right to go to the police without being deported. Sometimes people don't know this, while they are a vulnerable group that can be a victim of crime more easily.

**Please note: the police also have the task of deporting undocumented migrants. Therefore, it is advisable for undocumented migrants to make an appointment with the police together with an aid worker. This is to avoid misunderstandings or unjustified deportation.**|Q: What does human trafficking entail? A: Human traffickers take advantage of the dependency of undocumented migrants. They are a vulnerable target group. Their lack of knowledge about their rights, precautions and available assistance makes them particularly vulnerable. Victims of human trafficking have often experienced degrading living and/or working conditions and a loss of control over their lives. This often leads to long-term psychological and physical problems.|Q: How can you spot human trafficking? A: * If people are forced to work in unsafe conditions, are paid far too little, or have to work extremely long hours, then this is exploitation.
* If exploitation is accompanied by coercion or is a result of deception, it may also be a case of human trafficking.
* Even if you do not have a residence permit or passport, you have rights in the Netherlands. You have the right to a fair wage and to file a report with the police if you are getting exploited.|Q: Who to contact if you think somebody is victim of Human trafficking? A: In case you think somebody is victim of human trafficking, then always discuss the case with piket or with your Team Captain.|Q: I have work problems (for example, I am not payed, I am not treated well) A: Also when people are undocumented, they still have work rights. 

For questions about labour rights you can share the flyer 'Know your rights when you work' with the person affected:
- [English](https://www.comensha.nl/media/rtbj5ggv/2026-know-your-rights-flyer-geen-verblijfsstatus-eng.pdf) 
- [Dutch](https://www.comensha.nl/media/lwvbm1sm/2026-know-your-rights-flyer-geen-verblijfsstatus-nl.pdf) 
- [Arabic](https://www.comensha.nl/media/y52f42oz/2026-know-your-rights-flyer-geen-verblijfsstatus-ar.pdf) 
- [Portuguese](https://www.comensha.nl/media/igqeeotx/2026-know-your-rights-flyer-geen-verblijfsstatus-po.pdf) 
- [French](https://www.comensha.nl/media/g5zl4y2t/2026-know-your-rights-flyer-geen-verblijfsstatus-fr.pdf) 
- [Spanish](https://www.comensha.nl/media/obpfh0nt/2026-know-your-rights-flyer-geen-verblijfsstatus-esp.pdf) 
- [Indonesian](https://www.comensha.nl/media/hablxzvb/2026-know-your-rights-flyer-geen-verblijfsstatus-bahasa.pdf) 
- [Tagalog](https://www.comensha.nl/media/skdj3gdb/2026-know-your-rights-flyer-geen-verblijfsstatus-tag.pdf)

An important organization that can help when people are mistreated is FairWork.FairWork is specialized in helping people who have problems at work and/or people who are affected by labour exploitation or human trafficking. If the PA shows signs of labour exploitation/human trafficking, you can ask the following questions:

- Can you tell me more about your work environment?
- Are the work conditions as you expected?
- Do you feel safe at work?
- Does your employer treat you badly?
- Are you being forced to do work against your will?

1. If the situation **does not seem urgent:** Send the contact information of FairWork as well as the flyer below. 
2. If the situation is serious and **needs a follow up:** You can make a warm referral: ask for permission to share the phone number of the PA with FairWork, so that the organisation can reach out to the PA directly. Explain to the PA what FairWork does and that someone from the organisation will reach out to them in the following days. If they give approval, contact your TC and explain the situation. They can contact FairWork.
3. If the situation **needs immediate attention:** Inform the TC and they will call FairWork themselves to request help for the PA immediately.

https://www.fairwork.nu/en/homepage/ 
Phone: +31 20 760 08 09
|Q: What can I do if I want to do volunteer work? A: Also volunteer work is complicated when somebody is undocumented. The Red Cross doesn’t provide this service in general for people that are undocumented (for example becoming a Ready 2 Helper is not possible), but sometimes districts can have ideas, especially when they are more familiar with giving support to people that are undocumented. Therefore, first check what kind of volunteer work somebody is looking for. See if there is information on HIA under the category 'Activities'. If not, send somebody to day shelters, because there they work with volunteers or can advise somebody. Or you can also check with a district if they have ideas. 

Example of a message:

*It is really great that you want to do volunteer work. Unfortunately the Red Cross cannot work with volunteers without BSN. I am sorry about that. But I can think with you about what options there are. Can you therefore tell me a bit more about the work you would like to do? And where you are staying?*|Q: Do childeren that are UM have the right to get education? A: Children are even required to attend school until the age of 18! Children aged 5 to 18 must go to school until they have achieved a basic qualification (havo, vwo or mbo diploma level 2 or higher [Dutch school certificates]). Even if your child does not have a residence permit, they are still required to attend school. Children can register at all schools. Public schools are not allowed to refuse them. Special schools (such as Christian or Islamic schools) can. School education is free. In some cities, the Leergeld foundation (https://www.leergeld.nl/) provides assistance in paying for tutoring, laptops and school trips.",
"If an undocumented worker faces exploitation, what protections and support organizations could assist them?",,"Undocumented workers in the Netherlands still have rights, including the right to a fair wage and to report exploitation. If they face exploitation, they can contact FairWork, an organization specialized in helping people with work problems, labour exploitation, or human trafficking (https://www.fairwork.nu/en/homepage/, phone: +31 20 760 08 09). They can also use the 'Know your rights when you work' flyer, available in multiple languages. If the situation is urgent, a warm referral to FairWork can be made with the help of a Team Captain. Even without a residence permit, workers have the right to report exploitation to the police without being deported immediately, but it is advised to go with an aid worker to avoid misunderstandings.","Q: What are important support organizations for returning back to country of origin? A: There are different organizations that can help with return back to country of origin. You can find information about this on HIA: https://helpfulinformation.redcross.nl/|Q: What can the Red Cross do? A: The Red Cross does not provide legal support. We can only refer people to the right organizations that have more knowledge about the legal procedures.|Q: Which other organizations can be helpful? A: People can also contact the helpdesk of Stichting LOS if they want juridical advise: https://www.stichtinglos.nl/content/contact . For questions that have nothing to do with their residence permit / legal stay, they can also go to a Juridisch Loket: https://www.juridischloket.nl/contact/. |Q: Can I contact the police? A: Even without a residence permit or passport, you have the right to report a crime in the Netherlands without being deported immediately. If you are the victim of a crime in the Netherlands, you can always report it. The police are obliged to deal with every report.

**For internal use only:** Make sure that you stress that PA has the right to go to the police without being deported. Sometimes people don't know this, while they are a vulnerable group that can be a victim of crime more easily.

**Please note: the police also have the task of deporting undocumented migrants. Therefore, it is advisable for undocumented migrants to make an appointment with the police together with an aid worker. This is to avoid misunderstandings or unjustified deportation.**|Q: What does human trafficking entail? A: Human traffickers take advantage of the dependency of undocumented migrants. They are a vulnerable target group. Their lack of knowledge about their rights, precautions and available assistance makes them particularly vulnerable. Victims of human trafficking have often experienced degrading living and/or working conditions and a loss of control over their lives. This often leads to long-term psychological and physical problems.|Q: How can you spot human trafficking? A: * If people are forced to work in unsafe conditions, are paid far too little, or have to work extremely long hours, then this is exploitation.
* If exploitation is accompanied by coercion or is a result of deception, it may also be a case of human trafficking.
* Even if you do not have a residence permit or passport, you have rights in the Netherlands. You have the right to a fair wage and to file a report with the police if you are getting exploited.|Q: Who to contact if you think somebody is victim of Human trafficking? A: In case you think somebody is victim of human trafficking, then always discuss the case with piket or with your Team Captain.|Q: I have work problems (for example, I am not payed, I am not treated well) A: Also when people are undocumented, they still have work rights. 

For questions about labour rights you can share the flyer 'Know your rights when you work' with the person affected:
- [English](https://www.comensha.nl/media/rtbj5ggv/2026-know-your-rights-flyer-geen-verblijfsstatus-eng.pdf) 
- [Dutch](https://www.comensha.nl/media/lwvbm1sm/2026-know-your-rights-flyer-geen-verblijfsstatus-nl.pdf) 
- [Arabic](https://www.comensha.nl/media/y52f42oz/2026-know-your-rights-flyer-geen-verblijfsstatus-ar.pdf) 
- [Portuguese](https://www.comensha.nl/media/igqeeotx/2026-know-your-rights-flyer-geen-verblijfsstatus-po.pdf) 
- [French](https://www.comensha.nl/media/g5zl4y2t/2026-know-your-rights-flyer-geen-verblijfsstatus-fr.pdf) 
- [Spanish](https://www.comensha.nl/media/obpfh0nt/2026-know-your-rights-flyer-geen-verblijfsstatus-esp.pdf) 
- [Indonesian](https://www.comensha.nl/media/hablxzvb/2026-know-your-rights-flyer-geen-verblijfsstatus-bahasa.pdf) 
- [Tagalog](https://www.comensha.nl/media/skdj3gdb/2026-know-your-rights-flyer-geen-verblijfsstatus-tag.pdf)

An important organization that can help when people are mistreated is FairWork.FairWork is specialized in helping people who have problems at work and/or people who are affected by labour exploitation or human trafficking. If the PA shows signs of labour exploitation/human trafficking, you can ask the following questions:

- Can you tell me more about your work environment?
- Are the work conditions as you expected?
- Do you feel safe at work?
- Does your employer treat you badly?
- Are you being forced to do work against your will?

1. If the situation **does not seem urgent:** Send the contact information of FairWork as well as the flyer below. 
2. If the situation is serious and **needs a follow up:** You can make a warm referral: ask for permission to share the phone number of the PA with FairWork, so that the organisation can reach out to the PA directly. Explain to the PA what FairWork does and that someone from the organisation will reach out to them in the following days. If they give approval, contact your TC and explain the situation. They can contact FairWork.
3. If the situation **needs immediate attention:** Inform the TC and they will call FairWork themselves to request help for the PA immediately.

https://www.fairwork.nu/en/homepage/ 
Phone: +31 20 760 08 09
|Q: What can I do if I want to do volunteer work? A: Also volunteer work is complicated when somebody is undocumented. The Red Cross doesn’t provide this service in general for people that are undocumented (for example becoming a Ready 2 Helper is not possible), but sometimes districts can have ideas, especially when they are more familiar with giving support to people that are undocumented. Therefore, first check what kind of volunteer work somebody is looking for. See if there is information on HIA under the category 'Activities'. If not, send somebody to day shelters, because there they work with volunteers or can advise somebody. Or you can also check with a district if they have ideas. 

Example of a message:

*It is really great that you want to do volunteer work. Unfortunately the Red Cross cannot work with volunteers without BSN. I am sorry about that. But I can think with you about what options there are. Can you therefore tell me a bit more about the work you would like to do? And where you are staying?*|Q: Do childeren that are UM have the right to get education? A: Children are even required to attend school until the age of 18! Children aged 5 to 18 must go to school until they have achieved a basic qualification (havo, vwo or mbo diploma level 2 or higher [Dutch school certificates]). Even if your child does not have a residence permit, they are still required to attend school. Children can register at all schools. Public schools are not allowed to refuse them. Special schools (such as Christian or Islamic schools) can. School education is free. In some cities, the Leergeld foundation (https://www.leergeld.nl/) provides assistance in paying for tutoring, laptops and school trips.",
Which organizations provide legal advice or support for undocumented workers facing labour exploitation?,,"Undocumented workers facing labour exploitation can contact FairWork, which specializes in helping people with work problems, labour exploitation, or human trafficking (https://www.fairwork.nu/en/homepage/; Phone: +31 20 760 08 09). For juridical advice, they can also contact the helpdesk of Stichting LOS: https://www.stichtinglos.nl/content/contact. For questions not related to residence permits or legal stay, the Juridisch Loket can be contacted: https://www.juridischloket.nl/contact/.","Q: What are important support organizations for returning back to country of origin? A: There are different organizations that can help with return back to country of origin. You can find information about this on HIA: https://helpfulinformation.redcross.nl/|Q: What can the Red Cross do? A: The Red Cross does not provide legal support. We can only refer people to the right organizations that have more knowledge about the legal procedures.|Q: Which other organizations can be helpful? A: People can also contact the helpdesk of Stichting LOS if they want juridical advise: https://www.stichtinglos.nl/content/contact . For questions that have nothing to do with their residence permit / legal stay, they can also go to a Juridisch Loket: https://www.juridischloket.nl/contact/. |Q: Can I contact the police? A: Even without a residence permit or passport, you have the right to report a crime in the Netherlands without being deported immediately. If you are the victim of a crime in the Netherlands, you can always report it. The police are obliged to deal with every report.

**For internal use only:** Make sure that you stress that PA has the right to go to the police without being deported. Sometimes people don't know this, while they are a vulnerable group that can be a victim of crime more easily.

**Please note: the police also have the task of deporting undocumented migrants. Therefore, it is advisable for undocumented migrants to make an appointment with the police together with an aid worker. This is to avoid misunderstandings or unjustified deportation.**|Q: What does human trafficking entail? A: Human traffickers take advantage of the dependency of undocumented migrants. They are a vulnerable target group. Their lack of knowledge about their rights, precautions and available assistance makes them particularly vulnerable. Victims of human trafficking have often experienced degrading living and/or working conditions and a loss of control over their lives. This often leads to long-term psychological and physical problems.|Q: How can you spot human trafficking? A: * If people are forced to work in unsafe conditions, are paid far too little, or have to work extremely long hours, then this is exploitation.
* If exploitation is accompanied by coercion or is a result of deception, it may also be a case of human trafficking.
* Even if you do not have a residence permit or passport, you have rights in the Netherlands. You have the right to a fair wage and to file a report with the police if you are getting exploited.|Q: Who to contact if you think somebody is victim of Human trafficking? A: In case you think somebody is victim of human trafficking, then always discuss the case with piket or with your Team Captain.|Q: I have work problems (for example, I am not payed, I am not treated well) A: Also when people are undocumented, they still have work rights. 

For questions about labour rights you can share the flyer 'Know your rights when you work' with the person affected:
- [English](https://www.comensha.nl/media/rtbj5ggv/2026-know-your-rights-flyer-geen-verblijfsstatus-eng.pdf) 
- [Dutch](https://www.comensha.nl/media/lwvbm1sm/2026-know-your-rights-flyer-geen-verblijfsstatus-nl.pdf) 
- [Arabic](https://www.comensha.nl/media/y52f42oz/2026-know-your-rights-flyer-geen-verblijfsstatus-ar.pdf) 
- [Portuguese](https://www.comensha.nl/media/igqeeotx/2026-know-your-rights-flyer-geen-verblijfsstatus-po.pdf) 
- [French](https://www.comensha.nl/media/g5zl4y2t/2026-know-your-rights-flyer-geen-verblijfsstatus-fr.pdf) 
- [Spanish](https://www.comensha.nl/media/obpfh0nt/2026-know-your-rights-flyer-geen-verblijfsstatus-esp.pdf) 
- [Indonesian](https://www.comensha.nl/media/hablxzvb/2026-know-your-rights-flyer-geen-verblijfsstatus-bahasa.pdf) 
- [Tagalog](https://www.comensha.nl/media/skdj3gdb/2026-know-your-rights-flyer-geen-verblijfsstatus-tag.pdf)

An important organization that can help when people are mistreated is FairWork.FairWork is specialized in helping people who have problems at work and/or people who are affected by labour exploitation or human trafficking. If the PA shows signs of labour exploitation/human trafficking, you can ask the following questions:

- Can you tell me more about your work environment?
- Are the work conditions as you expected?
- Do you feel safe at work?
- Does your employer treat you badly?
- Are you being forced to do work against your will?

1. If the situation **does not seem urgent:** Send the contact information of FairWork as well as the flyer below. 
2. If the situation is serious and **needs a follow up:** You can make a warm referral: ask for permission to share the phone number of the PA with FairWork, so that the organisation can reach out to the PA directly. Explain to the PA what FairWork does and that someone from the organisation will reach out to them in the following days. If they give approval, contact your TC and explain the situation. They can contact FairWork.
3. If the situation **needs immediate attention:** Inform the TC and they will call FairWork themselves to request help for the PA immediately.

https://www.fairwork.nu/en/homepage/ 
Phone: +31 20 760 08 09
|Q: What can I do if I want to do volunteer work? A: Also volunteer work is complicated when somebody is undocumented. The Red Cross doesn’t provide this service in general for people that are undocumented (for example becoming a Ready 2 Helper is not possible), but sometimes districts can have ideas, especially when they are more familiar with giving support to people that are undocumented. Therefore, first check what kind of volunteer work somebody is looking for. See if there is information on HIA under the category 'Activities'. If not, send somebody to day shelters, because there they work with volunteers or can advise somebody. Or you can also check with a district if they have ideas. 

Example of a message:

*It is really great that you want to do volunteer work. Unfortunately the Red Cross cannot work with volunteers without BSN. I am sorry about that. But I can think with you about what options there are. Can you therefore tell me a bit more about the work you would like to do? And where you are staying?*|Q: Do childeren that are UM have the right to get education? A: Children are even required to attend school until the age of 18! Children aged 5 to 18 must go to school until they have achieved a basic qualification (havo, vwo or mbo diploma level 2 or higher [Dutch school certificates]). Even if your child does not have a residence permit, they are still required to attend school. Children can register at all schools. Public schools are not allowed to refuse them. Special schools (such as Christian or Islamic schools) can. School education is free. In some cities, the Leergeld foundation (https://www.leergeld.nl/) provides assistance in paying for tutoring, laptops and school trips.",
"How does FairWork assist undocumented workers facing exploitation, and what referral steps should be followed?",,"FairWork specializes in helping people who have problems at work, including those affected by labour exploitation or human trafficking, regardless of their residence status. If someone is facing exploitation, you can:

1. **If the situation is not urgent:** Share FairWork’s contact details and the 'Know your rights when you work' flyer.
2. **If the situation is serious and needs follow-up:** With the person’s permission, make a warm referral by sharing their phone number with FairWork so they can reach out directly. Inform your Team Captain (TC) about the situation.
3. **If the situation needs immediate attention:** Inform your TC, who will contact FairWork directly for urgent help.

FairWork’s website: https://www.fairwork.nu/en/homepage/  
Phone: +31 20 760 08 09","Q: What are important support organizations for returning back to country of origin? A: There are different organizations that can help with return back to country of origin. You can find information about this on HIA: https://helpfulinformation.redcross.nl/|Q: What can the Red Cross do? A: The Red Cross does not provide legal support. We can only refer people to the right organizations that have more knowledge about the legal procedures.|Q: Which other organizations can be helpful? A: People can also contact the helpdesk of Stichting LOS if they want juridical advise: https://www.stichtinglos.nl/content/contact . For questions that have nothing to do with their residence permit / legal stay, they can also go to a Juridisch Loket: https://www.juridischloket.nl/contact/. |Q: Can I contact the police? A: Even without a residence permit or passport, you have the right to report a crime in the Netherlands without being deported immediately. If you are the victim of a crime in the Netherlands, you can always report it. The police are obliged to deal with every report.

**For internal use only:** Make sure that you stress that PA has the right to go to the police without being deported. Sometimes people don't know this, while they are a vulnerable group that can be a victim of crime more easily.

**Please note: the police also have the task of deporting undocumented migrants. Therefore, it is advisable for undocumented migrants to make an appointment with the police together with an aid worker. This is to avoid misunderstandings or unjustified deportation.**|Q: What does human trafficking entail? A: Human traffickers take advantage of the dependency of undocumented migrants. They are a vulnerable target group. Their lack of knowledge about their rights, precautions and available assistance makes them particularly vulnerable. Victims of human trafficking have often experienced degrading living and/or working conditions and a loss of control over their lives. This often leads to long-term psychological and physical problems.|Q: How can you spot human trafficking? A: * If people are forced to work in unsafe conditions, are paid far too little, or have to work extremely long hours, then this is exploitation.
* If exploitation is accompanied by coercion or is a result of deception, it may also be a case of human trafficking.
* Even if you do not have a residence permit or passport, you have rights in the Netherlands. You have the right to a fair wage and to file a report with the police if you are getting exploited.|Q: Who to contact if you think somebody is victim of Human trafficking? A: In case you think somebody is victim of human trafficking, then always discuss the case with piket or with your Team Captain.|Q: I have work problems (for example, I am not payed, I am not treated well) A: Also when people are undocumented, they still have work rights. 

For questions about labour rights you can share the flyer 'Know your rights when you work' with the person affected:
- [English](https://www.comensha.nl/media/rtbj5ggv/2026-know-your-rights-flyer-geen-verblijfsstatus-eng.pdf) 
- [Dutch](https://www.comensha.nl/media/lwvbm1sm/2026-know-your-rights-flyer-geen-verblijfsstatus-nl.pdf) 
- [Arabic](https://www.comensha.nl/media/y52f42oz/2026-know-your-rights-flyer-geen-verblijfsstatus-ar.pdf) 
- [Portuguese](https://www.comensha.nl/media/igqeeotx/2026-know-your-rights-flyer-geen-verblijfsstatus-po.pdf) 
- [French](https://www.comensha.nl/media/g5zl4y2t/2026-know-your-rights-flyer-geen-verblijfsstatus-fr.pdf) 
- [Spanish](https://www.comensha.nl/media/obpfh0nt/2026-know-your-rights-flyer-geen-verblijfsstatus-esp.pdf) 
- [Indonesian](https://www.comensha.nl/media/hablxzvb/2026-know-your-rights-flyer-geen-verblijfsstatus-bahasa.pdf) 
- [Tagalog](https://www.comensha.nl/media/skdj3gdb/2026-know-your-rights-flyer-geen-verblijfsstatus-tag.pdf)

An important organization that can help when people are mistreated is FairWork.FairWork is specialized in helping people who have problems at work and/or people who are affected by labour exploitation or human trafficking. If the PA shows signs of labour exploitation/human trafficking, you can ask the following questions:

- Can you tell me more about your work environment?
- Are the work conditions as you expected?
- Do you feel safe at work?
- Does your employer treat you badly?
- Are you being forced to do work against your will?

1. If the situation **does not seem urgent:** Send the contact information of FairWork as well as the flyer below. 
2. If the situation is serious and **needs a follow up:** You can make a warm referral: ask for permission to share the phone number of the PA with FairWork, so that the organisation can reach out to the PA directly. Explain to the PA what FairWork does and that someone from the organisation will reach out to them in the following days. If they give approval, contact your TC and explain the situation. They can contact FairWork.
3. If the situation **needs immediate attention:** Inform the TC and they will call FairWork themselves to request help for the PA immediately.

https://www.fairwork.nu/en/homepage/ 
Phone: +31 20 760 08 09
|Q: What can I do if I want to do volunteer work? A: Also volunteer work is complicated when somebody is undocumented. The Red Cross doesn’t provide this service in general for people that are undocumented (for example becoming a Ready 2 Helper is not possible), but sometimes districts can have ideas, especially when they are more familiar with giving support to people that are undocumented. Therefore, first check what kind of volunteer work somebody is looking for. See if there is information on HIA under the category 'Activities'. If not, send somebody to day shelters, because there they work with volunteers or can advise somebody. Or you can also check with a district if they have ideas. 

Example of a message:

*It is really great that you want to do volunteer work. Unfortunately the Red Cross cannot work with volunteers without BSN. I am sorry about that. But I can think with you about what options there are. Can you therefore tell me a bit more about the work you would like to do? And where you are staying?*|Q: Do childeren that are UM have the right to get education? A: Children are even required to attend school until the age of 18! Children aged 5 to 18 must go to school until they have achieved a basic qualification (havo, vwo or mbo diploma level 2 or higher [Dutch school certificates]). Even if your child does not have a residence permit, they are still required to attend school. Children can register at all schools. Public schools are not allowed to refuse them. Special schools (such as Christian or Islamic schools) can. School education is free. In some cities, the Leergeld foundation (https://www.leergeld.nl/) provides assistance in paying for tutoring, laptops and school trips.",
"Can undocumented individuals volunteer with the Red Cross, and what alternative options exist via HIA or shelters?",,"Undocumented individuals generally cannot volunteer with the Red Cross, as a BSN (citizen service number) is required. However, you can check the HIA website under 'Activities' for other options, or visit day shelters, which often work with volunteers or can advise on possibilities. You can also ask your local Red Cross district if they have ideas, as some districts may offer support for undocumented people wanting to volunteer.","Q: What are important support organizations for returning back to country of origin? A: There are different organizations that can help with return back to country of origin. You can find information about this on HIA: https://helpfulinformation.redcross.nl/|Q: What can the Red Cross do? A: The Red Cross does not provide legal support. We can only refer people to the right organizations that have more knowledge about the legal procedures.|Q: Which other organizations can be helpful? A: People can also contact the helpdesk of Stichting LOS if they want juridical advise: https://www.stichtinglos.nl/content/contact . For questions that have nothing to do with their residence permit / legal stay, they can also go to a Juridisch Loket: https://www.juridischloket.nl/contact/. |Q: Can I contact the police? A: Even without a residence permit or passport, you have the right to report a crime in the Netherlands without being deported immediately. If you are the victim of a crime in the Netherlands, you can always report it. The police are obliged to deal with every report.

**For internal use only:** Make sure that you stress that PA has the right to go to the police without being deported. Sometimes people don't know this, while they are a vulnerable group that can be a victim of crime more easily.

**Please note: the police also have the task of deporting undocumented migrants. Therefore, it is advisable for undocumented migrants to make an appointment with the police together with an aid worker. This is to avoid misunderstandings or unjustified deportation.**|Q: What does human trafficking entail? A: Human traffickers take advantage of the dependency of undocumented migrants. They are a vulnerable target group. Their lack of knowledge about their rights, precautions and available assistance makes them particularly vulnerable. Victims of human trafficking have often experienced degrading living and/or working conditions and a loss of control over their lives. This often leads to long-term psychological and physical problems.|Q: How can you spot human trafficking? A: * If people are forced to work in unsafe conditions, are paid far too little, or have to work extremely long hours, then this is exploitation.
* If exploitation is accompanied by coercion or is a result of deception, it may also be a case of human trafficking.
* Even if you do not have a residence permit or passport, you have rights in the Netherlands. You have the right to a fair wage and to file a report with the police if you are getting exploited.|Q: Who to contact if you think somebody is victim of Human trafficking? A: In case you think somebody is victim of human trafficking, then always discuss the case with piket or with your Team Captain.|Q: I have work problems (for example, I am not payed, I am not treated well) A: Also when people are undocumented, they still have work rights. 

For questions about labour rights you can share the flyer 'Know your rights when you work' with the person affected:
- [English](https://www.comensha.nl/media/rtbj5ggv/2026-know-your-rights-flyer-geen-verblijfsstatus-eng.pdf) 
- [Dutch](https://www.comensha.nl/media/lwvbm1sm/2026-know-your-rights-flyer-geen-verblijfsstatus-nl.pdf) 
- [Arabic](https://www.comensha.nl/media/y52f42oz/2026-know-your-rights-flyer-geen-verblijfsstatus-ar.pdf) 
- [Portuguese](https://www.comensha.nl/media/igqeeotx/2026-know-your-rights-flyer-geen-verblijfsstatus-po.pdf) 
- [French](https://www.comensha.nl/media/g5zl4y2t/2026-know-your-rights-flyer-geen-verblijfsstatus-fr.pdf) 
- [Spanish](https://www.comensha.nl/media/obpfh0nt/2026-know-your-rights-flyer-geen-verblijfsstatus-esp.pdf) 
- [Indonesian](https://www.comensha.nl/media/hablxzvb/2026-know-your-rights-flyer-geen-verblijfsstatus-bahasa.pdf) 
- [Tagalog](https://www.comensha.nl/media/skdj3gdb/2026-know-your-rights-flyer-geen-verblijfsstatus-tag.pdf)

An important organization that can help when people are mistreated is FairWork.FairWork is specialized in helping people who have problems at work and/or people who are affected by labour exploitation or human trafficking. If the PA shows signs of labour exploitation/human trafficking, you can ask the following questions:

- Can you tell me more about your work environment?
- Are the work conditions as you expected?
- Do you feel safe at work?
- Does your employer treat you badly?
- Are you being forced to do work against your will?

1. If the situation **does not seem urgent:** Send the contact information of FairWork as well as the flyer below. 
2. If the situation is serious and **needs a follow up:** You can make a warm referral: ask for permission to share the phone number of the PA with FairWork, so that the organisation can reach out to the PA directly. Explain to the PA what FairWork does and that someone from the organisation will reach out to them in the following days. If they give approval, contact your TC and explain the situation. They can contact FairWork.
3. If the situation **needs immediate attention:** Inform the TC and they will call FairWork themselves to request help for the PA immediately.

https://www.fairwork.nu/en/homepage/ 
Phone: +31 20 760 08 09
|Q: What can I do if I want to do volunteer work? A: Also volunteer work is complicated when somebody is undocumented. The Red Cross doesn’t provide this service in general for people that are undocumented (for example becoming a Ready 2 Helper is not possible), but sometimes districts can have ideas, especially when they are more familiar with giving support to people that are undocumented. Therefore, first check what kind of volunteer work somebody is looking for. See if there is information on HIA under the category 'Activities'. If not, send somebody to day shelters, because there they work with volunteers or can advise somebody. Or you can also check with a district if they have ideas. 

Example of a message:

*It is really great that you want to do volunteer work. Unfortunately the Red Cross cannot work with volunteers without BSN. I am sorry about that. But I can think with you about what options there are. Can you therefore tell me a bit more about the work you would like to do? And where you are staying?*|Q: Do childeren that are UM have the right to get education? A: Children are even required to attend school until the age of 18! Children aged 5 to 18 must go to school until they have achieved a basic qualification (havo, vwo or mbo diploma level 2 or higher [Dutch school certificates]). Even if your child does not have a residence permit, they are still required to attend school. Children can register at all schools. Public schools are not allowed to refuse them. Special schools (such as Christian or Islamic schools) can. School education is free. In some cities, the Leergeld foundation (https://www.leergeld.nl/) provides assistance in paying for tutoring, laptops and school trips.",
How do volunteer opportunities for undocumented individuals differ between the Red Cross and day shelters?,,"Volunteer opportunities for undocumented individuals are limited at the Red Cross, as they generally do not accept volunteers without a BSN (citizen service number). However, day shelters are more flexible and often work with volunteers regardless of their residence status, or can advise on available options. Therefore, day shelters are usually a better place for undocumented individuals to find volunteer opportunities.","Q: What are important support organizations for returning back to country of origin? A: There are different organizations that can help with return back to country of origin. You can find information about this on HIA: https://helpfulinformation.redcross.nl/|Q: What can the Red Cross do? A: The Red Cross does not provide legal support. We can only refer people to the right organizations that have more knowledge about the legal procedures.|Q: Which other organizations can be helpful? A: People can also contact the helpdesk of Stichting LOS if they want juridical advise: https://www.stichtinglos.nl/content/contact . For questions that have nothing to do with their residence permit / legal stay, they can also go to a Juridisch Loket: https://www.juridischloket.nl/contact/. |Q: Can I contact the police? A: Even without a residence permit or passport, you have the right to report a crime in the Netherlands without being deported immediately. If you are the victim of a crime in the Netherlands, you can always report it. The police are obliged to deal with every report.

**For internal use only:** Make sure that you stress that PA has the right to go to the police without being deported. Sometimes people don't know this, while they are a vulnerable group that can be a victim of crime more easily.

**Please note: the police also have the task of deporting undocumented migrants. Therefore, it is advisable for undocumented migrants to make an appointment with the police together with an aid worker. This is to avoid misunderstandings or unjustified deportation.**|Q: What does human trafficking entail? A: Human traffickers take advantage of the dependency of undocumented migrants. They are a vulnerable target group. Their lack of knowledge about their rights, precautions and available assistance makes them particularly vulnerable. Victims of human trafficking have often experienced degrading living and/or working conditions and a loss of control over their lives. This often leads to long-term psychological and physical problems.|Q: How can you spot human trafficking? A: * If people are forced to work in unsafe conditions, are paid far too little, or have to work extremely long hours, then this is exploitation.
* If exploitation is accompanied by coercion or is a result of deception, it may also be a case of human trafficking.
* Even if you do not have a residence permit or passport, you have rights in the Netherlands. You have the right to a fair wage and to file a report with the police if you are getting exploited.|Q: Who to contact if you think somebody is victim of Human trafficking? A: In case you think somebody is victim of human trafficking, then always discuss the case with piket or with your Team Captain.|Q: I have work problems (for example, I am not payed, I am not treated well) A: Also when people are undocumented, they still have work rights. 

For questions about labour rights you can share the flyer 'Know your rights when you work' with the person affected:
- [English](https://www.comensha.nl/media/rtbj5ggv/2026-know-your-rights-flyer-geen-verblijfsstatus-eng.pdf) 
- [Dutch](https://www.comensha.nl/media/lwvbm1sm/2026-know-your-rights-flyer-geen-verblijfsstatus-nl.pdf) 
- [Arabic](https://www.comensha.nl/media/y52f42oz/2026-know-your-rights-flyer-geen-verblijfsstatus-ar.pdf) 
- [Portuguese](https://www.comensha.nl/media/igqeeotx/2026-know-your-rights-flyer-geen-verblijfsstatus-po.pdf) 
- [French](https://www.comensha.nl/media/g5zl4y2t/2026-know-your-rights-flyer-geen-verblijfsstatus-fr.pdf) 
- [Spanish](https://www.comensha.nl/media/obpfh0nt/2026-know-your-rights-flyer-geen-verblijfsstatus-esp.pdf) 
- [Indonesian](https://www.comensha.nl/media/hablxzvb/2026-know-your-rights-flyer-geen-verblijfsstatus-bahasa.pdf) 
- [Tagalog](https://www.comensha.nl/media/skdj3gdb/2026-know-your-rights-flyer-geen-verblijfsstatus-tag.pdf)

An important organization that can help when people are mistreated is FairWork.FairWork is specialized in helping people who have problems at work and/or people who are affected by labour exploitation or human trafficking. If the PA shows signs of labour exploitation/human trafficking, you can ask the following questions:

- Can you tell me more about your work environment?
- Are the work conditions as you expected?
- Do you feel safe at work?
- Does your employer treat you badly?
- Are you being forced to do work against your will?

1. If the situation **does not seem urgent:** Send the contact information of FairWork as well as the flyer below. 
2. If the situation is serious and **needs a follow up:** You can make a warm referral: ask for permission to share the phone number of the PA with FairWork, so that the organisation can reach out to the PA directly. Explain to the PA what FairWork does and that someone from the organisation will reach out to them in the following days. If they give approval, contact your TC and explain the situation. They can contact FairWork.
3. If the situation **needs immediate attention:** Inform the TC and they will call FairWork themselves to request help for the PA immediately.

https://www.fairwork.nu/en/homepage/ 
Phone: +31 20 760 08 09
|Q: What can I do if I want to do volunteer work? A: Also volunteer work is complicated when somebody is undocumented. The Red Cross doesn’t provide this service in general for people that are undocumented (for example becoming a Ready 2 Helper is not possible), but sometimes districts can have ideas, especially when they are more familiar with giving support to people that are undocumented. Therefore, first check what kind of volunteer work somebody is looking for. See if there is information on HIA under the category 'Activities'. If not, send somebody to day shelters, because there they work with volunteers or can advise somebody. Or you can also check with a district if they have ideas. 

Example of a message:

*It is really great that you want to do volunteer work. Unfortunately the Red Cross cannot work with volunteers without BSN. I am sorry about that. But I can think with you about what options there are. Can you therefore tell me a bit more about the work you would like to do? And where you are staying?*|Q: Do childeren that are UM have the right to get education? A: Children are even required to attend school until the age of 18! Children aged 5 to 18 must go to school until they have achieved a basic qualification (havo, vwo or mbo diploma level 2 or higher [Dutch school certificates]). Even if your child does not have a residence permit, they are still required to attend school. Children can register at all schools. Public schools are not allowed to refuse them. Special schools (such as Christian or Islamic schools) can. School education is free. In some cities, the Leergeld foundation (https://www.leergeld.nl/) provides assistance in paying for tutoring, laptops and school trips.",
"Are UM children w/o residence permit required to attend school, and can public schools refuse them?",,"Yes, children who are undocumented (UM) are required to attend school in the Netherlands until the age of 18, even without a residence permit. Public schools are not allowed to refuse them; children can register at all public schools. Education is free, and in some cities, the Leergeld foundation can help with extra costs like tutoring or school trips.","Q: What are important support organizations for returning back to country of origin? A: There are different organizations that can help with return back to country of origin. You can find information about this on HIA: https://helpfulinformation.redcross.nl/|Q: What can the Red Cross do? A: The Red Cross does not provide legal support. We can only refer people to the right organizations that have more knowledge about the legal procedures.|Q: Which other organizations can be helpful? A: People can also contact the helpdesk of Stichting LOS if they want juridical advise: https://www.stichtinglos.nl/content/contact . For questions that have nothing to do with their residence permit / legal stay, they can also go to a Juridisch Loket: https://www.juridischloket.nl/contact/. |Q: Can I contact the police? A: Even without a residence permit or passport, you have the right to report a crime in the Netherlands without being deported immediately. If you are the victim of a crime in the Netherlands, you can always report it. The police are obliged to deal with every report.

**For internal use only:** Make sure that you stress that PA has the right to go to the police without being deported. Sometimes people don't know this, while they are a vulnerable group that can be a victim of crime more easily.

**Please note: the police also have the task of deporting undocumented migrants. Therefore, it is advisable for undocumented migrants to make an appointment with the police together with an aid worker. This is to avoid misunderstandings or unjustified deportation.**|Q: What does human trafficking entail? A: Human traffickers take advantage of the dependency of undocumented migrants. They are a vulnerable target group. Their lack of knowledge about their rights, precautions and available assistance makes them particularly vulnerable. Victims of human trafficking have often experienced degrading living and/or working conditions and a loss of control over their lives. This often leads to long-term psychological and physical problems.|Q: How can you spot human trafficking? A: * If people are forced to work in unsafe conditions, are paid far too little, or have to work extremely long hours, then this is exploitation.
* If exploitation is accompanied by coercion or is a result of deception, it may also be a case of human trafficking.
* Even if you do not have a residence permit or passport, you have rights in the Netherlands. You have the right to a fair wage and to file a report with the police if you are getting exploited.|Q: Who to contact if you think somebody is victim of Human trafficking? A: In case you think somebody is victim of human trafficking, then always discuss the case with piket or with your Team Captain.|Q: I have work problems (for example, I am not payed, I am not treated well) A: Also when people are undocumented, they still have work rights. 

For questions about labour rights you can share the flyer 'Know your rights when you work' with the person affected:
- [English](https://www.comensha.nl/media/rtbj5ggv/2026-know-your-rights-flyer-geen-verblijfsstatus-eng.pdf) 
- [Dutch](https://www.comensha.nl/media/lwvbm1sm/2026-know-your-rights-flyer-geen-verblijfsstatus-nl.pdf) 
- [Arabic](https://www.comensha.nl/media/y52f42oz/2026-know-your-rights-flyer-geen-verblijfsstatus-ar.pdf) 
- [Portuguese](https://www.comensha.nl/media/igqeeotx/2026-know-your-rights-flyer-geen-verblijfsstatus-po.pdf) 
- [French](https://www.comensha.nl/media/g5zl4y2t/2026-know-your-rights-flyer-geen-verblijfsstatus-fr.pdf) 
- [Spanish](https://www.comensha.nl/media/obpfh0nt/2026-know-your-rights-flyer-geen-verblijfsstatus-esp.pdf) 
- [Indonesian](https://www.comensha.nl/media/hablxzvb/2026-know-your-rights-flyer-geen-verblijfsstatus-bahasa.pdf) 
- [Tagalog](https://www.comensha.nl/media/skdj3gdb/2026-know-your-rights-flyer-geen-verblijfsstatus-tag.pdf)

An important organization that can help when people are mistreated is FairWork.FairWork is specialized in helping people who have problems at work and/or people who are affected by labour exploitation or human trafficking. If the PA shows signs of labour exploitation/human trafficking, you can ask the following questions:

- Can you tell me more about your work environment?
- Are the work conditions as you expected?
- Do you feel safe at work?
- Does your employer treat you badly?
- Are you being forced to do work against your will?

1. If the situation **does not seem urgent:** Send the contact information of FairWork as well as the flyer below. 
2. If the situation is serious and **needs a follow up:** You can make a warm referral: ask for permission to share the phone number of the PA with FairWork, so that the organisation can reach out to the PA directly. Explain to the PA what FairWork does and that someone from the organisation will reach out to them in the following days. If they give approval, contact your TC and explain the situation. They can contact FairWork.
3. If the situation **needs immediate attention:** Inform the TC and they will call FairWork themselves to request help for the PA immediately.

https://www.fairwork.nu/en/homepage/ 
Phone: +31 20 760 08 09
|Q: What can I do if I want to do volunteer work? A: Also volunteer work is complicated when somebody is undocumented. The Red Cross doesn’t provide this service in general for people that are undocumented (for example becoming a Ready 2 Helper is not possible), but sometimes districts can have ideas, especially when they are more familiar with giving support to people that are undocumented. Therefore, first check what kind of volunteer work somebody is looking for. See if there is information on HIA under the category 'Activities'. If not, send somebody to day shelters, because there they work with volunteers or can advise somebody. Or you can also check with a district if they have ideas. 

Example of a message:

*It is really great that you want to do volunteer work. Unfortunately the Red Cross cannot work with volunteers without BSN. I am sorry about that. But I can think with you about what options there are. Can you therefore tell me a bit more about the work you would like to do? And where you are staying?*|Q: Do childeren that are UM have the right to get education? A: Children are even required to attend school until the age of 18! Children aged 5 to 18 must go to school until they have achieved a basic qualification (havo, vwo or mbo diploma level 2 or higher [Dutch school certificates]). Even if your child does not have a residence permit, they are still required to attend school. Children can register at all schools. Public schools are not allowed to refuse them. Special schools (such as Christian or Islamic schools) can. School education is free. In some cities, the Leergeld foundation (https://www.leergeld.nl/) provides assistance in paying for tutoring, laptops and school trips.",
"Does the Red Cross provide clothing directly to individuals via their helpline, or only at shelters?",,"The Red Cross does not provide clothing directly to individuals via their helpline; clothing is only provided at shelter locations. For individual needs, they refer people to other options found on HIA or by searching online.","Q: Does the Red Cross provide clothing? A: We don't provide clohting to individuals, only to shelter locations. Therefore, we cannot help somebody on our helpline directly, but we can only refer them to options that are found on HIA or by googling. Always check where somebody lives so you can give them the option most closeby. Find a list of options per city on HIA: https://helpfulinformation.redcross.nl/ |Q: Can I donate clothing to the Red Cross? A: The Red Cross cooperates with Sympany for collection of clothing donations and repurposing them. Via this link you can find the closest donationcontainer: https://www.sympany.nl/",
How do Red Cross clothing assistance and donation processes differ for individuals in Amsterdam?,,"The Red Cross does not provide clothing directly to individuals, only to shelter locations. Individuals in Amsterdam seeking clothing assistance are referred to local options listed on HIA: https://helpfulinformation.redcross.nl/. For donating clothing, the Red Cross works with Sympany, and you can find the nearest donation container in Amsterdam via https://www.sympany.nl/.","Q: Does the Red Cross provide clothing? A: We don't provide clohting to individuals, only to shelter locations. Therefore, we cannot help somebody on our helpline directly, but we can only refer them to options that are found on HIA or by googling. Always check where somebody lives so you can give them the option most closeby. Find a list of options per city on HIA: https://helpfulinformation.redcross.nl/ |Q: Can I donate clothing to the Red Cross? A: The Red Cross cooperates with Sympany for collection of clothing donations and repurposing them. Via this link you can find the closest donationcontainer: https://www.sympany.nl/",
"Can I donate clothing to the Red Cross via Sympany, and how do I find the nearest container?",,"Yes, you can donate clothing to the Red Cross via Sympany. To find the nearest donation container, visit: https://www.sympany.nl/","Q: Does the Red Cross provide clothing? A: We don't provide clohting to individuals, only to shelter locations. Therefore, we cannot help somebody on our helpline directly, but we can only refer them to options that are found on HIA or by googling. Always check where somebody lives so you can give them the option most closeby. Find a list of options per city on HIA: https://helpfulinformation.redcross.nl/ |Q: Can I donate clothing to the Red Cross? A: The Red Cross cooperates with Sympany for collection of clothing donations and repurposing them. Via this link you can find the closest donationcontainer: https://www.sympany.nl/",
"Does the Red Cross distribute clothing directly to individuals, or exclusively to shelter locations?",,"The Red Cross distributes clothing exclusively to shelter locations, not directly to individuals.","Q: Does the Red Cross provide clothing? A: We don't provide clohting to individuals, only to shelter locations. Therefore, we cannot help somebody on our helpline directly, but we can only refer them to options that are found on HIA or by googling. Always check where somebody lives so you can give them the option most closeby. Find a list of options per city on HIA: https://helpfulinformation.redcross.nl/ |Q: Can I donate clothing to the Red Cross? A: The Red Cross cooperates with Sympany for collection of clothing donations and repurposing them. Via this link you can find the closest donationcontainer: https://www.sympany.nl/",
Where can I locate the closest Sympany clothing donation container using the provided online tool?,,You can locate the closest Sympany clothing donation container by visiting https://www.sympany.nl/ and using their online tool.,"Q: Does the Red Cross provide clothing? A: We don't provide clohting to individuals, only to shelter locations. Therefore, we cannot help somebody on our helpline directly, but we can only refer them to options that are found on HIA or by googling. Always check where somebody lives so you can give them the option most closeby. Find a list of options per city on HIA: https://helpfulinformation.redcross.nl/ |Q: Can I donate clothing to the Red Cross? A: The Red Cross cooperates with Sympany for collection of clothing donations and repurposing them. Via this link you can find the closest donationcontainer: https://www.sympany.nl/",
"If someone calls the Red Cross helpline for clothing, how should I respond and verify their location?",,"If someone calls the Red Cross helpline for clothing, inform them that the Red Cross does not provide clothing to individuals, only to shelter locations. Ask where they live so you can refer them to the closest available options, which you can find per city on HIA: https://helpfulinformation.redcross.nl/.","Q: Does the Red Cross provide clothing? A: We don't provide clohting to individuals, only to shelter locations. Therefore, we cannot help somebody on our helpline directly, but we can only refer them to options that are found on HIA or by googling. Always check where somebody lives so you can give them the option most closeby. Find a list of options per city on HIA: https://helpfulinformation.redcross.nl/ |Q: Can I donate clothing to the Red Cross? A: The Red Cross cooperates with Sympany for collection of clothing donations and repurposing them. Via this link you can find the closest donationcontainer: https://www.sympany.nl/",
"If a shelter suddenly needed extra clothing, how would Red Cross support their urgent request?",,"If a shelter urgently needed extra clothing, the Red Cross could provide clothing directly to the shelter location, as they supply clothing to shelters but not to individuals. The shelter should contact the Red Cross to arrange support.","Q: Does the Red Cross provide clothing? A: We don't provide clohting to individuals, only to shelter locations. Therefore, we cannot help somebody on our helpline directly, but we can only refer them to options that are found on HIA or by googling. Always check where somebody lives so you can give them the option most closeby. Find a list of options per city on HIA: https://helpfulinformation.redcross.nl/ |Q: Can I donate clothing to the Red Cross? A: The Red Cross cooperates with Sympany for collection of clothing donations and repurposing them. Via this link you can find the closest donationcontainer: https://www.sympany.nl/",
How does Sympany's partnership affect Red Cross clothing collection and donation container accessibility?,,"Sympany's partnership with the Red Cross enables efficient collection and repurposing of clothing donations. Through this cooperation, individuals can easily find and access the nearest donation container using Sympany’s website: https://www.sympany.nl/. This makes donating clothing more accessible and organized.","Q: Does the Red Cross provide clothing? A: We don't provide clohting to individuals, only to shelter locations. Therefore, we cannot help somebody on our helpline directly, but we can only refer them to options that are found on HIA or by googling. Always check where somebody lives so you can give them the option most closeby. Find a list of options per city on HIA: https://helpfulinformation.redcross.nl/ |Q: Can I donate clothing to the Red Cross? A: The Red Cross cooperates with Sympany for collection of clothing donations and repurposing them. Via this link you can find the closest donationcontainer: https://www.sympany.nl/",
How can you match a person's location to the nearest Red Cross clothing assistance resource?,,"To match a person's location to the nearest Red Cross clothing assistance resource, first check where the person lives. Then, use the list of options per city on HIA: https://helpfulinformation.redcross.nl/ to find the closest available resource.","Q: Does the Red Cross provide clothing? A: We don't provide clohting to individuals, only to shelter locations. Therefore, we cannot help somebody on our helpline directly, but we can only refer them to options that are found on HIA or by googling. Always check where somebody lives so you can give them the option most closeby. Find a list of options per city on HIA: https://helpfulinformation.redcross.nl/ |Q: Can I donate clothing to the Red Cross? A: The Red Cross cooperates with Sympany for collection of clothing donations and repurposing them. Via this link you can find the closest donationcontainer: https://www.sympany.nl/",
"How can individuals in NL find city-specific clothing aid, considering Red Cross and HIA/Sympany resources?",,"Individuals in the Netherlands can find city-specific clothing aid by checking the HIA website (https://helpfulinformation.redcross.nl/) for local options, as the Red Cross does not provide clothing directly to individuals but only to shelters. For donating clothing, they can use Sympany’s donation containers, with locations found at https://www.sympany.nl/. Always verify the individual's location to provide the nearest available option.","Q: Does the Red Cross provide clothing? A: We don't provide clohting to individuals, only to shelter locations. Therefore, we cannot help somebody on our helpline directly, but we can only refer them to options that are found on HIA or by googling. Always check where somebody lives so you can give them the option most closeby. Find a list of options per city on HIA: https://helpfulinformation.redcross.nl/ |Q: Can I donate clothing to the Red Cross? A: The Red Cross cooperates with Sympany for collection of clothing donations and repurposing them. Via this link you can find the closest donationcontainer: https://www.sympany.nl/",
How does the Red Cross's approach to clothing provision differ from its clothing donation process?,,"The Red Cross does not provide clothing directly to individuals, only to shelter locations. In contrast, for clothing donations, the Red Cross partners with Sympany, which collects and repurposes donated clothing via designated containers.","Q: Does the Red Cross provide clothing? A: We don't provide clohting to individuals, only to shelter locations. Therefore, we cannot help somebody on our helpline directly, but we can only refer them to options that are found on HIA or by googling. Always check where somebody lives so you can give them the option most closeby. Find a list of options per city on HIA: https://helpfulinformation.redcross.nl/ |Q: Can I donate clothing to the Red Cross? A: The Red Cross cooperates with Sympany for collection of clothing donations and repurposing them. Via this link you can find the closest donationcontainer: https://www.sympany.nl/",
"If an individual outside a shelter needs clothing, how can Red Cross referral processes assist them?",,"If an individual outside a shelter needs clothing, the Red Cross cannot provide clothing directly but can refer them to local options found on HIA or by searching online. Always check the person's location to suggest the nearest available resources. A list of options per city is available at https://helpfulinformation.redcross.nl/.","Q: Does the Red Cross provide clothing? A: We don't provide clohting to individuals, only to shelter locations. Therefore, we cannot help somebody on our helpline directly, but we can only refer them to options that are found on HIA or by googling. Always check where somebody lives so you can give them the option most closeby. Find a list of options per city on HIA: https://helpfulinformation.redcross.nl/ |Q: Can I donate clothing to the Red Cross? A: The Red Cross cooperates with Sympany for collection of clothing donations and repurposing them. Via this link you can find the closest donationcontainer: https://www.sympany.nl/",
Where can individuals access city-specific clothing assistance options via the HIA Red Cross website?,,"Individuals can access city-specific clothing assistance options via the HIA Red Cross website at https://helpfulinformation.redcross.nl/, where a list of options per city is available.","Q: Does the Red Cross provide clothing? A: We don't provide clohting to individuals, only to shelter locations. Therefore, we cannot help somebody on our helpline directly, but we can only refer them to options that are found on HIA or by googling. Always check where somebody lives so you can give them the option most closeby. Find a list of options per city on HIA: https://helpfulinformation.redcross.nl/ |Q: Can I donate clothing to the Red Cross? A: The Red Cross cooperates with Sympany for collection of clothing donations and repurposing them. Via this link you can find the closest donationcontainer: https://www.sympany.nl/",
"How does the Red Cross handle clothing donations and distribution, considering its partnership with Sympany?",,"The Red Cross does not distribute clothing directly to individuals but provides clothing only at shelter locations. For clothing donations, the Red Cross partners with Sympany, which manages collection and repurposing. You can find the nearest donation container via https://www.sympany.nl/.","Q: Does the Red Cross provide clothing? A: We don't provide clohting to individuals, only to shelter locations. Therefore, we cannot help somebody on our helpline directly, but we can only refer them to options that are found on HIA or by googling. Always check where somebody lives so you can give them the option most closeby. Find a list of options per city on HIA: https://helpfulinformation.redcross.nl/ |Q: Can I donate clothing to the Red Cross? A: The Red Cross cooperates with Sympany for collection of clothing donations and repurposing them. Via this link you can find the closest donationcontainer: https://www.sympany.nl/",
"How does the Red Cross, with Sympany, manage clothing donations and individual clothing requests?",,"The Red Cross works with Sympany to collect and repurpose clothing donations through designated containers (find locations at https://www.sympany.nl/). The Red Cross does not provide clothing directly to individuals, only to shelter locations. For individual clothing needs, people are referred to local options listed on HIA: https://helpfulinformation.redcross.nl/.","Q: Does the Red Cross provide clothing? A: We don't provide clohting to individuals, only to shelter locations. Therefore, we cannot help somebody on our helpline directly, but we can only refer them to options that are found on HIA or by googling. Always check where somebody lives so you can give them the option most closeby. Find a list of options per city on HIA: https://helpfulinformation.redcross.nl/ |Q: Can I donate clothing to the Red Cross? A: The Red Cross cooperates with Sympany for collection of clothing donations and repurposing them. Via this link you can find the closest donationcontainer: https://www.sympany.nl/",
Where can I locate the nearest Sympany clothing donation container using the provided online resources?,,You can locate the nearest Sympany clothing donation container by visiting https://www.sympany.nl/ and using their online tool to find the closest container to your location.,"Q: Does the Red Cross provide clothing? A: We don't provide clohting to individuals, only to shelter locations. Therefore, we cannot help somebody on our helpline directly, but we can only refer them to options that are found on HIA or by googling. Always check where somebody lives so you can give them the option most closeby. Find a list of options per city on HIA: https://helpfulinformation.redcross.nl/ |Q: Can I donate clothing to the Red Cross? A: The Red Cross cooperates with Sympany for collection of clothing donations and repurposing them. Via this link you can find the closest donationcontainer: https://www.sympany.nl/",
"If someone relocates to a new city, how would their clothing assistance options change?",,"If someone relocates to a new city, their clothing assistance options may change because available resources differ by location. You should always check where the person lives to provide the closest options, which can be found per city on HIA: https://helpfulinformation.redcross.nl/. The Red Cross does not provide clothing directly to individuals, but can refer people to local options.","Q: Does the Red Cross provide clothing? A: We don't provide clohting to individuals, only to shelter locations. Therefore, we cannot help somebody on our helpline directly, but we can only refer them to options that are found on HIA or by googling. Always check where somebody lives so you can give them the option most closeby. Find a list of options per city on HIA: https://helpfulinformation.redcross.nl/ |Q: Can I donate clothing to the Red Cross? A: The Red Cross cooperates with Sympany for collection of clothing donations and repurposing them. Via this link you can find the closest donationcontainer: https://www.sympany.nl/",
