user_input,bot_output,context
I don't have a place to stay because I escaped from my trafficker. I don't know where to start.,"I'm really sorry to hear about your situation. It’s important to find safe shelter and support as soon as possible. In the HIA app, you can look for resources related to emergency housing, shelters, or organizations that help people escaping trafficking. Would you like me to help you find information on safe places to stay or support services available through the app?",
"I am running away from my abuser, who is searching for me and my children. I do not know where I am and I am very afraid. What can I do?","I'm really sorry to hear that you're in this situation. Your safety and the safety of your children are the most important things right now. Here are some steps you can consider:

1. Contact Emergency Services: If you are in immediate danger, please call emergency services (such as 911) right away.

2. Reach Out to a Domestic Violence Hotline: They can provide you with confidential support, advice, and resources tailored to your situation.

3. Find a Safe Place: If possible, go to a shelter or a trusted friend's or family member's home where your abuser cannot find you.

4. Keep Important Documents and Essentials: If you can, keep identification, important documents, some money, and essentials for you and your children with you.

5. Consider Legal Protection: You might want to look into obtaining a restraining order or protection order against your abuser.

6. Use Technology Safely: Be cautious with your phone and online activity, as your abuser might track you through these means.

If you want, I can help you find specific resources or information within the HIA app that might assist you. Please let me know how I can support you.",
"I need help because I am in danger, but I do not want to go to the police because I am afraid of being deported.","I'm really sorry to hear that you're in danger. While I can't provide emergency assistance, I strongly encourage you to seek help from trusted local organizations or support services that can assist you safely without involving the police if that is your concern. If you want, I can help you find resources or information within the HIA app that might be able to support you. Would you like me to do that?",
"I have been to 3 hospitals, but they refuse me because I am undocumented. I am in immense pain and need immediate attention. I am in Amsterdam. What do I do?","Hello, I am Aidly, the HIA chatbot.

If you are undocumented in Amsterdam and in immense pain needing immediate medical attention, you still have the right to necessary medical care in the Netherlands, even without residency status.

Here are some steps you can take:

- Visit the GGD Center for Sexual Health in Amsterdam if your issue relates to sexual health; they provide free care without needing ID or health insurance. You can make an appointment by phone at (020) 555 5822 or via their website: https://afspraak.ggdaphrodite.nl/?lang=en

- For urgent medical issues outside regular hours, you can call or visit the Huisartsenpost Amsterdam at +31 88 - 00 30 600 (open 17:00 - 08:00). If it is life-threatening, call 112 immediately.

- You can also reach out to the Netherlands Red Cross Humanitarian Service Point in Amsterdam, where they examine your situation and seek possible solutions regardless of your papers.

- If you are unable to pay for medically necessary care, healthcare providers can appeal to subsidy schemes for uninsured persons.

- If you feel your pain is an emergency, do not hesitate to call 112 or go to the Emergency Room of the nearest hospital.

Please seek help immediately through these channels. Your health and safety are important.","Document: Remaining Undocumented If you remain in the Netherlands without residency status you will become *undocumented*.

Undocumented persons do not have a right to housing, work or government subsidies.

However, you still have the right to necesarry medical care, judicial assistance and children under 18 have to right to attend school as well.  

You can choose to apply for asylum at any point with undocumented status.  

For more information you can reach out to the Red Cross helpline via Whatsapp here: https://wa.me/31614458781 or visit the Red Cross website Helpful Information: https://helpfulinformation.redcross.nl/;Document: Amsterdam (e-mail !)

HSP is closed Ukrainians in Amsterdam can report to the municipality directly via opvangoekraine@amsterdam.nl   

Sometimes, the person may initially receive a rejection due to the current situation in NL.

We recommend following up on the response and continuing communication with the municipality via the same email.

In your follow-up, kindly explain your situation, where you're staying, and how long you can stay there.

Also, include any important details about your circumstances, such as medical conditions, young children, or other special needs;Document: GGD Center for Sexual Health in Amsterdam You can talk to the GGD about every topic concerning your body, your relations and sex.

They can provide care regarding your sexual health, sexual orientation, gender issues,  sexwork or sexual violence.

Come in to talk about ways to protect yourself with  PEP/PrEP, contraception and vaccinations.

This is a LHBT-friendly centre.

You don't need  ID / BSN / health-insurance.  

You have to call or use the website link to make an appointment.   

Everyone is welcome, the care is free of charge.

You do not need a referral by a doctor.   

All healthcare workers have professional secrecy.  

https://afspraak.ggdaphrodite.nl/?lang=en   Phone: (020) 555 5822  Address: GGD Amsterdam Centrum voor Seksuele Gezondheid Nieuwe Achtergracht 100 1018 WT Amsterdam (near Weesperplein metro station);Document: I am a transperson, where can I get support?

If you need trans care, you can contact the Trans United trans clinic, a community initiative with support from the GGD Amsterdam:  https://transunitedeurope.eu/?page_id=255  

For more information see:  - https://www.refugeehelp.nl/en/ukrainian-refugee/article/100298-living-in-the-netherlands-as-an-lgbtqia-individual - https://www.refugeehelp.nl/en/ukrainian-refugee/article/100299-activities-for-the-lgbtqia-community;Document: I need medical treatment in the Netherlands and an I am abroad  Many people in Ukraine lack access to the medical care they need.

This can be for all kinds of diseases, like cancer treatment, but also for wounds caused by grenades, bullets or mines.   

For a detailed step-by-step guide on handling cases where PAs abroad want to come to the Netherlands, see below.  

## Important notes  - There are two main categories of people wanting to come to NL for medical treatment.

Always ask the PA about their goal of coming to the Netherlands:  1.

Coming to the Netherlands for temporary treatment and then returning to Ukraine: Since the start of the war, the EU has designed a standard procedure for Ukrainians in need of urgent medical care.

The patients must be applied by their doctor for one of the following programs: Medevac Coordination Center (Civil) or Medical Forces Command (Military).

EU countries (NL included) will receive these applications and can decide to accept the case, after which the patient will be brought to a medical hub in Poland and then transferred to the country that accepted.;Document: I need medical treatment and I am in the Netherlands.

What can I do?  

All hospitals in the Netherlands provide medical care for Ukrainian refugees, including Ukrainian PAs with cancer.

They can continue their treatment in the Netherlands, in consultation with a doctor.  

First, you need to visit a general practitioner (GP), who will refer you to the hospital if necessary.

If you have your medical file, bring it with you as it can be helpful.

Having a Dutch-speaking person assist you can also make the process easier, but it is not mandatory.   

For more information on finding a GP, see the questions under the sub-category 'doctor' or click [here](https://agreeable-forest-090d2f903.4.azurestaticapps.net/ukraine/health-wellbeing/doctor)  

For most recent information on cancer treatment see: https://www.kanker.nl/nieuwsberichten/gratis-kankerzorg-voor-oekraiense-vluchtelingen;Document: Netherlands Red Cross Amsterdam Every person in need, regardless of background and papers, is welcome at the Humanitarian Service Point in the Amsterdam office of The Netherlands Red Cross.

For everyone who visits, the situation is examined and a possible solution is sought.

To find a solution, the Red Cross is also dependent on available assistance from other organizations.;Document: Will I still receive care if I do not apply for asylum?

If you do not want to go through the asylum procedure or your asylum application has been rejected, you will be responsible for the costs of care yourself from 4 March 2024.

If you are unable to pay the costs of medically necessary care, the healthcare provider can appeal to the Subsidy Scheme for Medically Necessary Care for Uninsured Persons (SOV) or the Uninsurable Scheme (OVV) (https://www.hetcak.nl/zakelijk/onverzekerbare-vreemdelingen/).;Document: Do I still receive healthcare?

You always have the right to medically necessary care in the Netherlands.

How that care is paid for depends on the situation.;Document: Do I need health insurance?

For displaced persons from Ukraine, basic healthcare and urgent medical care are covered.

As of 1 July 2022, displaced persons from Ukraine with a BSN will be covered by the Medical Care for Displaced Persons Regulation (RMO).

For more information about RMO see: https://www.rmoekraine.nl/Zorgverleners/over-RMO  You do need to take out health insurance when you start working in the Netherlands.   

For most recent information see:  https://www.refugeehelp.nl/en/ukrainian-refugee/article/100084-you-are-entitled-to-healthcare-through-the-rmo  https://www.rijksoverheid.nl/actueel/nieuws/2022/06/29/zorgverzekering-ontheemden-oekraine-verandert;Document: All information shared is kept confidential.

The support offered by FairWork is free of charge.

See: www.fairwork.nu.   

Potential victims are entitled to the assistance of a lawyer.

Specialised counsellors can make referrals.

If a (migration) lawyer is already in place, it is advisable to discuss possible trafficking/exploitation with him/her.   

After a crime such as human trafficking, but also in cases of (sexual) violence, for example, it is possible to report it.

Undocumented migrants also have the right to report safely to the specialised police department (AVIM).

For undocumented migrants, we recommend going to the police together with a social worker.

Specialised social workers can provide information on the reporting procedure    In cases of human trafficking in the Netherlands (sometimes also within EU), victims who report human trafficking are entitled to assistance and protection, such as shelter and a temporary residence permit.

There are conditions attached to this.

For more information see: [Ondersteunen van slachtoffers |Wegwijzer mensenhandel](https://www.wegwijzermensenhandel.nl/ondersteunen-van-slachtoffers);Document: Huisartsenpost Amsterdam When you are in Amsterdam you can call or visit this place if you feel very sick outside of times that regular health services are open.  

+31 88 - 00 30 600 (17:00 - 08:00)  https://www.huisartsenpostenamsterdam.nl/  

If it's life-threatening: Call 112 instead!;Document: I need an orthodontist, where can I go and is it reimbursed?  

In principle, the orthodontist will not be reimbursed.

The 16 orthodontic practices of TopOrtho in the Netherlands offer orthodontic emergency care up to €250 free of charge to refugees.     

For most recent information and to maken an appointment see: https://www.toportho.nl/emergency-dental-care-for-ukrainian-refugees-in-the-netherlands/;Document: Where can I find general information about healthcare in The Netherlands?

For an overview of questions about your own healthcare or your family's, you can go to the website of the Dutch government: https://www.government.nl/topics/themes/family-health-and-care   For an infografic about primary care in the Netherlands see: [NL](https://www.pharos.nl/kennisbank/infographic-eerstelijnszorg-nederlands-versie-voor-oekraiense-ontheemden/)

[UA](https://www.pharos.nl/kennisbank/infographic-eerstelijnszorg-oekraiens/)  For an overview of educational materials in different languages [click here](https://ggdghor.nl/wp-content/uploads/2024/01/Overzicht-voorlichtingsmateriaal-in-diverse-talen-versie-2024.pdf)  

For an information video about healthcare in the Netherlands by the Red Cross choose your language below: [EN](https://youtu.be/cQogocKtJ-o)

[UA](https://youtu.be/3Bf7Riv8YuY);Document: Where can I find healthcare for my child?  

The JGZ (youth healthcare) is responsible for preventive care for children, including those of refugees.

The JGZ provides physical, cognitive and psychosocial screenings and provides vaccinations in accordance with the National Vaccination Programme.   

Displaced persons from the Ukraine in the Netherlands can make use of this care free of charge.

Please contact the youth healthcare department of the regional GGD or JGZ organisation.  

An overview of JGZ locations can be found on Zorgkaart Nederland: https://www.zorgkaartnederland.nl/jeugdgezondheidszorg;Document: In the evening / office hours; check urgency and if it can wait for the next day.

Explain that somebody can always call 112 or go to the huisartsenpost.   

- Check really well if information is clear and if they can follow up with the information that you provided.

Let them know they can always come back when they face issues or do not receive the right help.   

Do you have an emergency?

Call 112 or go to the Emergency Room in the nearest hospital.  

In the next two questions you can find information on how to find a GP.  

For most recent information see: https://www.refugeehelp.nl/en/ukrainian-refugee/article/100072-this-is-how-the-dutch-healthcare-system-works;Document: Access to medical care - Third party insurance - Living allowance (if asylum procedure has started) - Public transportation card - Education and development program - Payment of extraordinary expenses  Based on Red Cross standards, the following are specifically added: - Clothing and shoes - Locker - Night light - Shower gel - Shampoo - Toothbrush & toothpaste - Menstural hygiene - Razor - Bath Towel - Small towel - Hairbrush - Diapers - Baby lotion - Washing up liquid - Washing machine detergent - Space for children - Space for men - Space for women  For more information see:  - https://vng.nl/sites/default/files/2021-10/handreiking-crisisnoodopvang.pdf - https://wetten.overheid.nl/BWBR0017959/2022-01-01#HoofdstukIV;Document: but they don't need to understand it themselves.  

- [This website](https://www.kiesuwhuisarts.nl/)lists the addresses of general practitioners in your area (classification by zip code).  

- You can also check [this website](https://www.zorgkaartnederland.nl/huisarts?zoekterm=huisarts.) -

For most recent information, [check this website](https://www.refugeehelp.nl/en/ukrainian-refugee/article/100072-this-is-how-the-dutch-healthcare-system-works)  

You are not obliged to register with a general practitioner, but it is recommended.;Document: [UA](https://youtu.be/3Bf7Riv8YuY)

[RUS](https://youtu.be/tBTuyLwrsAc)  

For most recent information see: https://www.refugeehelp.nl/en/ukrainian-refugee/article/100072-this-is-how-the-dutch-healthcare-system-works;Document: The doctor will determine whether this is necessary.  

3)

If the doctor does not want to arrange a translator or don't know how to do this, you can show the website mentioned before (https://www.zoschakeltueentolkin.nl/)   

For more information, check the links below: - https://www.refugeehelp.nl/en/ukrainian-refugee/article/100075-this-is-how-healthcare-works - https://www.refugeehelp.nl/en/ukrainian-refugee/article/100398-what-you-need-to-know-if-you-have-a-healthcare-appointment-and-do-not-speak-dutch"
I need a doctor.,"Hello! I'm Aidly, the HIA chatbot. I can help you find information about doctors in the HIA app. Could you please specify what kind of doctor you need or any particular specialty you're looking for?",
I'm homeless and looking for a shelter. I am very tired. I don't have anyone to help me.,"Hello, I am Aidly, the HIA chatbot. I'm sorry to hear about your situation. If you are fleeing domestic or relational violence, you can call the crisis shelter ""Stay away from my Body"" (Blijf van mijn Lijf-huis) for help at the free number 0800 0117.

If you are looking for general shelter, you should visit a municipality (""gemeente"") in the Netherlands. Municipalities register displaced persons and help find housing and shelter. You can also visit a Humanitarian Service Point run by the Red Cross, where you can rest, eat, drink, charge your phone, and get information about shelter options.

If you want more detailed information or assistance, please let me know.","Document: Crisis shelter ""Stay away from my Body"" (Blijf van mijn Lijf-huis) Did you flee because of domestic or relational violence?

The crisis shelter of ""Stay away from my body"" can help you.

Call for free: 0800 0117.;Document: Can the Red Cross provide me with a place to live?

The Red Cross is not responsible for the placement of people in the shelters.

This is done by the municipality.

The Red Cross does help in the management of some shelters, but most shelters are run by municipalities and other organizations.

This means that the Red Cross cannot influence the placement in shelters.

You should go to one of the registration points to get shelter.   

For more information, please see: https://www.refugeehelp.nl/en/ukrainian-refugee/109-shelter;Document: What facilities should be available at a Crisis Emergency Shelter?

The following facilities must be present at a crisis emergency shelter: - Goods hygiene - Beds, mattresses, pillows, blankets, etc. - Marker materials, potester materials, printer, markers - Wifi (very strong network for residents) - Plenty of charging stations phones residents - Recreational activities - Clothes (seasonal) young and old - Cleaning supplies - Meals (or dining money) -

Access to medical care - Third party insurance  Based on Red Cross standards, the following are specifically added: - Clothing and shoes - Shower gel - Shampoo - Toothbrush & toothpaste - Menstural hygiene - Razor - Bath Towel - Hairbrush - Diapers - Space for children  For more information see:  - https://vng.nl/sites/default/files/2021-10/handreiking-crisisnoodopvang.pdf - https://wetten.overheid.nl/BWBR0017959/2022-01-01#HoofdstukIV;Document: If this is the case, you can request resettlement at the municipality.

For more information, talk with the management of your shelter location, or go to the municipality.

Please note that your request may not be honored.;Document: What facilities should be available at an Emergency Shelter?

The following facilities must be present at a crisis emergency shelter: - Goods hygiene - Beds, mattresses, pillows, blankets, etc. - Marker materials, potester materials, printer, markers - Wifi (very strong network for residents) - Plenty of charging stations phones residents - Recreational activities - Clothes (seasonal) young and old - Cleaning supplies - Meals (or dining money) -;Document: Where can I find shelter when arriving in the Netherlands?  

Links to the Red Cross Website  On the Red Cross Website you can now find updated information regarding the shelter process for Ukrainian refugees.

Click on the following links for the [English](https://www.rodekruis.nl/english-information/), [Ukrainian](https://www.rodekruis.nl/ukrainian/) and the [Russian](https://www.rodekruis.nl/russian/) version of this webpage.

You can always share these links with the PA as well.

See also below what the general explanation is.   

General advice  If you want to apply for Temporary Protection and need help with a shelter place, visit a municipality (""gemeente"" in Dutch).

Municipalities register displaced Ukrainians and help find housing.

(Please check the latest Temporary Protection rules on [RefugeeHelp](https://www.refugeehelp.nl/ru/ukrainian-refugee/article/100187-chtoby-poluchit-vremennuyu-zashchitu-vy-dolzhny-sootvetstvovat-etim-usloviyam).);Document: Can I switch from one shelter to another location?                                                                                                                                                                                                           

The Red Cross does not influence the placement in the shelters.

This is done by the municipalities.

Therefore, the Red Cross cannot assist you with changing locations.  

Unfortunately, the housing situation is really tough in the Netherlands.

If you live in a municipal shelter already, it is nearly impossible to change from one municipal shelter to a different municipal shelter.   

You could always try to arrange new accommodation by yourself.

Although this is very difficult, you could check this website for example: https://www.funda.nl/en/huur/. You could also register with the housing corporation in the municipality of your choice to find housing.

Hopefully, you will find some suitable options for you.  

If you do have urgent reasons for relocating (e.g. medical reasons), you could request to change shelters.

First, check if there is a place available in the shelter of your choice.

If this is the case, you can request resettlement at the municipality.

For more information, talk with the management of your shelter location, or go to the municipality.

Please note that your request may not be honored.;Document: You are still allowed to open your home to displaced persons.

In the Government's Guidelines, you will find important information: https://www.rijksoverheid.nl/documenten/publicaties/2022/04/15/handreiking-particuliere-opvang-oekrainers-poo  Thank you again for your offer and for opening your home.

We hope you can help someone in need.  

Kind regards, Red Cross Shelter Team;Document: What happens at the end of the stay with a host family?  

If the stay at a private shelter ends, you can choose from three options (see sub-questions).;Document: Can I change a shelter (because conditions are not nice, or to be closer to work, or to be closer to family and friends, or because I want to live in the city/in the countryside/in a different place, etc.)?

The Red Cross does not influence the placement in the shelters.

This is done by the municipalities.

Therefore, the Red Cross cannot assist you with changing locations.  

Unfortunately, the housing situation is really tough in the Netherlands.

If you live in a municipal shelter already, it is nearly impossible to change from one municipal shelter to a different municipal shelter.   

You could always try to arrange new accommodation by yourself.

Although this is very difficult, you could check this website for example: https://www.funda.nl/en/huur/. You could also register with the housing corporation in the municipality of your choice to find housing.

Hopefully, you will find some suitable options for you.  

If you do have urgent reasons for relocating (e.g. medical reasons), you could request to change shelters.

First, check if there is a place available in the shelter of your choice.

If this is the case, you can request resettlement at the municipality.;Document: Another host shelter You can look for a new host family.

You can do this through your social network or through various local initiatives.

It is important that you register in the Basic Registration of Persons (BRP) of the new municipality, or report the new address to the BRP if you stay in the same municipality.;Document: I had already applied to be considered for placement.

What happens now?

Unfortunately, due to the termination of the project, RefugeeHomeNL is no longer able to offer you a placement.

You still retain the right to receive support in the Netherlands.  - If you are currently staying in a Municipal Shelter and seeking an alternative, please inquire with the municipality where you are residing for available options.

- If you are currently in private shelter and looking for alternatives, please consult the municipality where you are staying for further guidance.

- Apart from Municipal and Private Accommodation, you can also explore finding independent housing, such as rentals, purchases, boarding houses, hostels, etc. -

If you are currently in Ukraine or another country and planning to come to the Netherlands, you can find information here: https://www.refugeehelp.nl/en/ukrainian-refugee/126-arrival-in-the-netherlands   Need help for shelter of housing in the Netherlands?

Visit http://www.refugeehelp.nl for comprehensive information on available options for shelter and housing in the Netherlands.

VluchtelingenWerk Nederland provides various means of contact for additional help and advice.;Document: What does a Humanitarian Service Point (HSP) offer?

Humanitarian Service Points are run by the Red Cross.

At a Humanitarian Service Point you can rest, eat and drink something, and charge your phone.

You will receive further information about how shelter is arranged in the Netherlands, and the journey onward.

Humanitarian Service Points are not registration locations.

They are intended as a place where you can rest and to help you on your way.

At a registration location, the municipality determines who does and does not have access to shelter and you are registered.

At Humanitarian Service Points, Red Cross employees inform you about the options for shelter, but they do not determine any policies.;Document: Public shelter If you are covered by the Temporary Protection Directive, you keep your right to reception.

The reception is a joint responsibility of all Dutch municipalities and Safety Regions.

In the first place you report to the municipality in which you are registered with a request for a place in the municipal reception facilities.

If there is no room (or no longer any room), the 'registering municipality' will contact the safety region.

The safety region will see if there is a place available in the region.

If that is not the case, the safety region submits a request for trans-regional relocation to the KCIO (Ukraine Coordination Information Office).;Document: Can I stay in the shelter with my pet?  

Yes, you can.

However, please note that centers are overcrowded, and space for pets is very limited.

Availability depends on the municipality.

Therefore it is very possible that there is no place for you and the pet together.  

For most recent information see: https://www.refugeehelp.nl/en/ukrainian-refugee/article/100049-pets;Document: Can I stay in the public shelter while I have a paid job?  

Displaced persons from Ukraine that are doing paid work may remain at the municipal reception centre.

However, you will have to pay a contribution.

You can also move to other accommodation, for instance with a host family, friends or family members, or at a hotel.  

For most recent information see: https://www.government.nl/topics/reception-of-refugees-from-ukraine/work-and-income;Document: How can I get financial support while I'm in a public shelter?

You get your living allowance from the municipality where you are registered.

You receive the money in their bank account, on a money card, in cash or in goods.  

Living allowance may be payed out in kind by local authorities (for example when meals are offered).

As a result, it is possible that displaced persons in some municipalities receive (much) less living allowance.   

For most recent information see:  https://www.government.nl/topics/reception-of-refugees-from-ukraine/work-and-income;Document: Access to medical care - Third party insurance - Living allowance (if asylum procedure has started) - Public transportation card - Education and development program - Payment of extraordinary expenses  Based on Red Cross standards, the following are specifically added: - Clothing and shoes - Locker - Night light - Shower gel - Shampoo - Toothbrush & toothpaste - Menstural hygiene - Razor - Bath Towel - Small towel - Hairbrush - Diapers - Baby lotion - Washing up liquid - Washing machine detergent - Space for children - Space for men - Space for women  For more information see:  - https://vng.nl/sites/default/files/2021-10/handreiking-crisisnoodopvang.pdf - https://wetten.overheid.nl/BWBR0017959/2022-01-01#HoofdstukIV;Document: What is the difference between crisis emergency shelters and emergency shelters?

Below you will find more information on what facilities should be present at the different types of reception.   

Please note: this overview is based on information from COA, COA arranges reception for refugees not covered by the Temporary Protection Directive.

Therefore, the facilities for displaced persons from Ukraine may differ in practice.;Document: Can I get shelter in the Netherlands if I am already registered in another Schengen country?

Yes, if you are registered in a Schengen country but you want to come to the Netherlands and apply for shelter here, please make sure you have the Ukrainian nationality or permanent residence permit, and you left Ukraine after 26th November, 2021.

Due to the current shortage of shelter places, there are no guarantees that a municipality will grant you shelter.

When you arrive to the Netherlands, please report to any municipality to try to register and receive shelter."
My family and I got denied access to the shelter. We are from Ukraine and we are in Rotterdam right now. We are very tired.,"I'm sorry to hear about your situation. The shelter in Rotterdam is currently closed due to overcrowding and insufficient capacity, except for Ukrainians with a connection to Rotterdam or the surrounding region (for example, if your children already go to school there).

If you do not feel safe or comfortable where you are, you can try to go to an emergency shelter of the municipalities. Since you are in Rotterdam, you might want to contact the local municipality office for assistance or the email opvang@rotterdam.nl for more information.

Also, you can visit the Vraagwijzer for free help and advice about administration, parenting, laws, money, or health. There are several locations in Rotterdam, including the Ukrainian House at Pleinweg 196A.

If you want, I can help you find the nearest registration point or emergency shelter. Please let me know your exact location or any other details.","Document: Rotterdam (CLOSED!)  

Please note!

Due to overcrowding and insufficient capacity, the HUB in Rotterdam is closed for an indefinite period.

As an exception, this HUB will continue to assist Ukrainians with a connection to Rotterdam or the surrounding region.

For example, because your children already go to school here.  

address: Marten Meesweg 141B,  Rotterdam.  

e-mail opvang@rotterdam.nl.   

Openning times: - Monday to Tuesday: 10:00 -15:00  - Wednesday to Friday: 10:00 - 14:00  - Saturday & Sunday : closed   [Rotterdam website](https://www.rotterdam.nl/vluchtelingen-oekraine)  

Extra advice – ""Vraagwijzer"": You can visit the Vraagwijzer for free help and advice about administration, parenting, laws, money, or health.

There are several locations in the city, including the [Ukrainian House](https://www.wmoradar.nl/district/oekraiens-huis/) at Pleinweg 196A.;Document: Nidos arranges shelter in host families, preferably with the same cultural background.   

See for the most recent information:  https://www.nidos.nl/oekraine/  https://www.unicef.nl/ons-werk/noodhulp/oekraine/onbegeleide-kinderen-uit-oekraine;Document: Can I switch to Mrija, the temporary neighbourhood in Vlaardingen municipality?

Mrija houses Ukrainian people accommodated in Vlaardingen and the other municipalities in the Rotterdam-Rijnmond region in (emergency) shelters or with host families.

However, Ukrainian people cannot apply for housing in Mrija themselves.

The houses will be distributed via the regional coordination point for displaced persons from Ukraine, in consultation with the municipality of Vlaardingen, which will give the final permission.  

If you would like to be considered for a home, please contact the location management of your current shelter location.

Do you live in a host family?

Then please approach the contact person in your municipality.;Document: Netherlands (but not Amsterdam/Utrecht/Swolgen/Heerevenveen/Rotterdam/Haarlem) General advise If you’re coming to the Netherlands with a Ukrainian passport/valid permanent Ukrainian residence permit and proof you left Ukraine after November 26, 2021, you have a right to Shelter & Temporary Protection.

To apply, visit the municipality office in the city where you will arrive.  

Please note that the housing situation here is challenging and becoming more restricted.

We recommend contacting us before you leave to get the latest updates.  

If possible, try to arrange accommodation on your own when arriving in the Netherlands.

Note that you need a local address (accommodation) to apply for temporary protection.   

Actions to take when general advise was not sufficient NO referrals for cases outside of the Netherlands.

Advise the PA to contact us upon arrival.   

Actions to take when general advise is not sufficient If the PA shares challenges in finding a place to stay, please consult with the Team Captain.;Document: Where can I find shelter when arriving in the Netherlands?  

Links to the Red Cross Website  On the Red Cross Website you can now find updated information regarding the shelter process for Ukrainian refugees.

Click on the following links for the [English](https://www.rodekruis.nl/english-information/), [Ukrainian](https://www.rodekruis.nl/ukrainian/) and the [Russian](https://www.rodekruis.nl/russian/) version of this webpage.

You can always share these links with the PA as well.

See also below what the general explanation is.   

General advice  If you want to apply for Temporary Protection and need help with a shelter place, visit a municipality (""gemeente"" in Dutch).

Municipalities register displaced Ukrainians and help find housing.

(Please check the latest Temporary Protection rules on [RefugeeHelp](https://www.refugeehelp.nl/ru/ukrainian-refugee/article/100187-chtoby-poluchit-vremennuyu-zashchitu-vy-dolzhny-sootvetstvovat-etim-usloviyam).);Document: Can I get shelter in the Netherlands if I am already registered in another Schengen country?

Yes, if you are registered in a Schengen country but you want to come to the Netherlands and apply for shelter here, please make sure you have the Ukrainian nationality or permanent residence permit, and you left Ukraine after 26th November, 2021.

Due to the current shortage of shelter places, there are no guarantees that a municipality will grant you shelter.

When you arrive to the Netherlands, please report to any municipality to try to register and receive shelter.;Document: I or a family member is coming to the Netherlands for a temporary visit, can I use the municipal shelter and services for displaced persons from Ukraine?

Are you or your family member passing through the Netherlands or visiting relatives?

Then you cannot make use of the municipal shelter for Ukrainian displaced persons and you are not entitled to an allowance.

You cannot spend the night in the municipal shelter.

However, you can visit or receive visitors at the shelter.

Make sure you are familiar with the location's visitor rules.  

You or your family member can, of course, make arrangements with the host family if you make use of private reception.

A host family is not obliged to accommodate family visits.;Document: What to do (as a receptionist/aid worker) when a displaced person from Ukraine reports at an NLRC office?  

Explanation of situation: Since the end of February 2024, the shelters for displaced people from Ukraine are (almost) full.

Most of the registration locations are closed, which makes it confusing for people arriving to the Netherlands where to go.

It might happen that someone therefore is going to an office of the Red Cross to ask for help.

Below, you can find the most important steps to take in order to help someone on their way.   

Step 1: try to find out:  - If the person has Ukrainian nationality or a permanent residence permit for Ukraine?

- Check where this person has already been, did they just arrive?  

- Are they already registered in a municipality (BRP)?  

- Did they try another option to find shelter before going to NLRC office?   

Step 2: contact CHV shelter / someone from the shelter program: - If you are in an office in the district: contact the CHV specifically for shelter.

You can find a list of the CHV'ers;Document: You can register at any municipality, either in person or sometimes by email.

After registration, the municipality will help with housing.

If the municipality has space, they will help you.

If not, they will contact the Regional Coordination Centre for Refugee Dispersal (""RCVS""), which may escalate to the National Centre for Refugee Dispersal (""LCVS"").

Please check details [here](https://www.refugeehelp.nl/ru/ukrainian-refugee/article/100179-chto-neobhodimo-sdelat-po-pribytii-v-niderlandy)  

Due to the limited number of available shelter places, the Dutch government asks Ukrainians to find their own housing if possible.

If you can’t, go to the municipality for help.  

It’s a good idea to ask the municipality for written confirmation of your visit.

If they’re unable to help immediately, kindly ask if a temporary solution can be provided while they search for a place for you.   

Actions to take when general advice is not sufficient If the general advice isn’t enough, forward the case to the team captain.  

Important disclaimer Because this process is centrally organized, the above procedure must be followed.;Document: What do I say when someone offers to host a displaced person from Ukraine?  

We created a standard template for a reply to people who offer to host a displaced person from Ukraine:   

Dear [Name],  Thank you to those who have offered their support.

(adjust to the question)  

The national organization RefugeeHomeNL (Private Shelter for Ukrainian Displaced Persons), of which the Dutch Red Cross was a part, ended late 2023.

This means that we are currently unable to match host households with Ukrainian displaced persons.  

If you would like to open your home to Ukrainian displaced persons, we recommend that you inform your local municipality.

Sometimes, you can assist the municipality in this way, or they may know of a local initiative that is looking for host households for Ukrainian displaced persons.

Displaced persons often also reach out to local church communities, where you can also offer your help.  

You are still allowed to open your home to displaced persons.;Document: Abroad  General advise If you’re coming to the Netherlands with a Ukrainian passport/valid permanent Ukrainian residence permit and proof you left Ukraine after November 26, 2021, you have a right to Shelter & Temporary Protection.

To apply, visit the municipality office in the city where you will arrive.  

Please note that the housing situation here is challenging and becoming more restricted.

We recommend contacting us before you leave to get the latest updates.  

If possible, try to arrange accommodation on your own when arriving in the Netherlands.

Note that you need a local address (accommodation) to apply for temporary protection.   

Actions to take when general advise was not sufficient NO referrals for cases outside of the Netherlands.

Advise the PA to contact us upon arrival.;Document: What can I do if I don't feel comfortable at my host family?

I am sorry to hear this.

Sharing a household can be challenging, especially if there are cultural differences in lifestyle, food, manners or rules.    

If you do not feel safe at your host family, you can always go to an emergency shelter of the municipalities.

If you give your location, I can give you the address of a registration point nearby.   

For additonal information about safety, see https://www.refugeehelp.nl/en/ukrainian-refugee/article/100105-safety-in-the-netherlands;Document: Refugeehelp The Dutch Council for Refugees has created an online platform called RefugeeHelp.  

It contains a lot of general information for all Ukrainian refugees who have arrived in the Netherlands.  

The information is available in English, Ukrainian, Russian and Dutch.  

https://www.refugeehelp.nl/en/ukrainian-refugee;Document: Requesting shelter upon arrival in the NL as required by Dutch law.

*Cited directly from the Dutch government website*:  It is very difficult at the moment for local authorities to arrange accomodation.

The authorities’ priority is to ensure accommodation for the most vulnerable refugees.

Refugees from Ukraine who are able to, are being asked to make every effort to find a place of residence by themselves.

This applies to both refugees who have been in the Netherlands for some time and new arrivals.

If not possible to find a place of residence, please report to a municipality to ask for help and to register.  

In order to be covered by the Temporary Protection Directive, refugees from Ukraine need to be registered in the Personal Records Database (BRP) and get a residence sticker from the Immigration and Naturalisation Service (IND).

The appointment with the IND should be scheduled within 4 weeks from the date of the registration in the BRP.

Refugees from Ukraine are then entitled to accommodation, a subsistence allowance, healthcare and education.   

[*Dutch Government website*](https://www.government.nl/topics/reception-of-refugees-from-ukraine/arrival-registration-and-stay);Document: Ukrainian Women Refugee Association Ukrainian Women Refugee Association in the Netherlands in het Oekraïens en Engels:   https://unitedway.nl/uwra/;Document: For the most recent information, see: https://ind.nl/en/ukraine/temporary-protection-directive-ukraine or https://www.refugeehelp.nl/en/ukrainian-refugee/article/100082-leaving-the-netherlands-temporarily;Document: For more information, see: https://www.refugeehelp.nl/en/ukrainian-refugee/article/100041-return-to-ukraine;Document: For more information in Ukrainian, see: https://open.overheid.nl/repository/ronl-4907d802ea0f813cf0ca978d64d3e64735a071ed/1/pdf/Kinderopvang%20voor%20vluchtelingen%20uit%20Oekra_ne%20_Ukrainian_.pdf;Document: https://www.refugeehelp.nl/en/ukrainian-refugee/article/100008-studying;Document: Can my child go to a Ukrainian school in the Netherlands?  

Yes, that is possible.

Currently, there are 10 Ukrainian weekend schools in The Netherlands:  - Almere - Amsterdam - Eindhoven - Groningen - Haarlem - Oegstgeest - Rotterdam - Utrecht - Zoetermeer  

For more information, see: https://ukrainians.nl/pages/community.html#anchor-schools"
"I live in Utrecht and I am on the streets now because of an abusive landlord. I went to a homeless shelter with my children and they refused me because I still have my job and some saved up money, but not enough for a hotel. Now they are threatening to take my children away. Help me!","I'm sorry to hear about your difficult situation. Since you are in Utrecht and facing housing and safety issues, here are some steps you can take:

1. Contact the municipality of Utrecht directly via email at vluchtelingenvragen@utrecht.nl. Include your personal details, situation, and mention your current lack of housing and concerns for your children. They may be able to assist you with shelter options.

2. If you do not feel safe at your current place or with your landlord, you can go to an emergency shelter provided by the municipality. If you provide your location, I can help find a nearby registration point.

3. For immediate danger or threats, call emergency number 112.

4. You can also contact Veilig Thuis (Safe at Home) at 0800-2000 for advice and support regarding domestic violence or unsafe situations.

5. It is important to explain your situation clearly to the municipality and ask for written confirmation of any visits or communications.

6. If you feel threatened about your children being taken away, try to communicate openly with the municipality and seek legal advice if possible.

If you want, I can help you find the nearest registration point or shelter in Utrecht. Please let me know.","Document: What can I do if I am not feeling safe at my host family?

Sorry to hear this.

There are a few options:     Are you in immediate danger?

Call 112.     

Contact a support organisation for assistance, information, mediatiation and more.

See for most recent information: www.refugeehelp.nl/get-help/category/safety    You can always contact Veilig Thuis (Safe at home) at 0800-2000.     

You can always go to an emergency shelter of the municipalities if you no longer want to stay with your host family.

If you give your location, I can give you a registration point nearby.    

See for most recent information: https://www.refugeehelp.nl/get-help/housing/regional-initiatives;Document: Netherlands (but not Amsterdam/Utrecht/Swolgen/Heerevenveen/Rotterdam/Haarlem) General advise If you’re coming to the Netherlands with a Ukrainian passport/valid permanent Ukrainian residence permit and proof you left Ukraine after November 26, 2021, you have a right to Shelter & Temporary Protection.

To apply, visit the municipality office in the city where you will arrive.  

Please note that the housing situation here is challenging and becoming more restricted.

We recommend contacting us before you leave to get the latest updates.  

If possible, try to arrange accommodation on your own when arriving in the Netherlands.

Note that you need a local address (accommodation) to apply for temporary protection.   

Actions to take when general advise was not sufficient NO referrals for cases outside of the Netherlands.

Advise the PA to contact us upon arrival.   

Actions to take when general advise is not sufficient If the PA shares challenges in finding a place to stay, please consult with the Team Captain.;Document: Can I rent a house?  

You can rent a house from private individuals.

In general, houses are expensive, because there is a large housing shortage in the Netherlands, especially in the larger cities.   

As a displaced person from Ukraine, you will receive living allowance when you stay at a shelter location, both in the municipal shelter and in the private shelter.

If you rent your own independent accommodation, you are no longer entitled to living allowance.  

Places where private homes are offered: Funda, AirBNB, Marktplaats website, Facebook groups per city (search for 'I'm looking for a home').   

For most recent information see: [RefugeeHelp](https://www.refugeehelp.nl/en/ukrainian-refugee/article/100045-permanent-housing)  and [renting a house](https://www.refugeehelp.nl/en/ukrainian-refugee/article/100047-this-is-what-you-need-to-arrange-if-you-rent-a-house);Document: Utrecht (e-mail !)  

HUB is closed Ukrainians in Utrecht can report to the municipality directly via vluchtelingenvragen@utrecht.nl   PA's can write in their own language and should include a picture of the passport page with personal data and the stamp showing the crossing from Ukraine into the EU.

Information needed: name, date of birth, gender, Ukrainian nationality, family members, pets, # luggage, car

yes or no

and if they have a place to stay now.

If the PA has a medical condition (e.g., cancer), it should be mentioned.

The municipality will respond within 1-2 working days.

Currently, replies are taking longer due to a shortage of available spaces.

It is not advisable to reject an offer.;Document: What can I do if I don't feel comfortable at my host family?

I am sorry to hear this.

Sharing a household can be challenging, especially if there are cultural differences in lifestyle, food, manners or rules.    

If you do not feel safe at your host family, you can always go to an emergency shelter of the municipalities.

If you give your location, I can give you the address of a registration point nearby.   

For additonal information about safety, see https://www.refugeehelp.nl/en/ukrainian-refugee/article/100105-safety-in-the-netherlands;Document: Who is responsible for the shelter of children travelling alone from Ukraine?

Children travelling alone from Ukraine also have to go to the municipality to get Temporary Protection.

They always have to get shelter right away.

The municipality has to call with Nidos.

Nidos then conducts an intake with the minor—and, where possible, remotely with the parents—to determine whether applying for temporary guardianship is appropriate.   

See for the most recent information:  https://www.nidos.nl/oekraine/  https://www.unicef.nl/ons-werk/noodhulp/oekraine/onbegeleide-kinderen-uit-oekraine;Document: Abroad  General advise If you’re coming to the Netherlands with a Ukrainian passport/valid permanent Ukrainian residence permit and proof you left Ukraine after November 26, 2021, you have a right to Shelter & Temporary Protection.

To apply, visit the municipality office in the city where you will arrive.  

Please note that the housing situation here is challenging and becoming more restricted.

We recommend contacting us before you leave to get the latest updates.  

If possible, try to arrange accommodation on your own when arriving in the Netherlands.

Note that you need a local address (accommodation) to apply for temporary protection.   

Actions to take when general advise was not sufficient NO referrals for cases outside of the Netherlands.

Advise the PA to contact us upon arrival.;Document: Amsterdam (e-mail !)

HSP is closed Ukrainians in Amsterdam can report to the municipality directly via opvangoekraine@amsterdam.nl   

Sometimes, the person may initially receive a rejection due to the current situation in NL.

We recommend following up on the response and continuing communication with the municipality via the same email.

In your follow-up, kindly explain your situation, where you're staying, and how long you can stay there.

Also, include any important details about your circumstances, such as medical conditions, young children, or other special needs;Document: You can register at any municipality, either in person or sometimes by email.

After registration, the municipality will help with housing.

If the municipality has space, they will help you.

If not, they will contact the Regional Coordination Centre for Refugee Dispersal (""RCVS""), which may escalate to the National Centre for Refugee Dispersal (""LCVS"").

Please check details [here](https://www.refugeehelp.nl/ru/ukrainian-refugee/article/100179-chto-neobhodimo-sdelat-po-pribytii-v-niderlandy)  

Due to the limited number of available shelter places, the Dutch government asks Ukrainians to find their own housing if possible.

If you can’t, go to the municipality for help.  

It’s a good idea to ask the municipality for written confirmation of your visit.

If they’re unable to help immediately, kindly ask if a temporary solution can be provided while they search for a place for you.   

Actions to take when general advice is not sufficient If the general advice isn’t enough, forward the case to the team captain.  

Important disclaimer Because this process is centrally organized, the above procedure must be followed.;Document: What are the steps I should take to register a child travelling alone from Ukraine?  

Unaccompanied minor foreingers are children who are under the age of 18 when they arrive in the Netherlands, are under the age of 18 when they arrive in the Netherlands and came without their parents.   

Firstly, unaccompanied Ukrainian children should always be registered with the municipality (like all other refugees from Ukraine) so that they are inculded in the Basic Registration Persons (BRP) and do not get out of sight.  

When the municipality determines that a minor is unaccompanied, Nidos should be contacted immediately.

Then, Nidos does an intake with the minor, and if possible, remotely with parents.

Nidos assesses whether applying for temporary guardianship is appropriate.

The municipality can report the minor to Nidos via 088-5011885 or oekraine@nidos.nl.  

For all children, shelter must be arranged in the Netherlands.

Nidos is responsible for the shelter of unaccompanied minors.

Nidos arranges shelter in host families, preferably with the same cultural background.;Document: Rotterdam (CLOSED!)  

Please note!

Due to overcrowding and insufficient capacity, the HUB in Rotterdam is closed for an indefinite period.

As an exception, this HUB will continue to assist Ukrainians with a connection to Rotterdam or the surrounding region.

For example, because your children already go to school here.  

address: Marten Meesweg 141B,  Rotterdam.  

e-mail opvang@rotterdam.nl.   

Openning times: - Monday to Tuesday: 10:00 -15:00  - Wednesday to Friday: 10:00 - 14:00  - Saturday & Sunday : closed   [Rotterdam website](https://www.rotterdam.nl/vluchtelingen-oekraine)  

Extra advice – ""Vraagwijzer"": You can visit the Vraagwijzer for free help and advice about administration, parenting, laws, money, or health.

There are several locations in the city, including the [Ukrainian House](https://www.wmoradar.nl/district/oekraiens-huis/) at Pleinweg 196A.;Document: I had already applied to be considered for placement.

What happens now?

Unfortunately, due to the termination of the project, RefugeeHomeNL is no longer able to offer you a placement.

You still retain the right to receive support in the Netherlands.  - If you are currently staying in a Municipal Shelter and seeking an alternative, please inquire with the municipality where you are residing for available options.

- If you are currently in private shelter and looking for alternatives, please consult the municipality where you are staying for further guidance.

- Apart from Municipal and Private Accommodation, you can also explore finding independent housing, such as rentals, purchases, boarding houses, hostels, etc. -

If you are currently in Ukraine or another country and planning to come to the Netherlands, you can find information here: https://www.refugeehelp.nl/en/ukrainian-refugee/126-arrival-in-the-netherlands   Need help for shelter of housing in the Netherlands?

Visit http://www.refugeehelp.nl for comprehensive information on available options for shelter and housing in the Netherlands.

VluchtelingenWerk Nederland provides various means of contact for additional help and advice.;Document: Where can I find shelter when arriving in the Netherlands?  

Links to the Red Cross Website  On the Red Cross Website you can now find updated information regarding the shelter process for Ukrainian refugees.

Click on the following links for the [English](https://www.rodekruis.nl/english-information/), [Ukrainian](https://www.rodekruis.nl/ukrainian/) and the [Russian](https://www.rodekruis.nl/russian/) version of this webpage.

You can always share these links with the PA as well.

See also below what the general explanation is.   

General advice  If you want to apply for Temporary Protection and need help with a shelter place, visit a municipality (""gemeente"" in Dutch).

Municipalities register displaced Ukrainians and help find housing.

(Please check the latest Temporary Protection rules on [RefugeeHelp](https://www.refugeehelp.nl/ru/ukrainian-refugee/article/100187-chtoby-poluchit-vremennuyu-zashchitu-vy-dolzhny-sootvetstvovat-etim-usloviyam).);Document: I am a victim or I know a victim of sexual or domestic violence, what should I do?  

Are you in danger and do you need immediate help?

Call 112  Always consult your TC if oyu are unsure of the situation or unsure what to do.  

Domestic Violence or Child abuse You can contact Veilig Thuis, the advice and reporting point for domestic violence and child abuse in the Netherlands.

You can call for advice or you can report violence.

You can safely tell your story or ask for advice.

You can do this anonymously.  

https://veiligthuis.nl/ 0800 2000 (free, 24/7) Veilig Thuis can also be reached via the chat on their website from Monday to Friday between 9:00 and 17:00.  

Sexual Abuse Children and adults who are victims of sexual abuse can contact the Sexual Abuse Helpline for assistance and advice.

Witnesses of sexual abuse or people who want to help someone they know who is the victim of sexual abuse can contact the Helpline with any questions they might have: 0900-999 90 01 (Also check out: Sexual Assault Center);Document: How can I apply for and collect a proof of residency?

To collect your proof of residency: - make an appointment at this IND pickup location: [Atoomweg 100, Utrecht](https://ind.nl/nl/oekraine/oekraine-afspraak-bewijs-van-verblijf).

You need a BSN, which you receive after registering at a municipality in the Netherlands.

Make sure you are registered at your municipality for at least 1 week on the day you collect your proof of residency.  

- Make an appointment for up to 6 family members, for example, for your partner and children.

Children under 14 will not receive proof of residency, as they fall under the directive if a parent falls under the directive.

Please bring your children to the pickup location as well.

- Collect the proof of residency yourself.

Children under 18 years are required to collect their document together with a parent or legal representative.

Are you unable to come to the appointment yourself?

Then you have to authorize someone who can collect the proof of residency for you.

You can fill in [this form](https://ind.nl/en/forms/7645.pdf) to authorize someone.;Document: Can I switch to Mrija, the temporary neighbourhood in Vlaardingen municipality?

Mrija houses Ukrainian people accommodated in Vlaardingen and the other municipalities in the Rotterdam-Rijnmond region in (emergency) shelters or with host families.

However, Ukrainian people cannot apply for housing in Mrija themselves.

The houses will be distributed via the regional coordination point for displaced persons from Ukraine, in consultation with the municipality of Vlaardingen, which will give the final permission.  

If you would like to be considered for a home, please contact the location management of your current shelter location.

Do you live in a host family?

Then please approach the contact person in your municipality.;Document: Remaining Undocumented If you remain in the Netherlands without residency status you will become *undocumented*.

Undocumented persons do not have a right to housing, work or government subsidies.

However, you still have the right to necesarry medical care, judicial assistance and children under 18 have to right to attend school as well.  

You can choose to apply for asylum at any point with undocumented status.  

For more information you can reach out to the Red Cross helpline via Whatsapp here: https://wa.me/31614458781 or visit the Red Cross website Helpful Information: https://helpfulinformation.redcross.nl/;Document: What facilities should be available at a Crisis Emergency Shelter?

The following facilities must be present at a crisis emergency shelter: - Goods hygiene - Beds, mattresses, pillows, blankets, etc. - Marker materials, potester materials, printer, markers - Wifi (very strong network for residents) - Plenty of charging stations phones residents - Recreational activities - Clothes (seasonal) young and old - Cleaning supplies - Meals (or dining money) -

Access to medical care - Third party insurance  Based on Red Cross standards, the following are specifically added: - Clothing and shoes - Shower gel - Shampoo - Toothbrush & toothpaste - Menstural hygiene - Razor - Bath Towel - Hairbrush - Diapers - Space for children  For more information see:  - https://vng.nl/sites/default/files/2021-10/handreiking-crisisnoodopvang.pdf - https://wetten.overheid.nl/BWBR0017959/2022-01-01#HoofdstukIV;Document: Important links  - You can make an appointment [here](https://oap.ind.nl/oap/en/#/OEK)   - Find guides in [Ukrainian](https://ind.nl/en/documents/11-2022/instructions-for-appointment-planner-sticker-ukrainian.pdf) and

[Russian](https://ind.nl/en/documents/11-2022/instructions-for-appointment-planner-sticker-russian.pdf) - Find the latest updates [here](https://ind.nl/en/ukraine/ukraine-appointment-to-collect-proof-of-residency) and

[here](https://www.refugeehelp.nl/nl/ukrainian-refugee/108-richtlijn-tijdelijke-bescherming)  

Do you have any questions about making an appointment?

Please call +31 88 043 03 61.

You can call from Monday to Friday from 9.00 to 17.00.

You cannot make an appointment via this telephone line.

It is also not possible to make an emergency appointment.;Document: For most recent information and an overview of organisations that offer help with sexual or domestic violence see:  https://www.refugeehelp.nl/en/ukrainian-refugee/article/100109-help-in-cases-of-violence-and-human-trafficking  https://www.government.nl/topics/child-abuse/question-and-answer/what-can-i-do-if-i-know-or-suspect-that-a-child-is-being-abused"
"live in Utrecht, but I got kicked out of my house today. Where can I find a warm meal?","Hello! If you are staying in a public shelter in Utrecht, please ask someone from the shelter where you can find additional food support. You can also contact the Red Cross Food Program Helpdesk for assistance. Additionally, the Food Bank Netherlands (Voedselbank Nederland) distributes food parcels to displaced persons from Ukraine across the country. You can check your eligibility and find more information here: https://voedselbankennederland.nl/vertalingen/english/

If you need more specific local support, please let me know!","Document: Utrecht (e-mail !)  

HUB is closed Ukrainians in Utrecht can report to the municipality directly via vluchtelingenvragen@utrecht.nl   PA's can write in their own language and should include a picture of the passport page with personal data and the stamp showing the crossing from Ukraine into the EU.

Information needed: name, date of birth, gender, Ukrainian nationality, family members, pets, # luggage, car

yes or no

and if they have a place to stay now.

If the PA has a medical condition (e.g., cancer), it should be mentioned.

The municipality will respond within 1-2 working days.

Currently, replies are taking longer due to a shortage of available spaces.

It is not advisable to reject an offer.;Document: IND office moved to Utrecht From 1 December, the IND office for Ukrainians moved from Amsterdam to Utrecht, Atoomweg 100, 3542 AB.  - information on [refugeehelp](https://www.refugeehelp.nl/en/ukrainian-refugee/news/100572-ind-office-in-amsterdam-for-ukrainians-stopping-now-becoming-utrecht-location)  - link to IND

[appointment page](https://oap.ind.nl/oap/en/#/OEK);Document: How can I get food support?  

When you are staying in a public shelter, please approach someone from the shelter to ask where you can find additional food support.

You can also contact the Red Cross Food Program Helpdesk.

For all general questions, new applications, extension requests, etc, PA's can call/text/

WhatsApp them at +31 97010259797 (Mon-Fri 9:00 – 17:00).  

In municipalities all over the country Voedselbank Nederland (Food Bank Netherlands) distributes food parcels to displaced persons from Ukraine.

Too find out if you are eligible, please see: https://voedselbankennederland.nl/vertalingen/english/;Document: Rotterdam (CLOSED!)  

Please note!

Due to overcrowding and insufficient capacity, the HUB in Rotterdam is closed for an indefinite period.

As an exception, this HUB will continue to assist Ukrainians with a connection to Rotterdam or the surrounding region.

For example, because your children already go to school here.  

address: Marten Meesweg 141B,  Rotterdam.  

e-mail opvang@rotterdam.nl.   

Openning times: - Monday to Tuesday: 10:00 -15:00  - Wednesday to Friday: 10:00 - 14:00  - Saturday & Sunday : closed   [Rotterdam website](https://www.rotterdam.nl/vluchtelingen-oekraine)  

Extra advice – ""Vraagwijzer"": You can visit the Vraagwijzer for free help and advice about administration, parenting, laws, money, or health.

There are several locations in the city, including the [Ukrainian House](https://www.wmoradar.nl/district/oekraiens-huis/) at Pleinweg 196A.;Document: Can my child go to a Ukrainian school in the Netherlands?  

Yes, that is possible.

Currently, there are 10 Ukrainian weekend schools in The Netherlands:  - Almere - Amsterdam - Eindhoven - Groningen - Haarlem - Oegstgeest - Rotterdam - Utrecht - Zoetermeer  

For more information, see: https://ukrainians.nl/pages/community.html#anchor-schools;Document: [Rechtswinkel Best](https://www.rechtswinkelbest.nl/) -

[Rechtswinkel Eindhoven](http://www.rechtswinkeleindhoven.org/)    -

[Rechtswinkel Groningen](http://www.rechtswinkel-groningen.nl/)  -

[Rechtswinkel Rotterdam](https://rechtswinkelrotterdam.nl/) -

[Rechtswinkel Schiedam](https://www.rechtswinkelschiedam.nl/)   -

[Rechtswinkel Tilburg](http://www.rechtswinkeltilburg.nl/) -

[Rechtswinkel Utrecht](http://www.rechtswinkelutrecht.nl/) - [Rechtswinkel Venlo](https://www.rechtswinkelvenlo.nl/)   -

[Rechtswinkel Zoetermeer](http://www.rechtswinkelzoetermeer.nl/)     Eersterechtshulp.nl On the First Legal Aid website you will find free legal help in your area and online.

You can find lawyers on a pro bono basis, walk-in consultations with lawyers in your area and help in applying for compensation for being wrongly detained or contesting a traffic fine.;Document: Dordrecht  

[Dordrecht website](https://cms.dordrecht.nl/Inwoners/Overzicht_Inwoners/Vluchtelingen/Opvang_van_Oekra_ense_vluchtelingen)  e-mail: oekraine@dordrecht.nl.  

Th Ukrainian Location at Spuiboulevard will close in February 2026;Document: Netherlands (but not Amsterdam/Utrecht/Swolgen/Heerevenveen/Rotterdam/Haarlem) General advise If you’re coming to the Netherlands with a Ukrainian passport/valid permanent Ukrainian residence permit and proof you left Ukraine after November 26, 2021, you have a right to Shelter & Temporary Protection.

To apply, visit the municipality office in the city where you will arrive.  

Please note that the housing situation here is challenging and becoming more restricted.

We recommend contacting us before you leave to get the latest updates.  

If possible, try to arrange accommodation on your own when arriving in the Netherlands.

Note that you need a local address (accommodation) to apply for temporary protection.   

Actions to take when general advise was not sufficient NO referrals for cases outside of the Netherlands.

Advise the PA to contact us upon arrival.   

Actions to take when general advise is not sufficient If the PA shares challenges in finding a place to stay, please consult with the Team Captain.;Document: For contact details, check [the bottom of this intranet link](https://rodekruis.sharepoint.com/sites/OpstartenOpvanglocatie?CID=219f08e7-3808-9b86-a273-443d738b7acb&WSL=1&xsdata=MDV8MDJ8fDNlZWU5NDFkZTFjMDRiMWE5NzhiMDhkYzQ0M2YxYWZifGQzYWI5NzkwNmFlMjRiZDhhYTVlMDI4NjQ0ODNlN2M3fDB8MHw2Mzg0NjAyODUwMDYwOTIxNzF8VW5rbm93bnxWR1ZoYlhOVFpXTjFjbWwwZVZObGNuWnBZMlY4ZXlKV0lqb2lNQzR3TGpBd01EQWlMQ0pRSWpvaVYybHVNeklpTENKQlRpSTZJazkwYUdWeUlpd2lWMVFpT2pFeGZRPT18MXxMMk5vWVhSekx6RTVPbTFsWlhScGJtZGZUVVJOTUZsVVZtaE5WRUYwVGtST2JWcERNREJaVkUwelRGUm9iRTU2YTNST2FrcHJUakpOTUZwRVFUQk9hbU13UUhSb2NtVmhaQzUyTWk5dFpYTnpZV2RsY3k4eE56RXdORE14TmprNU9ERXp8NDQ0MWM4YjgwNDI0NDIxYTk3OGIwOGRjNDQzZjFhZmJ8MzdhODlhYTI5NGE4NDIzMGI1M2ZhOGE2MTIzNGUxMGU%3D&sdata=RytFTDhNcmY3ZFFRY1hmT0dGc0phbm4xVWlta1NmVSt0YjlnakE4d1FDdz0%3D&ovuser=d3ab9790-6ae2-4bd8-aa5e-02864483e7c7%2Clbijkerk%40redcross.nl&OR=Teams-HL&CT=1710488471674&clickparams=eyJBcHBOYW1lIjoiVGVhbXMtRGVza3RvcCIsIkFwcFZlcnNpb24iOiI0OS8yNDAyMDIwNTUxNiIsIkhhc0ZlZGVyYXRlZFVzZXIiOmZhbHNlfQ%3D%3D) - If you can't reach anyone: contact the WhatsApp helpdesk (till 18:00) at +31 97 010 286 964;Document: - Are you being forced to do work against your will?  

1.

If the situation does not seem urgent, send the contact information of FairWork as well as the flyer below.  

2.

If the situation is serious and needs a follow up, you can make a warm referral: ask for permission to share the phone number of the PA with FairWork, so that the organisation can reach out to the PA directly.

Explain to the PA what FairWork does and that someone from the organisation will reach out to them in the following days.

3.

If the situation needs immediate attention, inform the TC and they will call FairWork themselves to request help for the PA immediately.  

https://www.fairwork.nu/en/homepage/  Phone: +31 20 760 08 09  FairWork and the Red Cross have produced flyers about working in the Netherlands for displaced persons from Ukraine: - [English](https://www.comensha.nl/media/jizlbk4d/2026-know-your-rights-flyer-oek-ontheemden-eng.pdf) -;Document: Refugeehelp Marketplace https://www.refugeehelp.nl/en/marketplace;Document: Dutch Council for Refugees (Vluchtelingenwerk) - Refugeehelp website: https://www.refugeehelp.nl/en - WhatsApp: Monday - Friday 09:00 – 17:00 on +31 6 352 500 18 - Appointment: https://www.refugeehelp.nl/nl/ukrainian-refugee/appointment;Document: How can I apply for and collect a proof of residency?

To collect your proof of residency: - make an appointment at this IND pickup location: [Atoomweg 100, Utrecht](https://ind.nl/nl/oekraine/oekraine-afspraak-bewijs-van-verblijf).

You need a BSN, which you receive after registering at a municipality in the Netherlands.

Make sure you are registered at your municipality for at least 1 week on the day you collect your proof of residency.  

- Make an appointment for up to 6 family members, for example, for your partner and children.

Children under 14 will not receive proof of residency, as they fall under the directive if a parent falls under the directive.

Please bring your children to the pickup location as well.

- Collect the proof of residency yourself.

Children under 18 years are required to collect their document together with a parent or legal representative.

Are you unable to come to the appointment yourself?

Then you have to authorize someone who can collect the proof of residency for you.

You can fill in [this form](https://ind.nl/en/forms/7645.pdf) to authorize someone.;Document: I have a problem at work and/or I don't feel safe while working or there is labour exploitation.

What should I do?

It’s very important for you to know your rights and feel secure in any situation.

Do you need help or are you unsure about your work?

Are you worried about someone else?    

Opora (https://www.oporafoundation.nl/) provides juridical information to displaced persons from Ukraine on topics related to work.

We can refer you to Opora in case you have questions about: - Labor contracts - Pension - Child allowance   FairWork works together with Opora.   

FairWork is specialized in helping people who have problems at work and/or people who are affected by labour exploitation or human trafficking.

If the PA shows signs of labour exploitation/human trafficking, you can ask the following questions:  - Can you tell me more about your work environment?  

-Are the work conditions as you expected?

- Do you feel safe at work?

- Does your employer treat you badly?

- Are you being forced to do work against your will?  

1.;Document: Ukrainian Women Refugee Association Ukrainian Women Refugee Association in the Netherlands in het Oekraïens en Engels:   https://unitedway.nl/uwra/;Document: Food support per city The Red Cross Helpful Information website provides an overview of food options available in different cities.

You can always refer the PA to this website or share the list of options found there directly.  https://helpfulinformation.redcross.nl/;Document: Important links  - You can make an appointment [here](https://oap.ind.nl/oap/en/#/OEK)   - Find guides in [Ukrainian](https://ind.nl/en/documents/11-2022/instructions-for-appointment-planner-sticker-ukrainian.pdf) and

[Russian](https://ind.nl/en/documents/11-2022/instructions-for-appointment-planner-sticker-russian.pdf) - Find the latest updates [here](https://ind.nl/en/ukraine/ukraine-appointment-to-collect-proof-of-residency) and

[here](https://www.refugeehelp.nl/nl/ukrainian-refugee/108-richtlijn-tijdelijke-bescherming)  

Do you have any questions about making an appointment?

Please call +31 88 043 03 61.

You can call from Monday to Friday from 9.00 to 17.00.

You cannot make an appointment via this telephone line.

It is also not possible to make an emergency appointment.;Document: Information Service Point for Ukrainians in Haarlem You can find an information service point for Ukranians in Haarlem.

You can go to this physical information service point with any questions you have.  

Phone number:

+31 6 38688044

Address: Zijlsingel 1, 2013 DN Haarlem (UWV building)

Open: Monday - Friday 09:00 - 16:00 (you can come in without appointment);Document: Where can I get legal aid?  

Juridisch Loket The Legal Desk provides free first-line legal advice.

Displaced people from Ukraine can receive legal advice during walk-in consultation hours, by telephone (0900-8020 €0.10 p/min) or by e-mail, and make an appointment if necessary.

Advice is available in both Dutch and English.  

https://www.juridischloket.nl/      Rechtswinkel The Rechtswinkel provides free legal advice in areas such as work, rent, purchases and social security.

If costs are incurred (for example for starting a procedure), you will be informed as soon as possible.  

For opening hours and contact details, see the website:   - [Rechtswinkel Amsterdam](http://www.rechtswinkelamsterdam.nl/)   -

[Rechtswinkel Arnhem](https://www.rechtswinkelarnhem.nl/) -

[Rechtswinkel Baarn](https://www.pitbaarn.nl/is/organisatie/189768/invis2/rechtswinkel-baarn)    -

[Rechtswinkel Best](https://www.rechtswinkelbest.nl/) -;Document: [Ukrainian](https://www.comensha.nl/media/kdcfdy13/2026-know-your-rights-flyer-oek-ontheemden-oek.pdf) - [Russian](https://www.comensha.nl/media/fbtnesz5/2026-know-your-rights-flyer-oek-ontheemden-ru.pdf)  

For the most recent information, see: https://www.refugeehelp.nl/en/ukrainian-refugee/article/100109-help-in-cases-of-violence-and-human-trafficking"
"I have applied for a Dublin claim, and I have been waiting for a response for weeks now. This is incredibly frustrating. I have family here that depends on me and I feel completely stuck.","I'm sorry to hear about your frustration with the Dublin claim process. While I don't have access to specific case statuses, I can help you find information on how to check the status of your Dublin claim or provide guidance on what steps you might take next. Would you like me to look up information on checking the status of a Dublin claim or on support services available to you?",
You already told me about the day shelters. I know about those. I need an actual place to sleep tonight with my children. Stop giving me the same information!,"I understand you urgently need a place to sleep tonight with your children. For immediate shelter, you should go to the municipality (""gemeente"") where you are or will be staying. Municipalities are responsible for arranging shelter for displaced persons from Ukraine, including families with children. 

If you are with unaccompanied children, Nidos arranges shelter in host families, preferably with the same cultural background. For families, the municipality will help find suitable accommodation.

If you are in immediate danger or need urgent help, please call emergency services at 112.

For more information and to find the nearest registration point, you can visit the Red Cross website with updated shelter information for Ukrainian refugees:  
- [English](https://www.rodekruis.nl/english-information/)  
- [Ukrainian](https://www.rodekruis.nl/ukrainian/)  
- [Russian](https://www.rodekruis.nl/russian/)

Please go to the municipality as soon as possible to get help with shelter tonight. If you tell me your location, I can try to help you find the nearest registration point.","Document: Nidos arranges shelter in host families, preferably with the same cultural background.   

See for the most recent information:  https://www.nidos.nl/oekraine/  https://www.unicef.nl/ons-werk/noodhulp/oekraine/onbegeleide-kinderen-uit-oekraine;Document: Who is responsible for the shelter of children travelling alone from Ukraine?

Children travelling alone from Ukraine also have to go to the municipality to get Temporary Protection.

They always have to get shelter right away.

The municipality has to call with Nidos.

Nidos then conducts an intake with the minor—and, where possible, remotely with the parents—to determine whether applying for temporary guardianship is appropriate.   

See for the most recent information:  https://www.nidos.nl/oekraine/  https://www.unicef.nl/ons-werk/noodhulp/oekraine/onbegeleide-kinderen-uit-oekraine;Document: Can the Red Cross provide me with a place to live?

The Red Cross is not responsible for the placement of people in the shelters.

This is done by the municipality.

The Red Cross does help in the management of some shelters, but most shelters are run by municipalities and other organizations.

This means that the Red Cross cannot influence the placement in shelters.

You should go to one of the registration points to get shelter.   

For more information, please see: https://www.refugeehelp.nl/en/ukrainian-refugee/109-shelter;Document: What are the steps I should take to register a child travelling alone from Ukraine?  

Unaccompanied minor foreingers are children who are under the age of 18 when they arrive in the Netherlands, are under the age of 18 when they arrive in the Netherlands and came without their parents.   

Firstly, unaccompanied Ukrainian children should always be registered with the municipality (like all other refugees from Ukraine) so that they are inculded in the Basic Registration Persons (BRP) and do not get out of sight.  

When the municipality determines that a minor is unaccompanied, Nidos should be contacted immediately.

Then, Nidos does an intake with the minor, and if possible, remotely with parents.

Nidos assesses whether applying for temporary guardianship is appropriate.

The municipality can report the minor to Nidos via 088-5011885 or oekraine@nidos.nl.  

For all children, shelter must be arranged in the Netherlands.

Nidos is responsible for the shelter of unaccompanied minors.

Nidos arranges shelter in host families, preferably with the same cultural background.;Document: What is the difference between crisis emergency shelters and emergency shelters?

Below you will find more information on what facilities should be present at the different types of reception.   

Please note: this overview is based on information from COA, COA arranges reception for refugees not covered by the Temporary Protection Directive.

Therefore, the facilities for displaced persons from Ukraine may differ in practice.;Document: General Info and Basic Instructions for TP & shelter Links to the Red Cross Website  On the Red Cross Website you can now find updated information regarding the shelter process for Ukrainian refugees.

Click on the following links for the [English](https://www.rodekruis.nl/english-information/), [Ukrainian](https://www.rodekruis.nl/ukrainian/) and the [Russian](https://www.rodekruis.nl/russian/) version of this webpage.

You can always share these links with the PA as well.

See also below what the general explanation is.   

General Information  TP is valid until March 2027.

In principle, this means that displaced people from Ukraine should be helped during this time.

However, the housing situation is difficult, especially within municipal shelters.

Therefore:  1.

If PA does not need help with shelter, and can afford a place to stay (even for a few days): PA can look for a place themselves.

PA has to check if they can register at the accommodation and also at the municipality.  

2.

If PA needs help with finding shelter, please know that the situation is currently very difficult and becoming more restricted.   

3.;Document: What facilities should be available at a Crisis Emergency Shelter?

The following facilities must be present at a crisis emergency shelter: - Goods hygiene - Beds, mattresses, pillows, blankets, etc. - Marker materials, potester materials, printer, markers - Wifi (very strong network for residents) - Plenty of charging stations phones residents - Recreational activities - Clothes (seasonal) young and old - Cleaning supplies - Meals (or dining money) -

Access to medical care - Third party insurance  Based on Red Cross standards, the following are specifically added: - Clothing and shoes - Shower gel - Shampoo - Toothbrush & toothpaste - Menstural hygiene - Razor - Bath Towel - Hairbrush - Diapers - Space for children  For more information see:  - https://vng.nl/sites/default/files/2021-10/handreiking-crisisnoodopvang.pdf - https://wetten.overheid.nl/BWBR0017959/2022-01-01#HoofdstukIV;Document: Can I change a shelter (because conditions are not nice, or to be closer to work, or to be closer to family and friends, or because I want to live in the city/in the countryside/in a different place, etc.)?

The Red Cross does not influence the placement in the shelters.

This is done by the municipalities.

Therefore, the Red Cross cannot assist you with changing locations.  

Unfortunately, the housing situation is really tough in the Netherlands.

If you live in a municipal shelter already, it is nearly impossible to change from one municipal shelter to a different municipal shelter.   

You could always try to arrange new accommodation by yourself.

Although this is very difficult, you could check this website for example: https://www.funda.nl/en/huur/. You could also register with the housing corporation in the municipality of your choice to find housing.

Hopefully, you will find some suitable options for you.  

If you do have urgent reasons for relocating (e.g. medical reasons), you could request to change shelters.

First, check if there is a place available in the shelter of your choice.

If this is the case, you can request resettlement at the municipality.;Document: Access to medical care - Third party insurance - Living allowance (if asylum procedure has started) - Public transportation card - Education and development program - Payment of extraordinary expenses  Based on Red Cross standards, the following are specifically added: - Clothing and shoes - Locker - Night light - Shower gel - Shampoo - Toothbrush & toothpaste - Menstural hygiene - Razor - Bath Towel - Small towel - Hairbrush - Diapers - Baby lotion - Washing up liquid - Washing machine detergent - Space for children - Space for men - Space for women  For more information see:  - https://vng.nl/sites/default/files/2021-10/handreiking-crisisnoodopvang.pdf - https://wetten.overheid.nl/BWBR0017959/2022-01-01#HoofdstukIV;Document: What facilities should be available at an Emergency Shelter?

The following facilities must be present at a crisis emergency shelter: - Goods hygiene - Beds, mattresses, pillows, blankets, etc. - Marker materials, potester materials, printer, markers - Wifi (very strong network for residents) - Plenty of charging stations phones residents - Recreational activities - Clothes (seasonal) young and old - Cleaning supplies - Meals (or dining money) -;Document: I or a family member is coming to the Netherlands for a temporary visit, can I use the municipal shelter and services for displaced persons from Ukraine?

Are you or your family member passing through the Netherlands or visiting relatives?

Then you cannot make use of the municipal shelter for Ukrainian displaced persons and you are not entitled to an allowance.

You cannot spend the night in the municipal shelter.

However, you can visit or receive visitors at the shelter.

Make sure you are familiar with the location's visitor rules.  

You or your family member can, of course, make arrangements with the host family if you make use of private reception.

A host family is not obliged to accommodate family visits.;Document: Where can I find shelter when arriving in the Netherlands?  

Links to the Red Cross Website  On the Red Cross Website you can now find updated information regarding the shelter process for Ukrainian refugees.

Click on the following links for the [English](https://www.rodekruis.nl/english-information/), [Ukrainian](https://www.rodekruis.nl/ukrainian/) and the [Russian](https://www.rodekruis.nl/russian/) version of this webpage.

You can always share these links with the PA as well.

See also below what the general explanation is.   

General advice  If you want to apply for Temporary Protection and need help with a shelter place, visit a municipality (""gemeente"" in Dutch).

Municipalities register displaced Ukrainians and help find housing.

(Please check the latest Temporary Protection rules on [RefugeeHelp](https://www.refugeehelp.nl/ru/ukrainian-refugee/article/100187-chtoby-poluchit-vremennuyu-zashchitu-vy-dolzhny-sootvetstvovat-etim-usloviyam).);Document: What happens at the end of the stay with a host family?  

If the stay at a private shelter ends, you can choose from three options (see sub-questions).;Document: Public shelter If you are covered by the Temporary Protection Directive, you keep your right to reception.

The reception is a joint responsibility of all Dutch municipalities and Safety Regions.

In the first place you report to the municipality in which you are registered with a request for a place in the municipal reception facilities.

If there is no room (or no longer any room), the 'registering municipality' will contact the safety region.

The safety region will see if there is a place available in the region.

If that is not the case, the safety region submits a request for trans-regional relocation to the KCIO (Ukraine Coordination Information Office).;Document: Can I stay in the public shelter while I have a paid job?  

Displaced persons from Ukraine that are doing paid work may remain at the municipal reception centre.

However, you will have to pay a contribution.

You can also move to other accommodation, for instance with a host family, friends or family members, or at a hotel.  

For most recent information see: https://www.government.nl/topics/reception-of-refugees-from-ukraine/work-and-income;Document: Another host shelter You can look for a new host family.

You can do this through your social network or through various local initiatives.

It is important that you register in the Basic Registration of Persons (BRP) of the new municipality, or report the new address to the BRP if you stay in the same municipality.;Document: What should I do if I return to the Netherlands after a period in Ukraine (or another country)?

What to do on return: - When you return to the Netherlands, you must report again to the municipality or municipal reception center where you previously stayed.

- If you have lost your shelter place as a result of the earlier (temporary) departure and the living allowance has been stopped, it will be assessed whether you comply with the applicable rules at the time of your return.

If this is the case, you are again entitled to childcare and the other benefits in kind from the ROOO.

- If you have been deregistered from the BRP, registration must be done again.   

What to do with earlier advice on a shelter location in case of temporary departure: - At the moment, municipalities are advised to maintain a shelter for displaced persons who leave the municipal shelter for less than 14 days.

- This advice was issued mid-2022 and remains valid.

In case of a departure of more than 14 days, the municipality can give the reception place to someone else, for example if the occupancy rate is high.;Document: What can I do if I am not feeling safe at my host family?

Sorry to hear this.

There are a few options:     Are you in immediate danger?

Call 112.     

Contact a support organisation for assistance, information, mediatiation and more.

See for most recent information: www.refugeehelp.nl/get-help/category/safety    You can always contact Veilig Thuis (Safe at home) at 0800-2000.     

You can always go to an emergency shelter of the municipalities if you no longer want to stay with your host family.

If you give your location, I can give you a registration point nearby.    

See for most recent information: https://www.refugeehelp.nl/get-help/housing/regional-initiatives;Document: Requesting shelter upon arrival in the NL as required by Dutch law.

*Cited directly from the Dutch government website*:  It is very difficult at the moment for local authorities to arrange accomodation.

The authorities’ priority is to ensure accommodation for the most vulnerable refugees.

Refugees from Ukraine who are able to, are being asked to make every effort to find a place of residence by themselves.

This applies to both refugees who have been in the Netherlands for some time and new arrivals.

If not possible to find a place of residence, please report to a municipality to ask for help and to register.  

In order to be covered by the Temporary Protection Directive, refugees from Ukraine need to be registered in the Personal Records Database (BRP) and get a residence sticker from the Immigration and Naturalisation Service (IND).

The appointment with the IND should be scheduled within 4 weeks from the date of the registration in the BRP.

Refugees from Ukraine are then entitled to accommodation, a subsistence allowance, healthcare and education.   

[*Dutch Government website*](https://www.government.nl/topics/reception-of-refugees-from-ukraine/arrival-registration-and-stay);Document: Crisis shelter ""Stay away from my Body"" (Blijf van mijn Lijf-huis) Did you flee because of domestic or relational violence?

The crisis shelter of ""Stay away from my body"" can help you.

Call for free: 0800 0117."
"I am from Ukraine and I work in a factory. I live with my other colleagues, and my boss pays for my rent, utilities, and gives me an allowance. I want to go home this Christmas to visit my family, but he refuses because he says it's the busiest season and if I leave everyone will want to go home as well, so we will all lose our jobs. Can you help somehow?","Hello! I am Aidly, the HIA chatbot.

From the information available, as a displaced person from Ukraine working in the Netherlands, you have the same labour rights as Dutch employees, including the right to a safe working space and fair treatment. Your employer should not force you to work against your will or prevent you from taking reasonable time off, such as for family visits during holidays.

If your employer is refusing to allow you to visit your family for Christmas and you feel pressured or unsafe, you can seek help. There are organizations like FairWork that specialize in helping people with work problems or labour exploitation. You can contact FairWork at +31 20 760 08 09 or visit https://www.fairwork.nu/en/homepage/ for assistance.

Also, you can share with your employer the flyer ""Know your rights when you work,"" available in English and Ukrainian, to inform them about your rights: https://www.comensha.nl/media/jizlbk4d/2026-know-your-rights-flyer-oek-ontheemden-eng.pdf

If the situation is urgent or you feel forced to work against your will, you can ask for immediate help through FairWork.

Remember, you should also report your departure if you live in a shelter, but since you live with colleagues and your boss pays rent, make sure to inform the relevant reception or municipality if applicable.

If you want, I can help you find more detailed advice or contacts. Would you like that?","Document: What are my working rights when I work in the Netherlands?

Displaced Ukrainians have the same labour rights as Dutch employees.

These rights include a safe working space, regular breaks, and the minimumwage.   

For questions about labour rights you can share the flyer 'Know your rights when you work' with the person affected.

For Ukrainian people this is available in: -

[English](https://www.comensha.nl/media/jizlbk4d/2026-know-your-rights-flyer-oek-ontheemden-eng.pdf) -

[Ukrainian](https://www.comensha.nl/media/kdcfdy13/2026-know-your-rights-flyer-oek-ontheemden-oek.pdf) - [Russian](https://www.comensha.nl/media/fbtnesz5/2026-know-your-rights-flyer-oek-ontheemden-ru.pdf);Document: However, the IND still sees Ukraine as an unsafe country of origin.

*Therefore, Ukrainians who have received a negative decision do not have to return.

*   

For more information, see: https://ind.nl/en/ukraine/temporarily-no-decisions-on-asylum-applications-ukrainians  Please note: when Ukrainian people apply for asylum, they follow the standard procedure and have the same rights as other asylum seekers: https://www.coa.nl/en.

The only difference is that they know in advance that at least until 28 November 2023 + 21 months no decision will be taken on their status.   

Please note: if you follow the standard asylum procedure, you can only do paid work for 24 weeks per year if you don't have a residence permit yet.  

Employers must have a work permit for third-country nationals (TWV) to employ asylum seekers.

The Employee Insurance Agency (UWV) will issue this permit if an asylum application process has lasted at least 6 months.

For more information see: https://www.coa.nl/en/work;Document: Flyer about (healthcare during) pregnancy Flyer about (healthcare during) pregnancy in Ukrainian and Englis: https://assets.ctfassets.net/496uch1l97fc/2KF2tVsvf4WhqVUuSYS91s/9fe1a79f178ec9ef6a814fa85389b19c/Folder-geboortezorg-Oekraiens-Nederlands-CPZ-14-juni-2022-1.pdf;Document: - Are you being forced to do work against your will?  

1.

If the situation does not seem urgent, send the contact information of FairWork as well as the flyer below.  

2.

If the situation is serious and needs a follow up, you can make a warm referral: ask for permission to share the phone number of the PA with FairWork, so that the organisation can reach out to the PA directly.

Explain to the PA what FairWork does and that someone from the organisation will reach out to them in the following days.

3.

If the situation needs immediate attention, inform the TC and they will call FairWork themselves to request help for the PA immediately.  

https://www.fairwork.nu/en/homepage/  Phone: +31 20 760 08 09  FairWork and the Red Cross have produced flyers about working in the Netherlands for displaced persons from Ukraine: - [English](https://www.comensha.nl/media/jizlbk4d/2026-know-your-rights-flyer-oek-ontheemden-eng.pdf) -;Document: A twv is required if you want to work as a self-employed person.  

Starting on 1 April 2022, employers must notify the Employee Insurance Agency (in Dutch: UWV)  that they are employing someone.  

For most recent information see:  - https://ind.nl/en/ukraine/temporary-protection-directive-ukraine#working-and-studying-in-the-netherlands - https://www.government.nl/topics/reception-of-refugees-from-ukraine/work-and-income - https://www.refugeehelp.nl/en/ukrainian-refugee/article/100149-conditions-for-working-in-the-netherlands;Document: I have a problem at work and/or I don't feel safe while working or there is labour exploitation.

What should I do?

It’s very important for you to know your rights and feel secure in any situation.

Do you need help or are you unsure about your work?

Are you worried about someone else?    

Opora (https://www.oporafoundation.nl/) provides juridical information to displaced persons from Ukraine on topics related to work.

We can refer you to Opora in case you have questions about: - Labor contracts - Pension - Child allowance   FairWork works together with Opora.   

FairWork is specialized in helping people who have problems at work and/or people who are affected by labour exploitation or human trafficking.

If the PA shows signs of labour exploitation/human trafficking, you can ask the following questions:  - Can you tell me more about your work environment?  

-Are the work conditions as you expected?

- Do you feel safe at work?

- Does your employer treat you badly?

- Are you being forced to do work against your will?  

1.;Document: How long can I stay away from the shelter?

Ukrainians may leave reception for 14 days in a calander year with retention of the reception place and 28 days in a calander year with retention of living allowance.

For example, for holidays, family visits or a funeral.

It depends on the municipality how strictly this is enforced.

The PA must always report his or her departure to a reception staff member.

If the PA does not report the departure but leaves longer than 28 days, they can lose the reception place and the municipality can stop the living allowance immediately.;Document: Alternatively, you may apply for international protection.

- Stateless persons and nationals of third countries residing legally in Ukraine on a short-term basis before 24 February 2022, such as students and workers.    

However, the rules applied vary per EU country.

You can find a detailed overview of country specific rules and updates on this website: https://www.fragomen.com/insights/european-unionukraine-temporary-protection-status-country-specific-updates.html Please check what the rules are for third country nationals for the country you want to go to.;Document: What do I need to do when I leave the Netherlands?  

Before you leave you must (if relevant): - deregister from your municipality (Personal Records Database (BRP)); - inform your employer that you are leaving; - inform your school that you are leaving;  - close your bank account.   

Assistance with returning to your country of origin: If you wish to receive assistance, register with the Repatriation and Departure Service (DT&V).

DT&V can help you arrange your journey to your country of origin or another country outside the EU where you are permitted to stay for a longer period.;Document: How long can I stay away from the shelter?

A displaced person may leave reception for 14 days with retention of the reception place and 28 days with retention of living allowance.

For example, for holidays, family visits or a funeral.

The displaced person must always report his or her departure to a reception staff member.

If the displaced person does not report the departure, they can lose the reception place immediately and the municipality can stop the living allowance immediately.;Document: IOM (International Office of Migrants)

You can contact IOM via phone (+)31 88 746 44 66 for questions regarding voluntary return.

You can also contact IOM via whatsapp between 9:00 and 17:00 here: (https://wa.me/31682091550)  on Monday, Tuesday, Wednesday and Thursday.

Or here: (https://wa.me/31682091228) on Monday, Tuesday, Thursday and Friday.;Document: - Go to the exit or a central safe place designated for this purpose.   

- Follow the instructions of the staff.   

- If the alarm goes off, always leave the building.   

- Everyone gathers outside at the designated assembly point.

Ask someone at the site where the assembly point is if you don't know.   

Source and more information: https://www.mycoa.nl/en/the-netherlands/dangers-in-nature/wildfires;Document: Can I travel to Ukraine without losing the temporary protection status?   

Ukrainians who already have a temporary protection and have an urgent reason can travel to Ukraine for urgent matters, such as picking up relatives, transporting belongings, or medical issues, and return to the Netherlands within a few days or weeks.

However, if you stay in Ukraine or another country for an extended period, the IND may look whether you still qualify for temporary protection.

While your status won’t be automatically revoked, you must provide a valid reason for your long absence.  

Important note: If you live in a shelter you may leave the shelter for 14 days per calander year with retention of the reception place and 28 days per calander year with retention of living allowance.

The displaced person must always report his or her departure to a reception staff member.

If the displaced person does not report the departure, they can lose the reception place immediately and the municipality can stop the living allowance immediately.

If you don't live in a shelter, it is still good to always report to the municipality that you are going to Ukraine for a period of time.;Document: Flyer about human trafficking and exploitation Download the Red Cross flyer with information about labour rights, risks of exploitation and organizations that can help.

This is available in [English](https://www.comensha.nl/media/p2bnzsr3/dec2023_nrk_flyer_know_your_rights_oek_en.pdf), [Ukrainian](https://www.comensha.nl/media/ju4hmw0h/dec2023_nrk_flyer_know_your_rights_oek_oek.pdf) and [Russian](https://www.comensha.nl/media/vznlob3l/dec2023_nrk_flyer_know_your_rights_oek_ru.pdf);Document: What should I do if I return to the Netherlands after a period in Ukraine (or another country)?

What to do on return: - When you return to the Netherlands, you must report again to the municipality or municipal reception center where you previously stayed.

- If you have lost your shelter place as a result of the earlier (temporary) departure and the living allowance has been stopped, it will be assessed whether you comply with the applicable rules at the time of your return.

If this is the case, you are again entitled to childcare and the other benefits in kind from the ROOO.

- If you have been deregistered from the BRP, registration must be done again.   

What to do with earlier advice on a shelter location in case of temporary departure: - At the moment, municipalities are advised to maintain a shelter for displaced persons who leave the municipal shelter for less than 14 days.

- This advice was issued mid-2022 and remains valid.

In case of a departure of more than 14 days, the municipality can give the reception place to someone else, for example if the occupancy rate is high.;Document: Can I work in The Netherlands?  

Everyone who comes under the Temporary Protection Directive can work in the Netherlands without a work permit (in Dutch: tewerkstellingsvergunning or twv).

This means that an employer does not have to request a work permit for you.

And that you can easily look for a job, if you want to.   

The work permit exemption applies to all work in employment.

You will need an employment contract with an employer.

You must also meet the following requirements:  - You come under the Temporary Protection Directive.

We advise you to register at the local council if you come under the directive.  

- You have proof of residency showing that you are allowed to be in the Netherlands.

As proof, you will receive a sticker or card from the IND.  

The requirements for the exemption also apply if want to work as a volunteer.

The organisation where you want to work must then request a volunteer declaration from the UWV.

You may also work as a trainee, when you, your employer and your school have signed a trainee contract.

A twv is required if you want to work as a self-employed person.;Document: 3.

If PA is still abroad and planning to come to NL, ask PA to check on the situation right before departure.

They can get in touch with us for that.

The advice is also for PA to check the TP rules in other countries on the way to NL, should they decide to request TP and shelter there.  

4.

If PA is asking if men are still accepted in NL under TP, the answer is yes.

However, unfortunatly due to limited availability, it is more difficult for single, adult men to get shelter.

Women, children and people with medical indications have priority.

This is something to take into account.   

Always try to check if a PA is vulnerable and falls under on of the following categories:  - 67+ years old - Families with children - Single minor (under 18) -

Extra care (wheelchair, handicap, etc.) - Pregant woman - LHBTQI++  Actions to take when general advice is not sufficient Consult with TC and/or  refer the case to the TC.;Document: Am I covered by the Temporary Protection Directive if I had a work visa for another EU country?

It is important to always check when the PA got his/her work visa and for which country.   

- Work visa before 27.11.2021: Refugees from Ukraine who were working or studying in another European Union country before 27 November 2021 are not entitled to reception.

Check whether you are covered in the country that issued your visa.  

- Work visa after 26.11.2021: If you left Ukraine after 26.11.2021 to another EU country to work and your work visa expires, you may be entitled for Temporary Protection in the Netherlands.

Always ask what kind of work visa the PA has and verify that it really is a work visa, not a permanent visa.

If PA has an expired work visa and he is eligible for temporary protection in the Netherlands, always explain the current situation in the Netherlands concerning housing and ask if PA cannot stay in the country he already is in.;Document: What are my options for staying in/leaving the Netherlands?

You can find a few options for you after your protection status changes below;Document: Can I stay in the public shelter while I have a paid job?  

Displaced persons from Ukraine that are doing paid work may remain at the municipal reception centre.

However, you will have to pay a contribution.

You can also move to other accommodation, for instance with a host family, friends or family members, or at a hotel.  

For most recent information see: https://www.government.nl/topics/reception-of-refugees-from-ukraine/work-and-income"
"I am from Morocco and I have been living in the Netherlands for 20 years. My doctor retired and the new practice is refusing to register me because I don't have a BSN. I know my rights, and this is incredibly frustrating. What else can I do?","I understand your frustration. According to the information available, if you do not have a BSN (citizen service number), it can be difficult to register with a new General Practitioner (GP) practice, as the BSN is typically required for health care and other services in the Netherlands.

Since you have been living in the Netherlands for 20 years but currently do not have a BSN, you should consider registering in the Basic Registration of Persons (BRP) at the municipality where you live. This registration will provide you with a BSN, which you need to access healthcare and other services.

If you are having trouble with registration or with the GP practice refusing to register you, you might want to:

- Contact your municipality to register for the BRP and obtain a BSN.

- If you face difficulties with your current housing situation or registration, seek advice from organizations that provide free legal assistance in your area.

- If you are staying with hosts who refuse to register you at their address, it is advised to find other housing where you can register or contact a municipality shelter.

- You can also ask the municipality for information on the closest GP practices that are accepting new patients.

If you need further assistance, you might consider reaching out to local support organizations or legal aid services that can help you navigate the registration and healthcare system.

I hope this helps you find a solution.","Document: How can I register for Basic Registration of Persons (BRP)?  

You can register for the Basic Registration of Persons (BRP) at the municipality you are staying.   

When you register for the BRP at the municipality, your registration is automatically referred to the Immigration & Naturalization Service (IND).

The IND is responsible for the process that establishes your temporary protected status.

Refugees from Ukraine that are registered at the IND will receive temporary protection and are allowed to stay at least until 4 March 2027.

This might be extended to a maximum of 3 years.  

After registering with the municipality, you will receive a citizen service number (BSN).

You will need this number for health care, education, work and financial matters (for example, opening a bank account).

When you received your BSN, you can apply for a DigiD.

You can use this to access online government services.;Document: What is the difference between a RNI registration and a BRP registration?  

The Non-residents Records Database (RNI) is a part of the Personal Records Database (BRP).

It is a register of people who do not live in the Netherlands, no longer live in the Netherlands or live in the Netherlands for less than 4 months.

For example migrant / seasonal workers register in the RNI.   

If you are registered in the RNI, you will receive a BSN number.

Please note: this BSN number is not valid for receiving a Proof of Residency under the Temporary Protection Directive.

In order to obtain a valid BSN number for applying for a proof of residence, you must register in the BRP in your municipality (see subcategory 'Registration' for more information).  

For most recent information see:  https://www.nederlandwereldwijd.nl/rni/wat-is-rni  https://www.rvig.nl/basisregistratie-personen https://ind.nl/nl/oekraine/richtlijn-tijdelijke-bescherming-oekraine#bewijs-van-verblijf-;Document: Can I get proof of residence if I have a BSN number that I got with a RNI registration?

No, this is not possible.

An RNI registration is for people who stay in the Netherlands for less than 4 months (e.g. migrant / seasonal workers).

The BSN number that belongs with the RNI registration is not valid for proof of residence under the Temporary Protection Directive.

In order to obtain a valid BSN number for applying for a proof of residence, you must register in the BRP in your municipality (see subcategory 'Registration' for more information).  

For the most recent information see: https://www.nederlandwereldwijd.nl/rni/wat-is-rni  https://www.rvig.nl/basisregistratie-personen https://ind.nl/en/ukraine/temporary-protection-directive-ukraine;Document: In order to obtain a valid BSN number for applying for a proof of residence, you must register in the BRP in your municipality   For more information see: https://eu-solidarity-ukraine.ec.europa.eu/information-people-fleeing-war-ukraine/fleeing-ukraine-your-rights-eu_en;Document: My host family/friends/family where I am staying does not allow me to register myself, what should I do?  

It is very important to be registered at an adress in the Netherlands.

If you are not registered, you cannot get Temporary Protection.

If you registered on an adress before, got the Temporary Protection but deregistered lateron, you can lose the Temporary Protection status because it seems you left the country.

Also social benefits are connected to your adress.  

Hosts can register refugees from Ukraine without for example losing their social benefits.

Maybe your hosts are afraid it has negative effects on their own financial situation, but this is often not the case.   

If the host won't register the PA, it is best to refer the PA to a municipality shelter or advise them to find other housing where they can register.  

Always check with the PA how long he/she can still stay with the host family/friends/relatives and make sure PA won't be on the street.

If you think this is the case, refer the case to the TC.   

You can check if there is an organization in the town that you stay in that can give free legal advice about this issue (see category 'Administrative').;Document: Can I register for the Basic Registration of Persons (BRP) when I do not have documents?  

Without documents you can currently not register for the BRP.   

When you have the Ukrainian nationality but cannot prove this with documents (ID or passport), you should contact the Ukrainian embassy in The Hague.

They may be able to get proof of your identity and nationality.

The embassy can issue an identifying certificate that can be used to register for the BRP at the municpality.   Children from Ukraine without proof of identification can be registered with their parents at the municipality.

In the absence of documents, parents can make a statement on oath establishing the identity of the children.

The children are then registered by the municipality together with the parents.   

Address Ukrainian Embassy:  Zeestraat 78, 2518 AD The Hague  Open from Monday to Friday between 09:00 and 13:00 Telephone: +31 (70) 360 72 18  Email: emb_nl@mfa.gov.ua.

https://netherlands.mfa.gov.ua/en   

For the most recent information see: https://ind.nl/en/ukraine/temporary-protection-directive-ukraine;Document: but they don't need to understand it themselves.  

- [This website](https://www.kiesuwhuisarts.nl/)lists the addresses of general practitioners in your area (classification by zip code).  

- You can also check [this website](https://www.zorgkaartnederland.nl/huisarts?zoekterm=huisarts.) -

For most recent information, [check this website](https://www.refugeehelp.nl/en/ukrainian-refugee/article/100072-this-is-how-the-dutch-healthcare-system-works)  

You are not obliged to register with a general practitioner, but it is recommended.;Document: I want to go to a doctor, can you help me?  

When you get a question from someone in need of medical assistance, always make sure to follow these steps:  - Show empathy when somebody is contacting you with a medical issue - Always explain someones rights and the Dutch healthcare system.

Stress that somebody always has the right to see a doctor and get necessary medical care.

For Ukrainians with TP this means that they should visit a General Practitioner (GP) first.

Only the GP van refer to a specialist/hospital.

- If asked, make it clear that as the Red Cross we don’t provide medical services, we only refer people.

- If asked, explain that you cannot give medical advice on what somebody should do (for example; should I go to the emergency post), but you can explain the system and options.

- Check where somebody lives, and always try to find a GP most close by – so in a bigger city, also check this on neighborhood level.  - It can sometimes be quicker to find a doctor if they contact the doctor of their housemate / friend.  

-

In the evening / office hours; check urgency and if it can wait for the next day.;Document: Where can I go when I have special care needs?

To receive specialist care, you often first need a referral from your General Practitioner (GP).

So you can often not just go to the hospital itself for your medical problems.

Do you need specialist care?

Then make sure that you first visit a GP so that you can be referred.

See the questions under 'Doctor' for more information on how to find a GP.   

In the subquestions you can find an overview of organisations that help people with special needs and disabilities.  

For most recent information see: https://www.refugeehelp.nl/en/ukrainian-refugee/article/100098-care-for-people-with-disabilities;Document: I have temporary protection in one EU country but want to move to another for a job.

The new country refuses to register me since I’m already registered elsewhere.

What can I do?          

You are free to choose the EU country in which you enjoy temporary protection.

However, you can benefit from temporary protection only in one EU Member State at a time.

The rights connected to temporary protection are the same in every EU country bound by the Directive.  

If you have registered in one country and decide to move to another, you need to inform the authorities of the country in which you are currently registered.

The country where you move will then register you and offer you the temporary protection status and subsequent rights.   

Please note that if you had a temporary work visa for the Netherlands and are registered in the RNI, you will receive a BSN number.

Please note: this BSN number is not valid for receiving a Proof of Residency under the Temporary Protection Directive.;Document: How do I find a General Practitioner during working hours?

For people who are staying at a host (family):   First check whether you can go to the host's General Practitioner (GP).

Sometimes GPs no longer accept patients, so you have to look for another GP.

Do you not know how to find a general practitioner?

Then you can ask the municipality that you are staying in where the closest general practitioner is that can help you.    

For people who are in an emergency shelter:    We advise you to contact the medical facilities that are present there.

For example, Doctors of the World visits various emergency shelters.

The shelters themselves are better aware of this.   

You can get medical help if you are uninsured.

This is reimbursed by means of a special subsidy.

Sometimes GPs don't know this.

You can refer them to [the website of the CAK](https://www.hetcak.nl/zakelijk/regelingen/regeling-onverzekerden/subsidie-aanvragen/aanvraag).

However, this website is difficult to understand, so explain that they can show this website to the GP

but they don't need to understand it themselves.;Document: Where can I find a General Practitioner during the evening, night and weekends?

In the evening, at night or at the weekend you can contact the GP at the 'huisartesenpost' for urgent questions.   

For the addresses and phone numbers, see: https://www.zorgkaartnederland.nl/huisartsenpost;Document: I need medical treatment and I am in the Netherlands.

What can I do?  

All hospitals in the Netherlands provide medical care for Ukrainian refugees, including Ukrainian PAs with cancer.

They can continue their treatment in the Netherlands, in consultation with a doctor.  

First, you need to visit a general practitioner (GP), who will refer you to the hospital if necessary.

If you have your medical file, bring it with you as it can be helpful.

Having a Dutch-speaking person assist you can also make the process easier, but it is not mandatory.   

For more information on finding a GP, see the questions under the sub-category 'doctor' or click [here](https://agreeable-forest-090d2f903.4.azurestaticapps.net/ukraine/health-wellbeing/doctor)  

For most recent information on cancer treatment see: https://www.kanker.nl/nieuwsberichten/gratis-kankerzorg-voor-oekraiense-vluchtelingen;Document: Can I register for the Basic Registration of Persons (BRP) when I fled from Ukraine but I have another nationality?  

This depends on whether you have a permanent residence permit.

Only displaced persons from Ukraine who are covered by the Temporary Protection Directive can register with the BRP.

As of July 19, non-Ukrainians with a temporary residence permit for Ukraine can no longer apply for temporary protection.

This means that if you have a temporary residence permit, you cannot register with the BRP.   

For the most recent information see: https://ind.nl/en/ukraine/temporary-protection-directive-ukraine;Document: Can I register my newborn baby for the Basic Registration of Persons (BRP)?

Yes you can.

Within three days after the birth of a child, you have to report this to the municipality.

After registration you will receive a birth certificate.  

For the most recent information see: https://www.government.nl/topics/registering-a-birth-and-name-of-child/rules-for-registering-a-birth;Document: In the evening / office hours; check urgency and if it can wait for the next day.

Explain that somebody can always call 112 or go to the huisartsenpost.   

- Check really well if information is clear and if they can follow up with the information that you provided.

Let them know they can always come back when they face issues or do not receive the right help.   

Do you have an emergency?

Call 112 or go to the Emergency Room in the nearest hospital.  

In the next two questions you can find information on how to find a GP.  

For most recent information see: https://www.refugeehelp.nl/en/ukrainian-refugee/article/100072-this-is-how-the-dutch-healthcare-system-works;Document: I have tuberculosis, what should I do?  

Contact your General Practitioner (GP) or contact the tuberculosis control department of the Municipal Public Health Services (GGD) directly.

Specialist doctors and nurses will screen you for tuberculosis.

If you have tuberculosis, you will be prescribed medication.

The nurses at the GGD will help you take the medication correctly.  

For more information see: https://www.rivm.nl/node/200571;Document: GGD Center for Sexual Health in Amsterdam You can talk to the GGD about every topic concerning your body, your relations and sex.

They can provide care regarding your sexual health, sexual orientation, gender issues,  sexwork or sexual violence.

Come in to talk about ways to protect yourself with  PEP/PrEP, contraception and vaccinations.

This is a LHBT-friendly centre.

You don't need  ID / BSN / health-insurance.  

You have to call or use the website link to make an appointment.   

Everyone is welcome, the care is free of charge.

You do not need a referral by a doctor.   

All healthcare workers have professional secrecy.  

https://afspraak.ggdaphrodite.nl/?lang=en   Phone: (020) 555 5822  Address: GGD Amsterdam Centrum voor Seksuele Gezondheid Nieuwe Achtergracht 100 1018 WT Amsterdam (near Weesperplein metro station);Document: Another host shelter You can look for a new host family.

You can do this through your social network or through various local initiatives.

It is important that you register in the Basic Registration of Persons (BRP) of the new municipality, or report the new address to the BRP if you stay in the same municipality.;Document: The doctor will determine whether this is necessary.  

3)

If the doctor does not want to arrange a translator or don't know how to do this, you can show the website mentioned before (https://www.zoschakeltueentolkin.nl/)   

For more information, check the links below: - https://www.refugeehelp.nl/en/ukrainian-refugee/article/100075-this-is-how-healthcare-works - https://www.refugeehelp.nl/en/ukrainian-refugee/article/100398-what-you-need-to-know-if-you-have-a-healthcare-appointment-and-do-not-speak-dutch"
I need food!,"Hi! I'm Aidly, the HIA chatbot. How can I assist you with food-related information in the HIA app? Are you looking for places to get food, food services, or something else?",
I have diabetes and I am undocumented. I need insulin but I also cannot afford the food I need for my diet. The doctor told me I need to eat differently but everything is too expensive.,"I'm sorry to hear about your situation. For food support, you can contact the Red Cross Food Program Helpdesk for assistance. They can provide information on where to find additional food support, especially if you are staying in a public shelter. You can reach them by call, text, or WhatsApp at +31 97010259797 (Monday to Friday, 9:00 – 17:00).

Also, in many municipalities, Voedselbank Nederland (Food Bank Netherlands) distributes food parcels to displaced persons from Ukraine. You can check your eligibility here: https://voedselbankennederland.nl/vertalingen/english/

Regarding your medical needs, the Dutch Red Cross can provide general information about healthcare but does not offer direct medical assistance. For insulin and diabetes care, you might want to contact local healthcare providers or your municipality's health services.

If you are staying with a host family and have dietary needs, you can discuss with your host about cooking some meals yourself or using social money to buy the food you need.

If you want, I can help you find specific contacts or locations near you for food or medical support.","Document: Food support per city The Red Cross Helpful Information website provides an overview of food options available in different cities.

You can always refer the PA to this website or share the list of options found there directly.  https://helpfulinformation.redcross.nl/;Document: How can I get food support?  

When you are staying in a public shelter, please approach someone from the shelter to ask where you can find additional food support.

You can also contact the Red Cross Food Program Helpdesk.

For all general questions, new applications, extension requests, etc, PA's can call/text/

WhatsApp them at +31 97010259797 (Mon-Fri 9:00 – 17:00).  

In municipalities all over the country Voedselbank Nederland (Food Bank Netherlands) distributes food parcels to displaced persons from Ukraine.

Too find out if you are eligible, please see: https://voedselbankennederland.nl/vertalingen/english/;Document: I can't eat the same food as my host does

Yes, I understand that you used to eat different meals and some food can taste strange for you.

If so, you can always discuss it with your host.

I am sure, there is a way for both of you to find a balance.

For example, you can ask your host if it's not a problem for you to cook some meals for yourself.

If you already get social money, you can buy some products for your own use.

It's not an obligation to eat only the food your host eats every day.

You can use your money for food you prefer to eat.;Document: Red Cross The Red Cross focuses on humanitarian assistance, they offer for example; first aid, emergency food support and psychosocial support.  

Through the Red Cross helpline via Whatsapp (https://wa.me/31614458781]) they can connect you to available help.;Document: Google Map with an overview of locations where humanitarian aid is being provided (e.g. food, clothing) https://goo.gl/maps/SvfGnjBnH8j9cYbA9;Document: Helpdesk Red Cross If you have questions regarding food, shelter, medical help, your situation or any other help you can reach out to the Red Cross helpline via Whatsapp

[here](https://wa.me/31614458781)  General helpdesk from the Red Cross, we can help to connect you with the right help available.;Document: How can I get support with clothes?  

The Red Cross Helpful Information website provides an overview of clothing options available in different cities.

You can always refer the PA to this website or share the list of options found there directly.  

https://helpfulinformation.redcross.nl/  For most recent information on initiatives that provide support in clothes or offer clothes for a small price see: https://www.refugeehelp.nl/en/marketplace;Document: I have HIV, where can I get support?

You can contact Service point of the Hiv Association and a volunteer from the association can answer your questions.   

https://www.hivvereniging.nl/blog/belangenbeschijning/13701-hoe-zit-het-met-hiv-zorg-voor-vluchtelingen-uit-oekraine  Phone: 020 - 689 25 77 (Monday, Tuesday and Thursday from 14:00 to 22:00)   

Email: servicepunt@hivvereniging.nl;Document: I have an eye condition, where can I get support?

The Eye Association advises and refers to the right authorities.

It can be about:  - Access to eye care: think of eye drops, injections or other treatments - Living with a visual impairment in the Netherlands: think of tools or building a network and learning the language  https://www.oogvereniging.nl/standpunten/steunpunt-migranten/steunpunt-oekraiense-vluchtelingen/

Telephone: 030-2945444  Email: ooglijn@oogvereniging.nl;Document: Website about financial support for Ukrainians during the war https://www.enableme.com.ua/ua/article/grosova-dopomoga-ukraincam-pid-cas-vijni-7738;Document: EnableMe UA EnableMe UA is a complete, up-to-date guide on all issues of disability and a friendly community for Ukrainians with special needs, mental disorders, chronic diseases and various disability groups.   

EnableMe Ukraine offers information, advice and online support to people with physical, mental or psychological disabilities.  

For most recent information see: https://www.enableme.com.ua/ua;Document: Is dental care reimbursed?  

This depends on your situation.  

Below is an overview of dental services that are covered by the insurance for Ukrainian displaced persons (RMO):   Conditions for providing dental care to Ukrainian displaced persons:  i.

The clinic can help patients living (registered) within a radius of 50 km from the clinic.  ii.

The patient must make an appointment through the special organization Tandartslijn (tel. 0881122112).  

iii.

If necessary, the clinic must provide proof of the record and argue the urgency (urgent necessity) of providing assistance.  

iv.

These conditions apply to adults and children.  

v. Compensation for adults

is limited to an amount of 250 euros per year and the choice of treatment - elimination of emergency pain with minimal costs.  

vi.

The amount of treatment is not limited to children under 18 years of age.

The only limitation is the exclusion of orthodontic treatment and prosthetics with implants and porcelain-ceramic crowns.   

The following types of dental services are covered by the RMO scheme:  i. Non-Periodic Review Consultation  ii.;Document: What is the stance of the Red Cross when somebody is not helped at HSP?  

We do our best to ensure that people arriving at an Humanitarian Service Point (HSP) are directed to the most appropriate form of assistance for them.

This could mean that people are directed to Ter Apel, rather than assistance being provided at the HSP.

However, we try to ensure that all refugees have their basic needs met, i.e. they can have some food and a drink, rest and charge mobile devices before travelling onwards.;Document: Access to medical care - Third party insurance - Living allowance (if asylum procedure has started) - Public transportation card - Education and development program - Payment of extraordinary expenses  Based on Red Cross standards, the following are specifically added: - Clothing and shoes - Locker - Night light - Shower gel - Shampoo - Toothbrush & toothpaste - Menstural hygiene - Razor - Bath Towel - Small towel - Hairbrush - Diapers - Baby lotion - Washing up liquid - Washing machine detergent - Space for children - Space for men - Space for women  For more information see:  - https://vng.nl/sites/default/files/2021-10/handreiking-crisisnoodopvang.pdf - https://wetten.overheid.nl/BWBR0017959/2022-01-01#HoofdstukIV;Document: I want to return to Ukraine, where can I find support?  

Displaced persons from Ukraine who wish to return or continue their migration can receive assistance from the Repatriation and Departure Service (DT&V).

Depending on the nationality and/or country of return or onward migration, they can provide return and/or reintegration support.                   

For more information in English and Ukranian, see: https://english.dienstterugkeerenvertrek.nl/latest/news/2022/07/01/assistance-for-those-returning-to-ukraine   You can use the contact form on the bottom of the following webpage of the DT&V to indicate whether you would like to be assisted in your return to Ukraine: https://english.dienstterugkeerenvertrek.nl/latest/news/2022/07/01/assistance-for-those-returning-to-ukraine   For an information video made by the Red Cross see: EN: https://youtu.be/PV-PJv-oCDw  UA: https://youtu.be/5YsAYFqYsjM  RUS: https://youtu.be/n_otbQncTHs;Document: Can I get financial support for a return to my country of origin?

If you have fled Ukraine, but do not have Ukrainian citizenship, you can no longer make use of the remigration support of the Repatriation & Departure Service (DT&V).

This financial support stopped March 4, 2024.   

Are you a third-country national from Ukraine and do you still want to return to your country of origin or another country outside the European Union?

IOM can assist you with REAN-return support and depending on your nationality you might be eligible for additional reintegration assistance offered by IOM and several non-gouvernemental organisations.  

The IOM offers the following REAN-support and assistance for voluntary return: - Support before, during and after departure consists of return counselling and support to obtain a travel document.  

- An airline ticket and a small financial allowance to cover for the basic necessities after return.

- Depending on your nationality, you might be eligible for reintegration support.;Document: Can the Dutch Red Cross provide medical assistance?  

We can provide you with general information about healthcare and medical assistance in the Netherlands.

However, it is important to note that the Dutch Red Cross does not offer direct medical assistance.   

It might be confusing, as other national Red Cross societies may offer medical assistance in their countries, but the Dutch Red Cross does not provide this.;Document: I need a wheelchair or another permanent medical aid device If you need permanent aids, such as a wheelchair, for example because of a disability, you will usually receive these from your municipality.   

You can contact the Wmo-loket of the municipality you are residing in.   

You can also buy or rent a walker yourself, for example via the thuiszorgwinkel.

On Marktplaats you can also find cheap second-hand wheelchairs or walker.;Document: What can I do if I am not feeling safe at my host family?

Sorry to hear this.

There are a few options:     Are you in immediate danger?

Call 112.     

Contact a support organisation for assistance, information, mediatiation and more.

See for most recent information: www.refugeehelp.nl/get-help/category/safety    You can always contact Veilig Thuis (Safe at home) at 0800-2000.     

You can always go to an emergency shelter of the municipalities if you no longer want to stay with your host family.

If you give your location, I can give you a registration point nearby.    

See for most recent information: https://www.refugeehelp.nl/get-help/housing/regional-initiatives;Document: DTV (Repatriation and Departure service)

The DT&V helps foreign nationals return to their country of origin.

For third-nationals from non-EU countries who have fled from Ukraine they offer:  - Advice and information about repatriation and return.

- A one-way airline ticket.

- Assistance during departure from Schiphol Airport.

- In some cases financial support"
"I have a temporary residence permit from Portugal, but I am originally from Iraq. I moved to the Netherlands to find work, but now they are telling me I cannot work here. I don’t understand. I have European papers.","Hello! I am Aidly, the HIA chatbot.

Based on the information you provided and the documents, if you have a temporary residence permit from Portugal and you are originally from Iraq (a third-country national), your situation is subject to specific rules.

You can only live and work legally in the country that granted you temporary protection. Since your temporary residence permit is from Portugal, you are allowed to live and work there under that permit.

If you moved to the Netherlands, you need to apply for temporary protection or another residence permit in the Netherlands to be allowed to live and work here legally.

Third-country nationals with a temporary Ukrainian residence permit may temporarily continue to make use of rights under the Temporary Protection Directive, but this does not automatically apply if you have a permit from another EU country.

Therefore, without temporary protection or a residence permit issued by the Netherlands, you cannot work here legally.

If you want to work in the Netherlands, you should check the requirements for temporary protection here and possibly apply for it if eligible.

For more detailed information, you can visit: https://ind.nl/en/ukraine/temporary-protection-directive-ukraine

If you need assistance, you may also contact VluchtelingenWerk Nederland (VWN).

I hope this helps clarify your situation!","Document: Can I work in The Netherlands?  

Everyone who comes under the Temporary Protection Directive can work in the Netherlands without a work permit (in Dutch: tewerkstellingsvergunning or twv).

This means that an employer does not have to request a work permit for you.

And that you can easily look for a job, if you want to.   

The work permit exemption applies to all work in employment.

You will need an employment contract with an employer.

You must also meet the following requirements:  - You come under the Temporary Protection Directive.

We advise you to register at the local council if you come under the directive.  

- You have proof of residency showing that you are allowed to be in the Netherlands.

As proof, you will receive a sticker or card from the IND.  

The requirements for the exemption also apply if want to work as a volunteer.

The organisation where you want to work must then request a volunteer declaration from the UWV.

You may also work as a trainee, when you, your employer and your school have signed a trainee contract.

A twv is required if you want to work as a self-employed person.;Document: What are my rights as a third-country national?  

Non-Ukrainians who had a temporary Ukrainian residence permit (third-country nationals) may temporarily continue to make use of the rights that come with the Temporary Protection Directive.

This includes:  - Accommodation in a reception centre - Living allowance - Work without a special permit - Healthcare - Education  If you left your shelter but you are still in the Netherlands, you can reapply at the same municipality.

If refused, contact VluchtelingenWerk Nederland (VWN) for assistance or to file a complaint.   

For more information see:  - https://ind.nl/en/ukraine/residency-non-ukrainians-with-temporary-ukrainian-residence-permit - https://www.refugeehelp.nl/en/ukrainian-refugee/news/100372-you-can-still-stay-in-the-netherlands-if-your-temporary-protection-ended-on-4-march;Document: Can I work in the Netherlands?

In order to live and work in The Netherlands, any person needs one of many Dutch residence permits.

As in the majority of other different countries, a person cannot simply arrive in a country and start working legally.

There are always regulations, which are country-dependent.  

The Temporary Protection Directive is one such temporary residence permit allowing people from Ukraine to live and work in The Netherlands.

The “sticker” (or paper, or O-document) is only the confirmation of the fact that a person applied and was granted temporary protection in The Netherlands.

You can apply for temporary protection in The Netherlands under certain conditions, which you can find here: https://www.refugeehelp.nl/en/ukrainian-refugee/article/100187-conditions-of-temporary-protection-directive   Important: you can work only after receiving the so-called “sticker”.

You cannot work if you have only your BSN number but do not have the “sticker” yet.

You should be registered as a “resident” in the BRP to qualify for temporary protection in The Netherlands.;Document: Can I work as a freelancer?

Refugees from Ukraine who fall under the Temporary Protection Directive are only allowed to work as a self-employed person in the Netherlands if: - they have an employment permit for entrepreneurs, or - the contracting party has an employment permit (tewerkstellingsvergunning).;Document: Important: Temporary Protection for third-country nationals stops per September 4, 2025.   

Important: refugees with a temporary residence permit for Ukraine (third-country nationals) have to leave the Netherlands as of September 4, 2025  Up until now, there has been a freeze on the end of Temporary Protection for third-country nationals.

This freeze ends on September 5, 2024, meaning that third-country nationals must leave the country after this.

Until that date, they will continue to have all the rights granted under Temporary Protection.

See more about these rights under “What are my rights as a third-country national”.   

After September 4, 2024, third-country nationals will have four weeks to leave the Netherlands voluntarily.

During those weeks, they will still have the right to shelter, but the right to work and access education will end on September 4.   

To whom the freeze applies: - Your temporary protection ended on 5 March 2024. 

- You are registered with the municipality in the Personal Records Database (BRP).  

Have you been deregistered from the BRP after 4 March 2024?;Document: Can I do an internship in the Netherlands?

Displaced persons covered by the Ukraine Temporary Protection Directive are allowed to do an internship for training.  

A displaced person can demonstrate that they are covered by the Temporary Protection Directive with a sticker or O document (officially: the Alien Identity Document model 2014) from the Immigration and Naturalization Service (IND).

The internship provider then does not need a work permit (officially: work permit).

Displaced persons can make an appointment to collect proof of residence from the IND.  

The intern, employer and training must conclude an internship agreement.  

For the most recent information, see: https://www.rijksoverheid.nl/onderwerpen/opvang-vluchtelingen-uit-oekraine/werk-en-inkomen;Document: Does The Netherlands still accept people from Ukraine?

Yes, the Netherlands is still accepting people from Ukraine.

The Temporary Protection Directive was extended to March 2027.   

The Temporary Protection Directive grants Ukrainian citizens and third-country nationals who qualify for the Temporary Protection Directive protection until the date it expires.

The duration of the Temporary Protection Directive was recently extended to March 2027.

With the Temporary Protection Directive, you can get access to a shelter location, health care, and education for children below 18 in the Netherlands.

You will also get the possibility to work.

You will receive some financial support as long as you do not have work yet.  

Please note: the Temporary Protection Directive is not valid after 4 March 2024 for 'third-country nationals' (persons without Ukrainian nationality with a temporary residence permit in Ukraine, who registered before 19 years July 2022 in the Basic Registration of Persons (BRP)).;Document: Legal Stay You may also apply for a work or study permit in order to receive regular stay in the Netherlands.

However in most cases it is only possible to apply for visa in the country of origin.

You can find more information here: https://www.refugeehelp.nl/en/ukrainian-refugee/article/100083-applying-for-a-regular-residence-permit;Document: If you register as a “non-resident” in RNI, you are not qualified for temporary protection in The Netherlands.

You can read more about the conditions for working in The Netherlands here: https://www.refugeehelp.nl/en/ukrainian-refugee/article/100149-conditions-for-working-in-the-netherlands   Please note: the Red Cross cannot issue the “sticker” or any other documents for that matter.

This is done exclusively by IND.;Document: I have temporary protection in a different EU country, can I move to the NL?

You have the right to change countries that grant you temporary protection.

Always check the requirements for temporary protection for each country you are interested in.

You should be aware that you can only live and work in the country that grants temporary protection to you.

However, you can visit any other country as a tourist.

It is always highly advisable to check the entry requirements of the country you wish to visit before you travel.  

If you currently have temporary protection in a different EU country, but you wish to move to The Netherlands, it is important that you:  1.

Check requirements for Temporary Protection in NL (your departure date from Ukraine, if you are in possession of Ukrainian documents).

Only then decide about changing (or not)  countries.

Don't change countries if you are not eligible according to the requirements of the Temporary Protection Directive in The Netherlands.

2.

If you checked the requirements and you are eligible, cancel your Temporary Protection Status in your current country of residence, or cancel your other residence permit for this country.

3. Only then move to NL.;Document: What is the Temporary Protection Directive?

The Temporary Protection Directive entitles you to reception, health care, and education for minor children in the Netherlands.

As well as the possibility to work.

If you are covered by the directive, you may stay in the Netherlands until at least 4 March 2027.   

Please note: The Temporary Protection Directive has been extended until March 2027.

However, in the case or a durable ceasefire this might be withdrawn again.  

For the most recent information see: - https://ind.nl/en/ukraine/temporary-protection-directive-ukraine - https://www.government.nl/topics/reception-of-refugees-from-ukraine/third-country-nationals;Document: What are my working rights when I work in the Netherlands?

Displaced Ukrainians have the same labour rights as Dutch employees.

These rights include a safe working space, regular breaks, and the minimumwage.   

For questions about labour rights you can share the flyer 'Know your rights when you work' with the person affected.

For Ukrainian people this is available in: -

[English](https://www.comensha.nl/media/jizlbk4d/2026-know-your-rights-flyer-oek-ontheemden-eng.pdf) -

[Ukrainian](https://www.comensha.nl/media/kdcfdy13/2026-know-your-rights-flyer-oek-ontheemden-oek.pdf) - [Russian](https://www.comensha.nl/media/fbtnesz5/2026-know-your-rights-flyer-oek-ontheemden-ru.pdf);Document: Am I covered by the Temporary Protection Directive if I had a work visa for another EU country?

It is important to always check when the PA got his/her work visa and for which country.   

- Work visa before 27.11.2021: Refugees from Ukraine who were working or studying in another European Union country before 27 November 2021 are not entitled to reception.

Check whether you are covered in the country that issued your visa.  

- Work visa after 26.11.2021: If you left Ukraine after 26.11.2021 to another EU country to work and your work visa expires, you may be entitled for Temporary Protection in the Netherlands.

Always ask what kind of work visa the PA has and verify that it really is a work visa, not a permanent visa.

If PA has an expired work visa and he is eligible for temporary protection in the Netherlands, always explain the current situation in the Netherlands concerning housing and ask if PA cannot stay in the country he already is in.;Document: Abroad  General advise If you’re coming to the Netherlands with a Ukrainian passport/valid permanent Ukrainian residence permit and proof you left Ukraine after November 26, 2021, you have a right to Shelter & Temporary Protection.

To apply, visit the municipality office in the city where you will arrive.  

Please note that the housing situation here is challenging and becoming more restricted.

We recommend contacting us before you leave to get the latest updates.  

If possible, try to arrange accommodation on your own when arriving in the Netherlands.

Note that you need a local address (accommodation) to apply for temporary protection.   

Actions to take when general advise was not sufficient NO referrals for cases outside of the Netherlands.

Advise the PA to contact us upon arrival.;Document: Can I change temporary protection in another EU country to temporary protection in the Netherlands?

Yes you can.

Please note that you can only fall under the temporary protection directive in one EU country.

People can live and work legally only in the country that granted temporary protection.

People still have a right to travel as tourists within EU under “90 days” rule.   

According to the IND, you do not need to deregister in the country where you currently have temporary protection.

That way, if your request for temporary protection in the Netherlands is denied, you will still have temporary protection elsewhere.

The IND should not object if someone falls under temporary protection elsewhere.

Eventually, the country that you're leaving will be able to see in a temporary protection platform that you have also been granted temporary protection in the Netherlands and then they can terminate the temporary protection.   

You can find more information about the temporary protection directive in the EU

[here](https://home-affairs.ec.europa.eu/policies/migration-and-asylum/asylum-eu/temporary-protection_en)

(in EN, UKR, RU, NL).;Document: I want to work but did not yet receive a document that states that the Temporary Protection Directive applies to me, what can I do?  

Without a sticker or card from the IND as a proof of residency you cannot yet work.

If you fall under the Temporary Protection Directive but do not have a sticker or card yet, please make an appointment with the IND.   

For most recent information see: https://ind.nl/en/ukraine/temporary-protection-directive-ukraine#working-and-studying-in-the-netherlands;Document: What is a proof of residency?

If you fall under the Temporary Protection Directive and are registered in the BRP, you can obtain a certificate from the IND that you are allowed to live and work in the Netherlands.

This certificate is a sticker in your passport or on a separate piece of paper.

Sometimes you will be given a card.

Applying for residency under the directive is free of charge!!   

The sticker or card is valid from 4 March 2022 to 4 March 2027.

Your sticker or card is only valid in the Netherlands.

Are you applying for protection in another EU country?

Then your protection stops in the Netherlands.  

For the most recent information see:  - [IND](https://ind.nl/en/ukraine-appointment-to-collect-proof-of-residency)  - [IND](https://ind.nl/en/ukraine/temporary-protection-directive-ukraine) -

[RefugeeHelp](https://www.refugeehelp.nl/nl/ukrainian-refugee/article/100040-dit-moet-je-doen-als-je-tijdelijke-bescherming-hebt);Document: What if I'm an EU migrant?

If you hold the nationality of an EU member state, you have lawful residence in the Netherlands, but under a different policy than with the temporary protection.

You can find more information here: https://ind.nl/en/residence-permits/eu-eea-or-swiss-citizens/registering-with-the-ind-as-an-eu-eea-or-swiss-citizen;Document: Netherlands (but not Amsterdam/Utrecht/Swolgen/Heerevenveen/Rotterdam/Haarlem) General advise If you’re coming to the Netherlands with a Ukrainian passport/valid permanent Ukrainian residence permit and proof you left Ukraine after November 26, 2021, you have a right to Shelter & Temporary Protection.

To apply, visit the municipality office in the city where you will arrive.  

Please note that the housing situation here is challenging and becoming more restricted.

We recommend contacting us before you leave to get the latest updates.  

If possible, try to arrange accommodation on your own when arriving in the Netherlands.

Note that you need a local address (accommodation) to apply for temporary protection.   

Actions to take when general advise was not sufficient NO referrals for cases outside of the Netherlands.

Advise the PA to contact us upon arrival.   

Actions to take when general advise is not sufficient If the PA shares challenges in finding a place to stay, please consult with the Team Captain.;Document: For the most recent information, see: https://ind.nl/en/ukraine/temporary-protection-directive-ukraine or https://www.refugeehelp.nl/en/ukrainian-refugee/article/100082-leaving-the-netherlands-temporarily"
You referred me to an organisation for asylum and they told me I don’t qualify. Nobody is helping me. I have been going from place to place and everyone keeps saying the same thing. What was the point of sending me there?,"I'm sorry to hear about your difficult situation. I want to help you as best as I can. Could you please tell me which organization I referred you to for asylum? This way, I can check the information and see if there are other options or resources available to assist you.",
I am pregnant and my landlord kicked me out because he doesn’t want a baby in the house. I need to see a doctor for my pregnancy and I also have nowhere to sleep tonight. I don’t know what to do. I am so tired of this.,"I'm really sorry to hear about your situation. You have the right to be safe and to receive medical care during your pregnancy. It sounds like you may need urgent support for both housing and healthcare.

I can help you find information about your rights as a tenant and pregnant person, as well as resources for emergency housing and medical care. Would you like me to look for this information for you?",
wer find winter clodes. I nigeria.,I don't have the right information to answer your question.,"Document: How can I get support with clothes?  

The Red Cross Helpful Information website provides an overview of clothing options available in different cities.

You can always refer the PA to this website or share the list of options found there directly.  

https://helpfulinformation.redcross.nl/  For most recent information on initiatives that provide support in clothes or offer clothes for a small price see: https://www.refugeehelp.nl/en/marketplace;Document: Access to medical care - Third party insurance - Living allowance (if asylum procedure has started) - Public transportation card - Education and development program - Payment of extraordinary expenses  Based on Red Cross standards, the following are specifically added: - Clothing and shoes - Locker - Night light - Shower gel - Shampoo - Toothbrush & toothpaste - Menstural hygiene - Razor - Bath Towel - Small towel - Hairbrush - Diapers - Baby lotion - Washing up liquid - Washing machine detergent - Space for children - Space for men - Space for women  For more information see:  - https://vng.nl/sites/default/files/2021-10/handreiking-crisisnoodopvang.pdf - https://wetten.overheid.nl/BWBR0017959/2022-01-01#HoofdstukIV;Document: What facilities should be available at a Crisis Emergency Shelter?

The following facilities must be present at a crisis emergency shelter: - Goods hygiene - Beds, mattresses, pillows, blankets, etc. - Marker materials, potester materials, printer, markers - Wifi (very strong network for residents) - Plenty of charging stations phones residents - Recreational activities - Clothes (seasonal) young and old - Cleaning supplies - Meals (or dining money) -

Access to medical care - Third party insurance  Based on Red Cross standards, the following are specifically added: - Clothing and shoes - Shower gel - Shampoo - Toothbrush & toothpaste - Menstural hygiene - Razor - Bath Towel - Hairbrush - Diapers - Space for children  For more information see:  - https://vng.nl/sites/default/files/2021-10/handreiking-crisisnoodopvang.pdf - https://wetten.overheid.nl/BWBR0017959/2022-01-01#HoofdstukIV;Document: For the most recent information, see: https://ind.nl/en/ukraine/temporary-protection-directive-ukraine or https://www.refugeehelp.nl/en/ukrainian-refugee/article/100082-leaving-the-netherlands-temporarily;Document: Netherlands (but not Amsterdam/Utrecht/Swolgen/Heerevenveen/Rotterdam/Haarlem) General advise If you’re coming to the Netherlands with a Ukrainian passport/valid permanent Ukrainian residence permit and proof you left Ukraine after November 26, 2021, you have a right to Shelter & Temporary Protection.

To apply, visit the municipality office in the city where you will arrive.  

Please note that the housing situation here is challenging and becoming more restricted.

We recommend contacting us before you leave to get the latest updates.  

If possible, try to arrange accommodation on your own when arriving in the Netherlands.

Note that you need a local address (accommodation) to apply for temporary protection.   

Actions to take when general advise was not sufficient NO referrals for cases outside of the Netherlands.

Advise the PA to contact us upon arrival.   

Actions to take when general advise is not sufficient If the PA shares challenges in finding a place to stay, please consult with the Team Captain.;Document: What facilities should be available at an Emergency Shelter?

The following facilities must be present at a crisis emergency shelter: - Goods hygiene - Beds, mattresses, pillows, blankets, etc. - Marker materials, potester materials, printer, markers - Wifi (very strong network for residents) - Plenty of charging stations phones residents - Recreational activities - Clothes (seasonal) young and old - Cleaning supplies - Meals (or dining money) -;Document: Abroad  General advise If you’re coming to the Netherlands with a Ukrainian passport/valid permanent Ukrainian residence permit and proof you left Ukraine after November 26, 2021, you have a right to Shelter & Temporary Protection.

To apply, visit the municipality office in the city where you will arrive.  

Please note that the housing situation here is challenging and becoming more restricted.

We recommend contacting us before you leave to get the latest updates.  

If possible, try to arrange accommodation on your own when arriving in the Netherlands.

Note that you need a local address (accommodation) to apply for temporary protection.   

Actions to take when general advise was not sufficient NO referrals for cases outside of the Netherlands.

Advise the PA to contact us upon arrival.;Document: Do I need car insurance?

Many cars from Ukraine are only insured within Ukraine.

This means that you need to take out a separate insurance if you are using your car in the Netherlands.  

For most recent information see: https://www.refugeehelp.nl/en/ukrainian-refugee/article/100128-having-your-own-car-in-the-netherlands;Document: Where can I find shelter when arriving in the Netherlands?  

Links to the Red Cross Website  On the Red Cross Website you can now find updated information regarding the shelter process for Ukrainian refugees.

Click on the following links for the [English](https://www.rodekruis.nl/english-information/), [Ukrainian](https://www.rodekruis.nl/ukrainian/) and the [Russian](https://www.rodekruis.nl/russian/) version of this webpage.

You can always share these links with the PA as well.

See also below what the general explanation is.   

General advice  If you want to apply for Temporary Protection and need help with a shelter place, visit a municipality (""gemeente"" in Dutch).

Municipalities register displaced Ukrainians and help find housing.

(Please check the latest Temporary Protection rules on [RefugeeHelp](https://www.refugeehelp.nl/ru/ukrainian-refugee/article/100187-chtoby-poluchit-vremennuyu-zashchitu-vy-dolzhny-sootvetstvovat-etim-usloviyam).);Document: How can I travel from Ukraine to the Netherlands?  

Unfortunately, we cannot provide you with information on fleeing routes.   

The International Organization for Migration (IOM) has set up information and support hotlines for persons in Ukraine and fleeing Ukraine in different countries.

The number depends from which country you call.

You can look on their website to see which number you have to call: https://www.iom.int/ukraine-iom-hotlines-garyachi-linii-mom-persons-affected-war  You can find an overview of organsations that can possibly help you travel from Ukraine to The Netherlands:  https://www.refugeehelp.nl/en/ukrainian-refugee/article/100130-travelling-from-ukraine-to-the-netherlands;Document: Requesting shelter upon arrival in the NL as required by Dutch law.

*Cited directly from the Dutch government website*:  It is very difficult at the moment for local authorities to arrange accomodation.

The authorities’ priority is to ensure accommodation for the most vulnerable refugees.

Refugees from Ukraine who are able to, are being asked to make every effort to find a place of residence by themselves.

This applies to both refugees who have been in the Netherlands for some time and new arrivals.

If not possible to find a place of residence, please report to a municipality to ask for help and to register.  

In order to be covered by the Temporary Protection Directive, refugees from Ukraine need to be registered in the Personal Records Database (BRP) and get a residence sticker from the Immigration and Naturalisation Service (IND).

The appointment with the IND should be scheduled within 4 weeks from the date of the registration in the BRP.

Refugees from Ukraine are then entitled to accommodation, a subsistence allowance, healthcare and education.   

[*Dutch Government website*](https://www.government.nl/topics/reception-of-refugees-from-ukraine/arrival-registration-and-stay);Document: Can I get shelter in the Netherlands if I am already registered in another Schengen country?

Yes, if you are registered in a Schengen country but you want to come to the Netherlands and apply for shelter here, please make sure you have the Ukrainian nationality or permanent residence permit, and you left Ukraine after 26th November, 2021.

Due to the current shortage of shelter places, there are no guarantees that a municipality will grant you shelter.

When you arrive to the Netherlands, please report to any municipality to try to register and receive shelter.;Document: Falling through the ice In the Netherlands the water in ditches, lakes and ponds can freeze when the temperature is below zero degrees Celsius.

A layer of ice then forms on the water.

If the ice is thick enough you can walk and skate on it.    

If the ice is not thick enough you can fall through it.

This is very dangerous.

You can get hypothermia, drown or even die.   

Only go out on the ice if you are sure it is thick enough.

Also, never go out on the ice alone.

Call for help if someone has fallen through the ice or call 112 in a life-threatening situation.

Watch your own safety if you want to rescue someone who has fallen through the ice.   

Source and more information: https://www.mycoa.nl/en/the-netherlands/dangers-in-nature/ice-and-skating;Document: Water and swimming There is a lot of water in the Netherlands.

Therefore, it is important that you can swim.

Even if you can swim, there are still risks to be considered:   - the bottom is often uneven   - it can sometimes be unexpectedly deep, making you suddenly unable to stand   - cold water can give you cramps   - strong currents can carry you away     Always be careful, even when the weather is nice and calm:   - do not swim if you cannot swim   - always keep a close eye on children   - never swim alone and do not swim in places where it is prohibited     Source and more information: https://www.mycoa.nl/en/the-netherlands/dangers-in-nature/water-and-swimming;Document: You can register at any municipality, either in person or sometimes by email.

After registration, the municipality will help with housing.

If the municipality has space, they will help you.

If not, they will contact the Regional Coordination Centre for Refugee Dispersal (""RCVS""), which may escalate to the National Centre for Refugee Dispersal (""LCVS"").

Please check details [here](https://www.refugeehelp.nl/ru/ukrainian-refugee/article/100179-chto-neobhodimo-sdelat-po-pribytii-v-niderlandy)  

Due to the limited number of available shelter places, the Dutch government asks Ukrainians to find their own housing if possible.

If you can’t, go to the municipality for help.  

It’s a good idea to ask the municipality for written confirmation of your visit.

If they’re unable to help immediately, kindly ask if a temporary solution can be provided while they search for a place for you.   

Actions to take when general advice is not sufficient If the general advice isn’t enough, forward the case to the team captain.  

Important disclaimer Because this process is centrally organized, the above procedure must be followed.;Document: Nidos arranges shelter in host families, preferably with the same cultural background.   

See for the most recent information:  https://www.nidos.nl/oekraine/  https://www.unicef.nl/ons-werk/noodhulp/oekraine/onbegeleide-kinderen-uit-oekraine;Document: If you register as a “non-resident” in RNI, you are not qualified for temporary protection in The Netherlands.

You can read more about the conditions for working in The Netherlands here: https://www.refugeehelp.nl/en/ukrainian-refugee/article/100149-conditions-for-working-in-the-netherlands   Please note: the Red Cross cannot issue the “sticker” or any other documents for that matter.

This is done exclusively by IND.;Document: More information about studying in the Netherlands: https://www.uaf.nl/en/oekraine/;Document: Can I study here?  

Refugees from Ukraine and third-country nationals covered by the Temporary Protection Directive can study at a university or college in the Netherlands, provided they have the required prior education level and meet the admission requirements for the course they want to follow.  

- Go to nuffic.nl to see how your previous education in Ukraine compares to the Dutch education system.  

- Request a free credential evaluation from IDW.

- Study in NL provides more general information about Dutch education system and to seek training.

- If you have found a suitable course, please contact the educational institution directly about your registration.

Please note that the deadline for applying for a course at a university or college is generally May 1st.

For MBO courses, the deadline is usually April 1st.

The deadline may be earlier for certain courses with additional requirements.  

The Dutch government brochure also provides information about studying at an institution of higher education in the Netherlands.  

Refugees from Ukraine can also follow a MBO course, but most MBO courses require a high level of Dutch.   

For the most recent information, see:  https://www.uaf.nl/en/oekraine/;Document: Can I rent a house?  

You can rent a house from private individuals.

In general, houses are expensive, because there is a large housing shortage in the Netherlands, especially in the larger cities.   

As a displaced person from Ukraine, you will receive living allowance when you stay at a shelter location, both in the municipal shelter and in the private shelter.

If you rent your own independent accommodation, you are no longer entitled to living allowance.  

Places where private homes are offered: Funda, AirBNB, Marktplaats website, Facebook groups per city (search for 'I'm looking for a home').   

For most recent information see: [RefugeeHelp](https://www.refugeehelp.nl/en/ukrainian-refugee/article/100045-permanent-housing)  and [renting a house](https://www.refugeehelp.nl/en/ukrainian-refugee/article/100047-this-is-what-you-need-to-arrange-if-you-rent-a-house)"
"I am undocumented and I have two children. They need to go to school but I am afraid to register them. Also, where can I get winter clothes for them? They are growing fast","Hello! I am Aidly, the HIA chatbot.

Regarding your children going to school: All children in the Netherlands have to attend school regardless of their residence status, including undocumented children. Children from the age of 4 can attend school, and they must go until they are 18 and have obtained a diploma. You can register your children at any school, and the school will decide on admission. There are also special intermediary classes to help children learn Dutch.

Even if you are undocumented, children under 18 have the right to attend school.

About your concern with registration: While you may be hesitant to register, please know that children have the right to education regardless of your status.

For winter clothes for your children: You can find clothing support through the Red Cross Helpful Information website, which provides an overview of clothing options available in different cities. You can visit https://helpfulinformation.redcross.nl/ for more information. There are also local initiatives and marketplaces where clothes are available for a small price.

If you want, I can help you find specific clothing support options in your area.

If you need more help or information, feel free to ask!","Document: Remaining Undocumented If you remain in the Netherlands without residency status you will become *undocumented*.

Undocumented persons do not have a right to housing, work or government subsidies.

However, you still have the right to necesarry medical care, judicial assistance and children under 18 have to right to attend school as well.  

You can choose to apply for asylum at any point with undocumented status.  

For more information you can reach out to the Red Cross helpline via Whatsapp here: https://wa.me/31614458781 or visit the Red Cross website Helpful Information: https://helpfulinformation.redcross.nl/;Document: Can my child go to school?  

All children in the Netherlands have to attend school, regardless of their residence status.

In principle, children from the age of 4 can already attend school.

In The Netherlands, children must go to school until they are 18 years old and have obtained a diploma.  

You can register your child at any school.

The school will decide if your child will be admitted.

There are special intermediary classes where children can first learn the Dutch language.  

For an information video made by the Red Cross see:  EN: https://youtu.be/ERDDxnwB4K4  UA: https://youtu.be/RSbzdPYOFPk

RUS: https://youtu.be/qwxgVeHB0Pk  

For the most recent information, see:  https://www.government.nl/topics/reception-of-refugees-from-ukraine/education  https://www.refugeehelp.nl/en/ukrainian-refugee/article/100007-education-for-children-from-ukraine-who-cannot-speak-dutch-yet;Document: Can my children finish primary or secondary school?

Is a minor still entitled to education during the departure period?

All children under 18 have the right to education, regardless of their status.

As long as they reside in the Netherlands and are enrolled in school, they can continue their education.      

Students who were already enrolled at a Dutch educational institution before 4 March 2024 according to the applicable rules will be allowed to complete their studies.

What is important   here is that there was lawful residence in the Netherlands   at the time of enrolment.

This does not discharge them from their obligation to leave the Netherlands.

Enrolment at a Dutch institution of higher education does not confer lawful residence.

Non-Ukrainians with a temporary residence permit in Ukraine who are not lawfully residing in the Netherlands on 4 March 2024 may not start a new course.;Document: What are the steps I should take to register a child travelling alone from Ukraine?  

Unaccompanied minor foreingers are children who are under the age of 18 when they arrive in the Netherlands, are under the age of 18 when they arrive in the Netherlands and came without their parents.   

Firstly, unaccompanied Ukrainian children should always be registered with the municipality (like all other refugees from Ukraine) so that they are inculded in the Basic Registration Persons (BRP) and do not get out of sight.  

When the municipality determines that a minor is unaccompanied, Nidos should be contacted immediately.

Then, Nidos does an intake with the minor, and if possible, remotely with parents.

Nidos assesses whether applying for temporary guardianship is appropriate.

The municipality can report the minor to Nidos via 088-5011885 or oekraine@nidos.nl.  

For all children, shelter must be arranged in the Netherlands.

Nidos is responsible for the shelter of unaccompanied minors.

Nidos arranges shelter in host families, preferably with the same cultural background.;Document: My municipality still hasn't arranged any participation for school for my children.

What should we do?  

Every municipality has its own tempo with fixing problems.

Somewhere it takes few days, in other cases it takes few weeks.

Anyway, your children will get the same rights for education as well as Dutch children do.

At the moment you can start with self-studying English and Dutch languages.   

Here we can advise you some of useful applications:  1.

Gramaro - the application has opened free access for a year for Ukrainians.

You can learn English grammar for free;   2.

LingQ - is a program for learning languages (46 available languages).

To get free access, you need to contact the support service and write that you are from Ukraine;   

3.

Drops - opened a premium for a year for Ukrainians.

Convenient and quick vocabulary learning (the most important thing if you went abroad);   4.

Busuu - opened access to a premium subscription for 3 months for Ukrainians. 13 languages available;   5.;Document: Can I register for the Basic Registration of Persons (BRP) when I do not have documents?  

Without documents you can currently not register for the BRP.   

When you have the Ukrainian nationality but cannot prove this with documents (ID or passport), you should contact the Ukrainian embassy in The Hague.

They may be able to get proof of your identity and nationality.

The embassy can issue an identifying certificate that can be used to register for the BRP at the municpality.   Children from Ukraine without proof of identification can be registered with their parents at the municipality.

In the absence of documents, parents can make a statement on oath establishing the identity of the children.

The children are then registered by the municipality together with the parents.   

Address Ukrainian Embassy:  Zeestraat 78, 2518 AD The Hague  Open from Monday to Friday between 09:00 and 13:00 Telephone: +31 (70) 360 72 18  Email: emb_nl@mfa.gov.ua.

https://netherlands.mfa.gov.ua/en   

For the most recent information see: https://ind.nl/en/ukraine/temporary-protection-directive-ukraine;Document: How can I register for Basic Registration of Persons (BRP)?  

You can register for the Basic Registration of Persons (BRP) at the municipality you are staying.   

When you register for the BRP at the municipality, your registration is automatically referred to the Immigration & Naturalization Service (IND).

The IND is responsible for the process that establishes your temporary protected status.

Refugees from Ukraine that are registered at the IND will receive temporary protection and are allowed to stay at least until 4 March 2027.

This might be extended to a maximum of 3 years.  

After registering with the municipality, you will receive a citizen service number (BSN).

You will need this number for health care, education, work and financial matters (for example, opening a bank account).

When you received your BSN, you can apply for a DigiD.

You can use this to access online government services.;Document: Who is responsible for the shelter of children travelling alone from Ukraine?

Children travelling alone from Ukraine also have to go to the municipality to get Temporary Protection.

They always have to get shelter right away.

The municipality has to call with Nidos.

Nidos then conducts an intake with the minor—and, where possible, remotely with the parents—to determine whether applying for temporary guardianship is appropriate.   

See for the most recent information:  https://www.nidos.nl/oekraine/  https://www.unicef.nl/ons-werk/noodhulp/oekraine/onbegeleide-kinderen-uit-oekraine;Document: Rotterdam (CLOSED!)  

Please note!

Due to overcrowding and insufficient capacity, the HUB in Rotterdam is closed for an indefinite period.

As an exception, this HUB will continue to assist Ukrainians with a connection to Rotterdam or the surrounding region.

For example, because your children already go to school here.  

address: Marten Meesweg 141B,  Rotterdam.  

e-mail opvang@rotterdam.nl.   

Openning times: - Monday to Tuesday: 10:00 -15:00  - Wednesday to Friday: 10:00 - 14:00  - Saturday & Sunday : closed   [Rotterdam website](https://www.rotterdam.nl/vluchtelingen-oekraine)  

Extra advice – ""Vraagwijzer"": You can visit the Vraagwijzer for free help and advice about administration, parenting, laws, money, or health.

There are several locations in the city, including the [Ukrainian House](https://www.wmoradar.nl/district/oekraiens-huis/) at Pleinweg 196A.;Document: Another host shelter You can look for a new host family.

You can do this through your social network or through various local initiatives.

It is important that you register in the Basic Registration of Persons (BRP) of the new municipality, or report the new address to the BRP if you stay in the same municipality.;Document: Visualization of Registration procedure  for refugees from Ukraine Here you can find a visualisation of the (offical) steps that displaced persons from Ukraine have to take after arrival in the Netherlands.  

[In Ukrainian](https://www.rijksoverheid.nl/binaries/rijksoverheid/documenten/brochures/2024/06/14/infographic-aanmeldprocedure-voor-vluchtelingen-uit-oekraine/Infographic+Aanmeldprocedure+Vluchtelingen+Oekraiens-2025.pdf)

[In English](https://www.rijksoverheid.nl/binaries/rijksoverheid/documenten/brochures/2024/06/14/infographic-aanmeldprocedure-voor-vluchtelingen-uit-oekraine/Infographic+Aanmeldprocedure+Vluchtelingen+Engels-2025.pdf);Document: You can use this to access online government services.   

For a step by step guide of what you should do if you have Temporary Protection, see: https://www.refugeehelp.nl/en/ukrainian-refugee/article/100040-this-is-what-you-should-do-if-you-have-temporary-protection  Please note: if you are staying in a municipal shelter, the municipality will contact you.

If you stay with people and want to register at this municipality, you need to register yourself.

In most cities this can be done at the city hall, but please check the website of your municpality.;Document: Can I register for the Basic Registration of Persons (BRP) when I fled from Ukraine but I have another nationality?  

This depends on whether you have a permanent residence permit.

Only displaced persons from Ukraine who are covered by the Temporary Protection Directive can register with the BRP.

As of July 19, non-Ukrainians with a temporary residence permit for Ukraine can no longer apply for temporary protection.

This means that if you have a temporary residence permit, you cannot register with the BRP.   

For the most recent information see: https://ind.nl/en/ukraine/temporary-protection-directive-ukraine;Document: How does the appointment to collect my proof of residency work and what do I have to fill in?  

At the pickup location, an IND staff member will check:  - your registration with the local council/municipality - your appointment code - your documents - whether you fall under the Temporary Protection Directive.  

You must fill in 2 IND forms during your appointment.

At the reception location you will find a translation of both forms into Ukrainian, Russian and English.

There are also employees who can help you fill in these forms.

They speak Ukrainian, Russian or English.   

Form 1: Asylum application (applicable for age => 15): The official asylum application (minors – together with parents on the form).  

Form 2: Antecedents certificate (applicable for age => 12): On this certificate, you state whether you have ever committed a punishable offence or crime.   

Because you are covered by the Temporary Protection Directive, your rights will be different to those of the standard asylum application.

You can work in the Netherlands immediately.

The IND will not assess your application for asylum while the directive is in force.

The directive will apply at least until 4 March 2027.;Document: https://www.refugeehelp.nl/en/ukrainian-refugee/article/100008-studying;Document: In order to obtain a valid BSN number for applying for a proof of residence, you must register in the BRP in your municipality   For more information see: https://eu-solidarity-ukraine.ec.europa.eu/information-people-fleeing-war-ukraine/fleeing-ukraine-your-rights-eu_en;Document: For more information in Ukrainian, see: https://open.overheid.nl/repository/ronl-4907d802ea0f813cf0ca978d64d3e64735a071ed/1/pdf/Kinderopvang%20voor%20vluchtelingen%20uit%20Oekra_ne%20_Ukrainian_.pdf;Document: Is daycare for my child for free?  

No, daycare is not free.

There are, however, a number of possibilities to receive a reimbursement through the city council.  

Toddlers are entitled to a certain number hours of free daycare or education.  

The city council can also give a family a so-called social medical indication (""SMI""), which can cover daycare costs if necessary.

The city council is responsible for assigning the indication.  

Research is done to find ways to make daycare more financially accessible for displaced persons from Ukraine working in the Netherlands.   

For an information video made by the Red Cross see:  

EN: https://youtu.be/ERDDxnwB4K4  UA: https://youtu.be/RSbzdPYOFPk  RUS: https://youtu.be/qwxgVeHB0Pk  

For the most recent information, see:  https://www.rijksoverheid.nl/onderwerpen/opvang-vluchtelingen-uit-oekraine/ondersteuning-in-nederland/kinderopvang;Document: My host family/friends/family where I am staying does not allow me to register myself, what should I do?  

It is very important to be registered at an adress in the Netherlands.

If you are not registered, you cannot get Temporary Protection.

If you registered on an adress before, got the Temporary Protection but deregistered lateron, you can lose the Temporary Protection status because it seems you left the country.

Also social benefits are connected to your adress.  

Hosts can register refugees from Ukraine without for example losing their social benefits.

Maybe your hosts are afraid it has negative effects on their own financial situation, but this is often not the case.   

If the host won't register the PA, it is best to refer the PA to a municipality shelter or advise them to find other housing where they can register.  

Always check with the PA how long he/she can still stay with the host family/friends/relatives and make sure PA won't be on the street.

If you think this is the case, refer the case to the TC.   

You can check if there is an organization in the town that you stay in that can give free legal advice about this issue (see category 'Administrative').;Document: Please note that your request may not be honored.  

Important: If you do change locations, you need to re-register with the municipality of your new address.;Document: How can I get support with clothes?  

The Red Cross Helpful Information website provides an overview of clothing options available in different cities.

You can always refer the PA to this website or share the list of options found there directly.  

https://helpfulinformation.redcross.nl/  For most recent information on initiatives that provide support in clothes or offer clothes for a small price see: https://www.refugeehelp.nl/en/marketplace;Document: Where can I get legal aid for children?  

Defence for Children stands up for the rights of all children, both at home and abroad.

Through their Children's Rights Helpline, they provide legal support to children whose rights are in danger of being violated.  

https://defenceforchildren.nl/contact/   

The Children's Ombudsman monitors whether the rights of children are respected by the government and other organisations in the Netherlands.

You can file a complaint if you have a problem with the government, your school or an organisation in the childcare, youth welfare or health sector.  

https://www.kinderombudsman.nl/en/netherlands-ombudsman-for-children   Also see https://eersterechtshulp.nl/ for all legal aid free of charge near you.;Document: Where can I get legal aid for children?  

Defence for Children stands up for the rights of all children, both at home and abroad.

Through their Children's Rights Helpline, they provide legal support to children whose rights are in danger of being violated.  

https://defenceforchildren.nl/contact/   

The Children's Ombudsman monitors whether the rights of children are respected by the government and other organisations in the Netherlands.

You can file a complaint if you have a problem with the government, your school or an organisation in the childcare, youth welfare or health sector.  

https://www.kinderombudsman.nl/en/netherlands-ombudsman-for-children   Also see https://eersterechtshulp.nl/  for all legal aid free of charge near you.;Document: What facilities should be available at a Crisis Emergency Shelter?

The following facilities must be present at a crisis emergency shelter: - Goods hygiene - Beds, mattresses, pillows, blankets, etc. - Marker materials, potester materials, printer, markers - Wifi (very strong network for residents) - Plenty of charging stations phones residents - Recreational activities - Clothes (seasonal) young and old - Cleaning supplies - Meals (or dining money) -

Access to medical care - Third party insurance  Based on Red Cross standards, the following are specifically added: - Clothing and shoes - Shower gel - Shampoo - Toothbrush & toothpaste - Menstural hygiene - Razor - Bath Towel - Hairbrush - Diapers - Space for children  For more information see:  - https://vng.nl/sites/default/files/2021-10/handreiking-crisisnoodopvang.pdf - https://wetten.overheid.nl/BWBR0017959/2022-01-01#HoofdstukIV;Document: Can I receive child benefit?  

If you are a displaced person from Ukraine, you are entitled to supplementary child benefit.

Child benefit is a financial contribution to help cover the costs of raising a child.

Whether you are eligible for a benefit and, if so, to what amount, depends on your situation.

If you have one or more children under the age of 18, you may be eligible for child benefit.

The amount you receive depends on the age of your child, not on your income.

You are only eligible for healthcare benefit and supplementary child benefit when you are working.

This is an additional condition for displaced persons from Ukraine.

Because you hold temporary protection status, you are allowed to work in the Netherlands.  

For most recent information see:  https://www.refugeehelp.nl/en/ukrainian-refugee/article/100264-allowances-when-you-have-children;Document: Access to medical care - Third party insurance - Living allowance (if asylum procedure has started) - Public transportation card - Education and development program - Payment of extraordinary expenses  Based on Red Cross standards, the following are specifically added: - Clothing and shoes - Locker - Night light - Shower gel - Shampoo - Toothbrush & toothpaste - Menstural hygiene - Razor - Bath Towel - Small towel - Hairbrush - Diapers - Baby lotion - Washing up liquid - Washing machine detergent - Space for children - Space for men - Space for women  For more information see:  - https://vng.nl/sites/default/files/2021-10/handreiking-crisisnoodopvang.pdf - https://wetten.overheid.nl/BWBR0017959/2022-01-01#HoofdstukIV;Document: What facilities should be available at an Emergency Shelter?

The following facilities must be present at a crisis emergency shelter: - Goods hygiene - Beds, mattresses, pillows, blankets, etc. - Marker materials, potester materials, printer, markers - Wifi (very strong network for residents) - Plenty of charging stations phones residents - Recreational activities - Clothes (seasonal) young and old - Cleaning supplies - Meals (or dining money) -;Document: My child needs a vaccine, where can I go?  

The vaccinations of the National Vaccination Programme for children are free.

These vaccinations can be obtained from the child health care centre, the GGD or other youth care institutions in your area.

The Dutch government is taking measures to increase the number of vaccinated people.   

A national overview of JGZ locations can be found on Zorgkaart Nederland: https://www.zorgkaartnederland.nl/jeugdgezondheidszorg;Document: Where can I find healthcare for my child?  

The JGZ (youth healthcare) is responsible for preventive care for children, including those of refugees.

The JGZ provides physical, cognitive and psychosocial screenings and provides vaccinations in accordance with the National Vaccination Programme.   

Displaced persons from the Ukraine in the Netherlands can make use of this care free of charge.

Please contact the youth healthcare department of the regional GGD or JGZ organisation.  

An overview of JGZ locations can be found on Zorgkaart Nederland: https://www.zorgkaartnederland.nl/jeugdgezondheidszorg;Document: MEE Municipalities and MEE, an association of 20 social service organizations, help people with special needs.

You will be assigned a social worker who will guide not only you or your child, but the whole family.   

Please note: not all help is free.

Some aid (for example orthopedic shoes or hearing aids) must be partially paid for yourself.   

For most recent information see: https://www.mee.nl/;Document: Nidos arranges shelter in host families, preferably with the same cultural background.   

See for the most recent information:  https://www.nidos.nl/oekraine/  https://www.unicef.nl/ons-werk/noodhulp/oekraine/onbegeleide-kinderen-uit-oekraine;Document: Website about financial support for Ukrainians during the war https://www.enableme.com.ua/ua/article/grosova-dopomoga-ukraincam-pid-cas-vijni-7738;Document: How can I get financial support while I'm in a public shelter?

You get your living allowance from the municipality where you are registered.

You receive the money in their bank account, on a money card, in cash or in goods.  

Living allowance may be payed out in kind by local authorities (for example when meals are offered).

As a result, it is possible that displaced persons in some municipalities receive (much) less living allowance.   

For most recent information see:  https://www.government.nl/topics/reception-of-refugees-from-ukraine/work-and-income;Document: How can I get food support?  

When you are staying in a public shelter, please approach someone from the shelter to ask where you can find additional food support.

You can also contact the Red Cross Food Program Helpdesk.

For all general questions, new applications, extension requests, etc, PA's can call/text/

WhatsApp them at +31 97010259797 (Mon-Fri 9:00 – 17:00).  

In municipalities all over the country Voedselbank Nederland (Food Bank Netherlands) distributes food parcels to displaced persons from Ukraine.

Too find out if you are eligible, please see: https://voedselbankennederland.nl/vertalingen/english/"
"I lost my job and got kicked out of my house because I could not pay rent. I am from Poland. I have been homeless for a couple of days, and need to shower and do laundry.","Hello, I am Aidly, the HIA chatbot. I'm sorry to hear about your situation.

Since you are from Poland and currently homeless, you may need to seek emergency shelter that provides essential facilities such as showers and laundry. Crisis emergency shelters typically offer hygiene goods, shower gel, shampoo, and access to washing machines with detergent. They also provide beds, clothes, meals, and medical care.

I recommend you contact local municipal shelters or organizations that provide crisis emergency shelter services. If you are in the Netherlands or planning to come here, you can visit the municipality office to apply for shelter and temporary protection. Shelters usually have facilities for showering and laundry.

If you need help finding shelter or support, please let me know your current location or country, and I can try to guide you further.","Document: What facilities should be available at a Crisis Emergency Shelter?

The following facilities must be present at a crisis emergency shelter: - Goods hygiene - Beds, mattresses, pillows, blankets, etc. - Marker materials, potester materials, printer, markers - Wifi (very strong network for residents) - Plenty of charging stations phones residents - Recreational activities - Clothes (seasonal) young and old - Cleaning supplies - Meals (or dining money) -

Access to medical care - Third party insurance  Based on Red Cross standards, the following are specifically added: - Clothing and shoes - Shower gel - Shampoo - Toothbrush & toothpaste - Menstural hygiene - Razor - Bath Towel - Hairbrush - Diapers - Space for children  For more information see:  - https://vng.nl/sites/default/files/2021-10/handreiking-crisisnoodopvang.pdf - https://wetten.overheid.nl/BWBR0017959/2022-01-01#HoofdstukIV;Document: You can use this to access online government services.   

For a step by step guide of what you should do if you have Temporary Protection, see: https://www.refugeehelp.nl/en/ukrainian-refugee/article/100040-this-is-what-you-should-do-if-you-have-temporary-protection  Please note: if you are staying in a municipal shelter, the municipality will contact you.

If you stay with people and want to register at this municipality, you need to register yourself.

In most cities this can be done at the city hall, but please check the website of your municpality.;Document: Access to medical care - Third party insurance - Living allowance (if asylum procedure has started) - Public transportation card - Education and development program - Payment of extraordinary expenses  Based on Red Cross standards, the following are specifically added: - Clothing and shoes - Locker - Night light - Shower gel - Shampoo - Toothbrush & toothpaste - Menstural hygiene - Razor - Bath Towel - Small towel - Hairbrush - Diapers - Baby lotion - Washing up liquid - Washing machine detergent - Space for children - Space for men - Space for women  For more information see:  - https://vng.nl/sites/default/files/2021-10/handreiking-crisisnoodopvang.pdf - https://wetten.overheid.nl/BWBR0017959/2022-01-01#HoofdstukIV;Document: Do I have to pay for shelter if I have an income?

Starting July 1st 2024, displaced people from Ukraine with a job or their own income must help pay for their reception in a municipality.

You will no longer receive a living allowance.   

Displaced people from Ukraine who have to pay:   -are 18 years old and above.

-are staying in a municipal shelter.    

And who:  -have a job; or -have unemployment benefits; or -have benefits because they are long-term sick or unable to work;  -or receive an allowance.   

Check the exact amount and rules on [RefugeeHelp](https://www.refugeehelp.nl/nl/ukrainian-refugee/article/100051-leefgeld-en-eigen-financiele-bijdrage-aan-de-opvang-als-je-gevlucht-bent-uit-oekraine);Document: Do I have to pay for shelter if I have an income?  

Starting July 1st 2024, displaced people from Ukraine with a job or their own income must help pay for their reception in a municipality.

You will no longer receive a living allowance.   

Check the exact amount and rules on [RefugeeHelp](https://www.refugeehelp.nl/nl/ukrainian-refugee/article/100051-leefgeld-en-eigen-financiele-bijdrage-aan-de-opvang-als-je-gevlucht-bent-uit-oekraine);Document: General Info and Basic Instructions for TP & shelter Links to the Red Cross Website  On the Red Cross Website you can now find updated information regarding the shelter process for Ukrainian refugees.

Click on the following links for the [English](https://www.rodekruis.nl/english-information/), [Ukrainian](https://www.rodekruis.nl/ukrainian/) and the [Russian](https://www.rodekruis.nl/russian/) version of this webpage.

You can always share these links with the PA as well.

See also below what the general explanation is.   

General Information  TP is valid until March 2027.

In principle, this means that displaced people from Ukraine should be helped during this time.

However, the housing situation is difficult, especially within municipal shelters.

Therefore:  1.

If PA does not need help with shelter, and can afford a place to stay (even for a few days): PA can look for a place themselves.

PA has to check if they can register at the accommodation and also at the municipality.  

2.

If PA needs help with finding shelter, please know that the situation is currently very difficult and becoming more restricted.   

3.;Document: What facilities should be available at an Emergency Shelter?

The following facilities must be present at a crisis emergency shelter: - Goods hygiene - Beds, mattresses, pillows, blankets, etc. - Marker materials, potester materials, printer, markers - Wifi (very strong network for residents) - Plenty of charging stations phones residents - Recreational activities - Clothes (seasonal) young and old - Cleaning supplies - Meals (or dining money) -;Document: Tips for Applying for Temporary Protection (Email, WhatsApp)

Please ask the  PAs to write a formal request to the municipality.  

Please do not just ""I need help"".

Please write and  explain that :   - This is Application for Temporary Protection, -

In need fo accommodation, (if applicable, include where you are staying currently and how long you can stay there) - Full Name, - Date of Birth, -

Date you left Ukraine ( to the EU or to NL), - Ukrainian documents ( photo of passport in attachement),  - Details of each person requesting help, including family relations, - Special needs, if applicable (e.g. medical conditions, senior citizens, unaccompanied minor..)

- Offer to provide more infromation if request by the municipality;Document: How can I get support with clothes?  

The Red Cross Helpful Information website provides an overview of clothing options available in different cities.

You can always refer the PA to this website or share the list of options found there directly.  

https://helpfulinformation.redcross.nl/  For most recent information on initiatives that provide support in clothes or offer clothes for a small price see: https://www.refugeehelp.nl/en/marketplace;Document: Can I rent a house?  

You can rent a house from private individuals.

In general, houses are expensive, because there is a large housing shortage in the Netherlands, especially in the larger cities.   

As a displaced person from Ukraine, you will receive living allowance when you stay at a shelter location, both in the municipal shelter and in the private shelter.

If you rent your own independent accommodation, you are no longer entitled to living allowance.  

Places where private homes are offered: Funda, AirBNB, Marktplaats website, Facebook groups per city (search for 'I'm looking for a home').   

For most recent information see: [RefugeeHelp](https://www.refugeehelp.nl/en/ukrainian-refugee/article/100045-permanent-housing)  and [renting a house](https://www.refugeehelp.nl/en/ukrainian-refugee/article/100047-this-is-what-you-need-to-arrange-if-you-rent-a-house);Document: Can I stay in the public shelter while I have a paid job?  

Displaced persons from Ukraine that are doing paid work may remain at the municipal reception centre.

However, you will have to pay a contribution.

You can also move to other accommodation, for instance with a host family, friends or family members, or at a hotel.  

For most recent information see: https://www.government.nl/topics/reception-of-refugees-from-ukraine/work-and-income;Document: What can I do when I am evicted or transferred from the shelter?

If the PA is entitled to a place at a municipal reception centre but was evicted or transferred to another shelter, collect information about the case.

How long did the PA stay there?

What was the reason for eviction?

Discuss the case with the Team Captain and forward PA also to the online consultation of RefugeeHelp: https://www.refugeehelp.nl/nl/ukrainian-refugee/appointment;Document: How can I get financial support while I'm in a public shelter?

You get your living allowance from the municipality where you are registered.

You receive the money in their bank account, on a money card, in cash or in goods.  

Living allowance may be payed out in kind by local authorities (for example when meals are offered).

As a result, it is possible that displaced persons in some municipalities receive (much) less living allowance.   

For most recent information see:  https://www.government.nl/topics/reception-of-refugees-from-ukraine/work-and-income;Document: Where can I find shelter when arriving in the Netherlands?  

Links to the Red Cross Website  On the Red Cross Website you can now find updated information regarding the shelter process for Ukrainian refugees.

Click on the following links for the [English](https://www.rodekruis.nl/english-information/), [Ukrainian](https://www.rodekruis.nl/ukrainian/) and the [Russian](https://www.rodekruis.nl/russian/) version of this webpage.

You can always share these links with the PA as well.

See also below what the general explanation is.   

General advice  If you want to apply for Temporary Protection and need help with a shelter place, visit a municipality (""gemeente"" in Dutch).

Municipalities register displaced Ukrainians and help find housing.

(Please check the latest Temporary Protection rules on [RefugeeHelp](https://www.refugeehelp.nl/ru/ukrainian-refugee/article/100187-chtoby-poluchit-vremennuyu-zashchitu-vy-dolzhny-sootvetstvovat-etim-usloviyam).);Document: Public shelter If you are covered by the Temporary Protection Directive, you keep your right to reception.

The reception is a joint responsibility of all Dutch municipalities and Safety Regions.

In the first place you report to the municipality in which you are registered with a request for a place in the municipal reception facilities.

If there is no room (or no longer any room), the 'registering municipality' will contact the safety region.

The safety region will see if there is a place available in the region.

If that is not the case, the safety region submits a request for trans-regional relocation to the KCIO (Ukraine Coordination Information Office).;Document: How can I get food support?  

When you are staying in a public shelter, please approach someone from the shelter to ask where you can find additional food support.

You can also contact the Red Cross Food Program Helpdesk.

For all general questions, new applications, extension requests, etc, PA's can call/text/

WhatsApp them at +31 97010259797 (Mon-Fri 9:00 – 17:00).  

In municipalities all over the country Voedselbank Nederland (Food Bank Netherlands) distributes food parcels to displaced persons from Ukraine.

Too find out if you are eligible, please see: https://voedselbankennederland.nl/vertalingen/english/;Document: List of organisations helping refugees in Ukraine and abroad https://www.phc.org.ua/news/perelik-organizaciy-scho-dopomagayut-bizhencyam-v-ukraini-ta-za-kordonom;Document: I have a complaint about the shelter.

Always check if the shelter is run by the Red Cross or not: https://helpfulinformation-faq.redcross.nl/ukraine/category-5/category-20   If it is run by the Red Cross then report this to the Team Captain and tell the person to fill in this form: https://www.rodekruis.nl/en/contact/complaints-or-suggestions/   If it is not run by the Red Cross, share the steps mentioned below with the person.   

Note: when answering to the client do not offer all 4 options at once.

For a first complaint message, you can suggest to the client only the first two options.

If afterwards you have a returning message from the client, then you can suggest to the client option number 3 and you can help find contact details of the municipality, and ask the client to write back to us again after this client receives the answer from the municipality.   

1.

First, address with situation with the management of the shelter.

Try to discuss things and find some compromise solution.  

2.;Document: Netherlands (but not Amsterdam/Utrecht/Swolgen/Heerevenveen/Rotterdam/Haarlem) General advise If you’re coming to the Netherlands with a Ukrainian passport/valid permanent Ukrainian residence permit and proof you left Ukraine after November 26, 2021, you have a right to Shelter & Temporary Protection.

To apply, visit the municipality office in the city where you will arrive.  

Please note that the housing situation here is challenging and becoming more restricted.

We recommend contacting us before you leave to get the latest updates.  

If possible, try to arrange accommodation on your own when arriving in the Netherlands.

Note that you need a local address (accommodation) to apply for temporary protection.   

Actions to take when general advise was not sufficient NO referrals for cases outside of the Netherlands.

Advise the PA to contact us upon arrival.   

Actions to take when general advise is not sufficient If the PA shares challenges in finding a place to stay, please consult with the Team Captain.;Document: I need medical treatment in the Netherlands and an I am abroad  Many people in Ukraine lack access to the medical care they need.

This can be for all kinds of diseases, like cancer treatment, but also for wounds caused by grenades, bullets or mines.   

For a detailed step-by-step guide on handling cases where PAs abroad want to come to the Netherlands, see below.  

## Important notes  - There are two main categories of people wanting to come to NL for medical treatment.

Always ask the PA about their goal of coming to the Netherlands:  1.

Coming to the Netherlands for temporary treatment and then returning to Ukraine: Since the start of the war, the EU has designed a standard procedure for Ukrainians in need of urgent medical care.

The patients must be applied by their doctor for one of the following programs: Medevac Coordination Center (Civil) or Medical Forces Command (Military).

EU countries (NL included) will receive these applications and can decide to accept the case, after which the patient will be brought to a medical hub in Poland and then transferred to the country that accepted."
